-3.96141e-34,1.05798e-42,3.82414e-42,15.9793,20.4014,0.564409,18.3889,19.8955,
4.44909e-05,0.00119809,0,0.000733179,-0.00338688,0,0.000716912,0.00181327,
0.00186045,-0.00276246,0.00066526,0.000292846,0.00917091,-0.00127611,-0.00117625,0.000557645,
-0.000228678,-0.000279533,-0.000948763,-0.00174006,-0.00222314,-0.00022175,-0.000804966,-0.00370284,
-0.00707062,-0.000713339,-0.000113017,-0.00513592,-0.00547873,0.00133325,-0.0004756,0.00276516,
-0.00382561,-0.000449859,0.000596598,-0.00406763,-0.0100856,0.00222466,0.00264538,0.00168748,
-0.00634249,0.00495075,-0.000341421,0.00534446,-0.00261152,0.00370145,0.000590942,0.000719649,
-0.0151633,-0.00393756,-0.00148948,-0.00180118,0.00848233,-0.00686249,-0.00180212,0.0104259,
-0.00758121,-0.00805064,-0.00283312,-0.00230313,-0.00222351,-0.00189363,0.00591685,-0.00534739,
0.0056044,-0.00639231,-0.000572627,-0.000938566,0.0134806,0.0156478,0.00638634,-0.00349345,
-0.0173289,-0.00414785,-0.0020148,-0.0152925,0.0110187,-0.000112072,0.0119406,-0.00423465,
-0.038313,0.0021335,-0.00254526,-0.00792922,-0.0140927,0.000718789,0.00183009,0.00485842,
0.0139481,0.0052818,0.00268975,-0.000916258,-0.00126518,-4.1196e-05,-0.00144865,-0.00518964,
-0.0284578,-0.00324384,-0.00968817,-0.00855684,0.00669411,0.000739136,0.00227078,-0.00545424,
0.00913661,-0.0105786,0.00290208,-0.00161271,0.0117679,-0.00151741,0.000122186,0.000888936,
-0.0047534,0.000814413,0.0012149,-0.00106106,-0.0203873,-0.00176828,-0.00130238,-0.0021633,
-0.0132471,-0.00234278,0.0018647,0.000317506,-0.00444401,0.00347468,-0.000697727,-0.000100727,
-0.0160873,-0.0085665,-0.000527597,0.00122002,0.00291591,0.00443483,0.00224238,-0.00081605,
0.0118289,-0.00101908,-0.00428482,0.00091495,0.00587115,0.000505034,-7.91984e-05,0.00101664,
0.0126496,0.00218457,-0.00204286,0.00170361,0.00517906,-0.00258465,-2.04919e-05,-0.00245533,
0.0125754,0.00142367,0.004447,0.00736974,0.00929159,-0.00147275,-0.00272404,-0.00194313,
0.00492519,0.00227886,-0.000981755,4.27912e-05,0.00114423,-0.000209065,-0.00086613,0.00047843,
0.00885247,0.000429713,-0.00133202,0.00279275,-0.000403431,-0.000810072,-0.00071709,-0.00162056,
0.000952485,0.00274005,2.71786e-05,0.000530759,-0.00511793,0.000642602,0,-0.000569887,
0.00604688,0.00116042,-0.000824045,0.000260856,-0.00443145,-0.00361769,-0.000436773,-0.00480117,
0.0135788,0.00232022,0.000501771,0.00344606,-0.00336434,0.001214,-0.00144961,-0.000318547,
-0.000574226,0.000144627,0.00356098,0.00296083,-0.00272345,-0.00307374,0.000463491,-0.000344056,
0.00447778,0.00228922,0.00250752,0.00233085,-0.00354095,-0.00115699,-0.00172519,-0.00428528,
0.00296535,-6.07775e-05,-0.00217341,0.00365649,-0.00679759,-0.00251275,-0.00131504,-0.0014862,
0.00739187,0.00369017,0.000426052,0.00540689,-0.00243763,-0.00159803,-0.00189568,0.00165174,
0.00261997,0.00030733,5.95945e-06,-0.0012143,0.00054948,-0.00121803,-0.00181425,4.90779e-05,
-0.00102297,0.00201604,0.00136127,0.00208297,0.00151693,-0.00159171,-0.0022232,-0.00211486,
0.00702275,0.000873736,0.000574807,-0.00195737,-0.00189963,-0.00528801,-0.000616405,0.00121718,
0.00330719,-0.00090537,0.00327654,0.00338111,-0.000946012,0,-0.000809087,0,
0.00649517,0.00132407,0.00101194,0.00328397,-0.0031374,-0.000812072,-0.000577914,0.00306264,
0.00832669,0.00117843,0.00255415,0.00256954,-0.00572823,-0.00166022,0.00088738,-0.00193726,
0.00818147,0.000136028,0.000466225,0,-0.00749747,-0.00430098,-0.000186187,-0.00100846,
0.00308633,0.000748322,0.00276489,0.00155622,-0.00341168,-0.000704209,0.00105602,-0.00392833,
0.00333258,0.00266169,0.00215967,0.00140306,0.00161491,0,0,-0.0013259,
0.00834741,-0.00238333,0.000406087,0.000809822,-0.010332,-0.00413318,-0.000956749,-0.00260143,
0.00597956,0.00189117,0.00408721,0.0017727,-0.00837354,-0.000401417,-0.00207075,0.000249722,
0.000118001,-0.000279651,0.00212605,0.00255757,-0.00275322,-0.000744659,-0.000853631,-0.00205925,
0.00503472,0.00160093,0.000314779,0.000484893,-0.00558883,0.000926766,-0.00030956,-0.00150716,
0.00666283,0.00211342,-0.000542533,-9.90688e-05,-0.000447232,-0.00205359,-0.00107325,-0.000983074,
0.00355119,0.000224304,-0.000327384,0.000115369,-0.0117581,-0.00405938,-6.8923e-05,0.000135027,
0.00101709,-0.000276737,-0.000579703,0.00069142,-0.00455241,0.00116386,0.00024565,-0.00266421,
-0.000488467,0.000909824,0.000542222,0.000560661,0.00110507,0.000468478,-0.00223957,-0.00131189,
0.00145961,0.0033932,0.000240147,-0.000655142,-0.00311445,0.00186016,-0.00146353,-0.000141246,
0.00529507,-0.000659411,0.0012017,0.000511929,-0.00470438,-0.00119768,0.000386782,0.000228023,
0.00456481,0.00105135,-0.00107088,0.000942087,-0.00768128,0.00085341,0.000693481,-0.000257343,
0.00407667,0.0015917,0.000925527,0.00848444,0.00436077,0.000687089,-8.9394e-05,-0.000981655,
0.012797,0.006604,0.0014574,0.00184457,0.000386695,0.0015402,-1.19454e-05,-0.00220328,
-0.00178954,0.00551453,0.000574617,0.0175836,0.00148422,-0.00364,-0.000521734,-0.000618679,
-0.00320369,0.00828053,0,0.0099061,-0.0002926,0.0091407,0.000700051,-0.000817195,
0.0111409,0.0088129,-0.000226058,-0.00123343,-0.00455305,0.00133564,0.00050262,0.00115747,
0.00350535,-0.0055509,-0.00163264,0.000792622,-0.00418227,-0.0038376,0.000965617,-0.00184291,
-0.00756545,0.0249574,-0.00023993,-0.00194959,0.00297843,-0.00167492,0.00160322,-0.000300886,
0.00563775,0.00560076,-0.00041982,-0.00240275,-0.00362572,-0.00256883,0.00236736,-0.00105433,
-0.0114546,0.0245557,-0.000704475,-0.00466271,0.00136813,0.000461687,0.00209104,-0.000121633,
-0.0117167,0.0217152,-0.00140045,-0.00604325,-0.00383828,0.00238145,0.00107368,0.00216598,
0.00732692,0.00349114,0.00182158,0.0329285,0.00193515,0.000984093,-2.21815e-05,0.00122833,
-0.000863763,0.0436855,0.0011559,0.0425086,-0.0012033,-0.00206599,-0.000929807,0.00059212,
0.00719793,0.0262779,5.12236e-05,-0.00015124,-0.00358827,0.00313823,-0.000786096,-0.00118912,
0.00626594,0.00448621,0.0015881,0.0152487,0.00837216,-0.002692,-2.78419e-06,-0.00131151,
0.00140841,-0.0217041,0.000959617,0.0118323,-0.0103248,-0.000396574,0.000552463,0.00120899,
0.00162092,-0.0157726,-0.000105123,0.0226647,0.00502181,-8.02574e-05,-0.000824416,0.00125795,
0.00980709,0.0264341,-0.00051752,0.0338854,-0.00584007,0.00166158,0.000583448,-0.00183044,
-0.00201149,0.00788774,0.00141653,-0.0120421,-0.00492558,0.000403442,0.000110838,-0.000420103,
0.00450764,0.0328467,0.00211779,-0.0048181,0.00568823,-0.000188546,-0.000138867,0.00126494,
-0.0021565,0.00703352,4.4005e-07,0.0127852,-0.0121234,-0.00246459,0.00101472,0.000979905,
0.000646469,-0.00755307,0.00129236,-0.00270666,-0.000480945,0.00400462,0.0004665,-0.000951882,
-0.000109899,0.0372881,-0.00151521,0.00757188,-0.00280461,0.00015627,-0.000439306,-0.000450324,
-0.00824803,0.00412998,0.000504239,0.0187598,-0.00111781,0.00307415,0.000433869,-0.00111478,
0.0133036,-0.00409864,0.000194861,0.00951196,0.00656606,-0.00159933,0.000917675,0.00118767,
-0.00579604,0.00218468,-0.000477451,0.00190544,-0.0102744,-0.00449856,0.0001686,-0.000440737,
-0.00412313,0.000237366,-0.00140666,-0.00219937,0.00382319,0,0.000612942,-0.00216285,
0.00771882,-0.00328475,-0.000796122,0.00223221,0.00190739,-0.00171237,0.000800715,0.00152458,
0.00415634,0.00110292,-0.000486079,-0.00350358,0.0141219,-0.000393137,0.000899324,-0.000947025,
0.00261118,0.00533416,-0.000297061,-0.000722778,-0.00289632,-0.000222317,-0.000353157,-0.000986948,
0.00326823,-0.00680999,0.000846791,0.0017735,-0.00799747,0.00095728,-0.0022238,-0.000591607,
-0.000408356,0.00149524,-0.000396083,-0.000976104,0.00389823,-0.00103269,-0.0003814,-0.000159823,
-0.00388678,-0.00441819,0.000917005,-0.00246841,-0.00645826,-0.000337106,0.000939363,-9.72851e-06,
0.00775212,0.00152446,0.000934336,0.00198993,-0.00790353,-0.00170308,-0.00103146,-0.00187545,
0.00318281,-0.00112463,-1.2577e-05,-0.00224469,0.00273431,-0.00144419,-0.00139919,-0.000686808,
0.0132913,0.00486083,0,0.000465159,-0.00522832,-0.00120315,-0.00132246,-0.00213728,
0.00581183,-0.00057717,0.000170435,0.0019923,-0.00110979,-0.00121482,-0.000571579,-0.00275438,
-0.00396364,0.00170422,0.00198881,-0.000113911,-0.00163843,-0.000803596,-0.0024448,-0.00207611,
-0.00564722,0.000183082,0.00122834,0.00223078,0.00150544,0,-0.00153684,0.000433668,
0.00293397,0.00212627,0.00268855,0.0019868,-0.00704862,-0.00482686,-0.000833865,5.15847e-05,
0.0101989,-0.00015069,0.00332644,0.00472678,-0.00910836,-0.00323342,-0.00127512,-0.00246537,
0.00686529,0.00406546,0.00100872,0.00212786,-0.0113117,-0.000791023,-0.00142571,-0.000365567,
0.00521713,0.000538122,0.00327071,0.00484334,-0.00816458,0.00112498,0.000539533,-0.00331681,
0.00425081,-2.6488e-05,0.000292051,0.00242911,-0.000448113,-0.00179788,-0.000776598,-0.0018325,
-0.00227532,0.00201457,0.000731883,0.00172683,-0.0140071,-0.00379985,-0.00154185,0,
0.0048554,0.00176943,0.00188751,-0.00296546,-0.0117938,-0.00397592,-0.000319168,0.000144628,
0.0060722,-0.000447738,0.00200195,-0.00280322,-0.00964039,-0.00312123,-3.83337e-05,-0.000475644,
0.00284356,-0.00103553,0.00116091,0.000783634,-0.00605939,-0.00153182,-0.00156257,-0.00380924,
-0.000816954,-0.00706137,0.00191942,0.00443211,-0.00905425,-0.000848429,-0.000235812,-0.00242259,
0.0121562,0.00439005,-0.000699813,-7.62329e-05,-8.86242e-05,-0.00047849,-0.00231,-0.00171947,
-0.000999754,-0.00129533,7.50708e-05,0.000155275,0.000997946,0.00109398,-0.00166813,0.00185634,
0.00107787,-0.00251983,0.000344557,-0.00156394,-0.00877348,-0.000948997,-0.00064028,-0.000589956,
-0.00131751,-0.00106096,0.000356572,0.00666739,0.000352965,0.0010989,-0.00140547,0.0027863,
0.00620089,-0.00138002,0.000774813,0.00352084,-0.00185583,-0.00388834,-0.00149242,-0.003887,
-0.005799,0.00171098,0,0.00232632,-0.00238569,-0.00477447,-0.000974965,-0.00528247,
0.00361409,0.00185692,0.000112158,-0.00208224,0.000726273,0.00287301,-0.00325599,0.000979277,
0.00125014,-0.00124832,-0.000526958,0.00360744,0.00118043,0.00173716,0.00168251,-0.00382861,
0.00951131,0.00125088,0.000752049,0.00527967,0.00277331,0,-0.00170871,-0.00245248,
-0.0020318,0.00169614,0.000942982,0.000175191,-0.0122951,0.00213696,-0.000941275,0.00180956,
0.00326181,0.000667541,0.000190243,-0.000821617,0.0137179,0.00229563,-0.000491843,0.00212964,
-0.00379655,0.00343989,0,0.00234838,-0.000429881,-0.0028361,0.00085068,-0.00136083,
-0.00294044,0.0013147,-0.000414474,-0.00376205,0.00619501,0.0035012,-0.00390735,-0.000720249,
-0.00397503,0.00214247,-0.00198334,0.00248238,-0.0109664,-0.00109653,0.00236349,0.00506428,
-0.00825456,0.00112567,-0.00533535,-0.00175711,0.0111331,-0.00129703,0.000157193,-0.00082671,
0.0228231,0.000196823,-0.00370869,-0.00995066,-0.00333636,-0.00157067,0,0.00147092,
-0.0243828,-0.00349181,-0.00196225,0.00192044,-0.00701023,-0.0030259,-0.000320605,0.00209132,
-0.00864384,-0.000924291,0.00146127,-0.00956601,0.0100583,0.00741131,-0.000688147,-0.00212382,
-0.000557344,0.00512847,-0.00313055,-0.00644263,-0.0014744,0.00944951,-0.0017884,0.00185013,
-0.0118301,-0.000339643,-0.00153215,-0.00499761,0.00147977,0.00370536,0.00209781,0.00311482,
-0.0034117,-0.00297504,0.00151252,0.00169201,-0.00651155,0.00357708,-0.00164132,0.00212741,
-0.0112218,-0.0026272,0.00253615,0.00614057,-0.000115538,-0.000233998,0.00108929,0.00164934,
-0.015473,0.00286702,0,-0.00578322,0.000313636,0.000197862,-0.000340573,-0.00164311,
0.0129732,-0.00545676,0.00345815,-0.00840393,-0.0133201,-0.00253065,0.00355388,-0.00164599,
0.0127817,0.00513249,-0.00188981,0.00418772,0.0038242,-0.00264185,-0.00172359,0.0014712,
-0.00633422,-0.00318261,-0.00406309,-0.000896473,-0.0128588,0.00354075,0.000865175,-0.00122137,
0.00576265,-0.00472775,-0.00384995,-0.00406683,0.0229961,0.000504041,0.00263513,0.00287541,
-0.0109972,-0.00528411,-3.37667e-05,-0.00300932,0.00225662,0,0.00250897,-0.000465414,
-0.019803,0.000595945,-0.0035925,-0.0023491,-0.012766,0.00176595,0.000197413,0.00906939,
-0.00361757,0.00206196,-0.000190039,0.00453559,0.0172964,0.0044801,0.000270491,0.00732679,
0.000567999,0.00198192,-0.00178137,0.000530939,0.0142837,-8.8828e-05,0.00409298,0.00209703,
0.00320314,-0.00537215,-0.000552119,-0.00315547,0.00683113,0.0015411,0.00380353,0.00409873,
-0.024523,-0.00225313,-0.00468103,0.00109487,0.0003173,0.00880725,-0.000767046,-0.00196399,
0.00841523,-0.00388714,0.00048625,-0.00211653,-5.5817e-05,0.00653477,0.00337844,0.00446196,
-0.016824,0.00186299,-0.00421617,-0.00523003,-0.00057029,0.000744732,-0.00373669,-0.00136517,
-0.0121848,-0.000623042,-0.00399946,-0.000294599,-0.00407229,-0.00259804,-0.00918396,0.00816496,
-0.000742978,0.00254151,-0.00184472,-0.0118023,0.0126535,0.00326085,-0.00188882,0.000707857,
-0.00223597,0.00131748,-0.00431217,-0.00328717,-0.00351578,-0.00321888,0.000970435,0.000621193,
-0.00814742,-0.00269013,-0.00180432,-0.0039284,0.0121758,0.00424082,0.00377422,-0.00437423,
0.00172627,0.0020243,-0.00351215,-0.0029403,0.00638515,-0.00105024,-0.000333622,-0.00154882,
-0.0033786,-0.000987464,-0.00448332,-0.000296663,-0.00738112,0.00186061,0.00343477,0.00436585,
0.00744695,0.000807473,-0.00238132,-0.00664586,0.00480795,-0.00639452,0.00113481,-0.00362494,
0.00500896,-0.000689417,0.00216718,0.000619688,0.011812,-0.00336985,3.34345e-07,-0.00325461,
-0.0114166,-0.000783752,0.00142184,-0.00546854,0.00622953,0.00585365,-0.00294519,0.00753425,
-0.000260991,0.00388897,-0.00245104,-0.00438925,0.00342468,0.00211421,0.0021802,-0.00246769,
0.0132341,-0.0042487,-0.00311793,0.00254779,-0.00454861,0.00161451,0.00162867,0.00271139,
0.00243967,0.00510062,-0.00614262,-0.00187944,-0.00759819,-0.00250589,0.00163935,-0.000413504,
-0.00389146,-3.13537e-05,0.0012806,0.000550686,-0.00436409,-0.00132501,-0.00113013,0.00173395,
0.00231938,0.0022486,0.00094157,0.00363101,-0.00423094,0.000809758,0,0.00021384,
-0.00298979,0.000568825,0.000406088,0.0022555,-0.00719106,0.00189707,-0.00321214,-0.00353243,
0.00155001,-0.000261131,0.00244651,-0.000552182,-0.0110192,-0.00226195,-0.000838588,0.00284694,
0.00472913,0.000444068,0.00109433,6.91482e-05,-0.00166517,-0.000841738,-0.000607948,-0.00293833,
-0.00100637,0.00112176,0.000563216,0.00245669,-0.000458653,-0.00317532,0.00017573,0.00279443,
0.00366792,0.000353501,0.000965722,0.00059177,0.00046307,0.000742567,-0.000397713,-0.000382951,
0.00823677,0.0029692,0.00223023,0.00116007,-0.00234145,-0.000645417,-0.000711506,-0.00109194,
0.00133949,0.00198887,0.0002895,0,0.00648992,-0.000110641,-0.0023486,-0.00222109,
0.00109533,0.00484393,0.00110031,0.00168548,-0.00929293,-0.00147008,-6.2063e-05,-0.00111953,
0.0038789,0.00108355,0.00635254,0.00101358,-0.00807514,-0.00401006,-0.0010264,-0.00281682,
0.00633434,0.00315997,0.00140788,-0.000433204,-0.00895466,-0.00448315,0.000425471,-0.00234163,
-0.0040228,0.00127308,-0.000863703,0.00219783,-0.0127493,0,-0.000156538,-0.00301527,
0.00836387,0.00420307,0.00193497,0.0050017,0.000772976,-0.0030618,-0.00138804,0,
0.00529136,0.00334782,0.00243494,0.00375317,-0.00598371,-0.00261208,0.000521037,-0.000690677,
0.00182321,0.00153873,0.00139883,0.00133414,-0.00598816,-0.00228798,-0.00201211,-0.00449532,
0.00390742,0.00389571,0.000650975,0,-0.00623915,-0.00134801,-0.00279116,-0.000124656,
0.00584117,0.0011883,0.000824315,0.00398611,-0.00300904,-0.00115565,-0.00283894,-0.0039242,
0.0022977,0.00257257,0.000594802,2.91048e-05,-0.00736509,-0.00177901,-0.00152545,-0.00499621,
0.00690763,0.000574874,0.00218033,-0.00175739,-0.00565192,-0.000933086,-0.00180211,0.00170962,
0.018681,-0.0009006,0.00111502,0.00325111,-0.0059796,-0.00151894,-0.000599022,0.00049954,
0.0021325,0.000417846,-1.17609e-05,-0.000711589,-0.000594281,-0.000206264,-2.74313e-05,-0.000700248,
0.0137491,0.00276191,0.00198508,-0.000304166,-0.000459642,-0.00222968,-0.000257309,0.000264007,
0.00297127,-0.00120841,0.00142329,0.00433692,-0.00375984,-0.00288541,0.000188297,0.00105529,
0.00803323,0.00265135,0.00199496,0.000412371,-0.0108715,-0.000316629,-0.000481557,0.000343396,
0.000474307,0.00626614,-0.000485915,0.00464631,0.00415245,0.00138163,-0.000497417,-0.00340763,
0.00502006,-0.000920752,0.000194879,0.00571503,-0.00372478,-0.00181312,-0.000247139,0.000323623,
0.00347108,0.0218304,0.000762737,0.0101967,0.00118777,0.000154039,-0.00026572,-0.00094958,
0.0033513,-0.00197002,2.45219e-05,0.00148266,-0.00403253,-0.00193071,-0.00111267,0.002124,
-0.00158149,0.0204337,0.00177353,0.0206212,-0.00143785,-0.00160197,-0.00146663,0.00187652,
0.00690943,0.0135719,0.00056309,0.00869944,0.00214531,0.000455216,0.000620398,0.00258681,
0.00462253,0.00880314,0.00459549,0.0168161,-0.0114562,-0.000332738,-0.000618097,0.0010873,
0.000969551,-0.00489215,0.00339766,-0.0171925,0.0061546,-0.000743868,-0.000146947,0.00245615,
0.00728439,0.0143233,0.0118816,0.0685233,-0.0004247,-0.000336327,-0.00135409,0.000990147,
0.00880787,-0.024318,0,0.0160399,0.00185872,0.00102046,-0.000505864,-0.00124172,
-0.00337147,0.00521876,0.00183702,-0.0337102,2.25602e-05,-0.000392199,-0.000822754,-0.00361144,
0.00108912,-0.0151111,-0.00176995,0.0279447,-0.00622168,0.000796181,0.0027402,0.000363148,
-0.0030058,0.0486449,-0.0039202,0.0594427,0.00204641,0.00338621,-0.000115832,0.000803515,
0.00301682,0.0440083,0.00404016,-0.0805347,-0.00129885,0.00268583,-4.56436e-05,-0.000140487,
0.00413955,-0.0860898,0.012243,-0.00124807,-0.0104906,0.00390882,0.00150684,0.00109409,
0.00911736,-0.0166193,0.00234289,0.0441113,-0.00122977,0.00315602,0.00130378,0.000618475,
0.00500794,-0.0671407,0.00110567,-0.0217037,-0.0116078,-0.00109195,0.00110725,-0.00318325,
-0.000964596,0.110328,0.00216203,0.0115445,0.0108868,0,-0.000628256,-0.000747693,
-0.00404815,-0.115405,-0.00160528,0.0761821,0.000625259,0.00357762,0.00102674,-0.000533234,
0.00593293,-0.00679671,0.00733863,-0.0464295,0.00338484,0.00647393,-0.001196,0.00149937,
0.00541745,-0.0270295,-0.00051005,-0.0328427,0.010932,-0.000381572,-0.00026138,0.000610797,
0.0103177,-0.0232943,-0.00141007,0.0800633,0.0040931,0.00154315,0.00159145,-0.000228845,
-0.00275128,0.0223683,-0.00241447,0.00607173,-0.00115913,-0.000330412,0.000682153,-0.00188964,
-0.00231609,-0.0529599,-0.008402,0.0160982,-0.00584487,-0.00262288,0.000419084,-0.00188714,
-0.00186614,0.0101697,0.00503697,-0.0176096,0.00408054,-0.00362413,3.50926e-05,-0.000505757,
0.00352796,0.0150732,0.00385173,-0.0234167,0.00141069,-0.00247632,0.00166493,-0.000530176,
0.00724918,0.0230789,-0.000928352,0.00246071,0.00123667,-0.00106129,-0.000638479,-0.00120132,
-0.00157147,-0.0103798,0.00530917,0.0268996,0.00365788,0.000587369,-0.00133083,0.000742531,
0.00500696,0.0167201,0.00537644,0.00447456,-0.00772466,0.00405889,0.000790663,-0.00162615,
0.00268978,-0.0067696,-0.00749492,0.00780581,-1.62707e-05,-0.00157009,0.000372263,0.00190578,
-0.00110675,-0.0181387,-0.000922658,-0.0268688,-0.00231768,-0.00200327,0.0015462,-0.000411616,
0.0023863,-0.00245686,-0.00154766,-0.0143188,-0.000592344,0.00223007,0.00144824,0.00152947,
-0.00538254,0.000931921,-0.000352,-0.0181424,-0.00698546,-0.00481074,0.000315916,-0.000357185,
0.00475015,-0.0216845,0.000208258,-0.0192218,-0.0066554,-0.00186026,-0.000711061,-0.00128696,
0.00668753,0.000232727,0.00185496,-0.00509153,-0.00712192,-0.0017919,0,0.000248013,
0.00706527,0.00458255,-0.00180479,-0.00434001,-0.00890077,0.000624655,-0.00128476,-0.00166,
-0.00174295,-0.00217473,-0.00239864,-0.00531432,-0.0019958,0.0028642,-0.00094925,-0.00304792,
-0.0062199,-0.00962367,-0.000441549,0.00399065,-0.00601342,-0.00105652,0.000371887,-0.00184349,
-0.00168392,0.000183008,0.000121176,-0.00129112,-0.00397699,-0.000935015,-0.000372456,-0.00018384,
0.00211766,0.00221674,0.00122113,0.00341809,-0.00366728,0.000279815,-0.000402831,9.64873e-05,
0.00577353,0.00107591,0.00197707,0.000560063,-0.00680087,-0.00112722,-0.00391229,-0.0016458,
0.00516323,0.000684415,0.000534858,-0.00891187,-0.00804412,3.99686e-05,-0.00247668,-0.00204802,
0.00411399,0.00304886,-0.00188739,0.0018512,-0.00182255,0.00107796,-0.00103405,-0.00294072,
0.00511407,0.00134379,-0.000446146,0.00858691,0.000444749,-0.000670406,-0.00346854,-0.00306863,
0.00961406,-0.00232546,0.00511645,0.00568197,-0.00777268,-0.00204553,-0.00130604,-0.00289348,
-0.000507392,0.0212908,0.0036576,-0.0043663,-0.00743813,-0.00320372,-0.000691835,-0.00421158,
0.0073037,0.0220484,0.00190221,0.00641472,-0.00518251,-0.00222056,-0.000985782,-0.00026408,
-0.0013577,0.0236388,0.00335653,0.00227799,-0.00302891,-0.000592934,-0.000840965,0.000226536,
0.003262,0.00856894,0.000573588,0.00546559,0,-0.000195488,-0.00213409,-7.61173e-05,
0.000232514,-0.00245026,0.00401135,0.00326788,-0.00235162,0.000131668,-0.000270056,4.2188e-05,
0.00354697,-0.000605747,-0.00132412,0.00472441,-0.000685491,0,-0.00189819,-0.000399979,
-0.000234529,0.00793487,-0.000570296,0.00624743,-0.00723158,-0.00209858,-0.0035361,-0.00845705,
-0.00124041,0.00200734,0.0024195,0.0232478,-0.00144982,0.000868546,-0.000402309,-0.00487331,
0.0063265,0.00375582,0.00227262,-0.0120233,0.000368228,-0.00600751,0.000117783,-0.00107974,
-0.00123193,-0.000297653,0.00466363,-9.0651e-05,-0.00944604,-0.00267372,-0.00140056,-0.00411787,
-9.12282e-05,0.000107317,0.0021014,-0.0129785,-0.00460875,-0.00118578,-0.000988206,-0.00100186,
-0.00377892,-0.00463484,-0.00166791,-0.0058997,-0.00368653,-0.00064031,0.00299354,0.002501,
-0.00682675,-0.00332524,0.00362532,-0.00959702,0.00469172,0.000354854,0.000308183,-0.00181689,
0.000595528,-0.0037282,0.0027487,-0.00849658,-0.00045016,0.0022131,0.00125058,-0.00094672,
-0.00649893,0.00311666,0.000549965,-0.000653498,-0.0102376,-0.00415728,0.00146006,0.000507375,
0.00208804,0.00394935,-0.00016302,0.00142947,0.0102406,-0.000498402,0.00043177,-0.0030874,
0.00313021,0.000844647,0.000987338,-0.00289636,-0.00790789,0.000766523,0.00504081,-0.00588957,
0.0057577,0.00167277,0.00132066,0.00117025,0.0144182,0.00183813,0.00129228,0,
-0.00676492,0.000798068,0.00129609,0.00694236,0.0152415,-0.00171938,0.00120004,-0.00163658,
0.00105293,0.000835637,4.36545e-05,0.0016934,0.0115814,-0.00079432,0.000864863,0.000210101,
-0.000390808,0.00205982,0.0020561,0.00703147,0.0093396,-0.00108725,0.00224599,0.00232644,
-0.00611944,0.00148093,0.00308421,-0.00322786,0.00684514,-0.00492339,0.00167025,-0.000754486,
0.00285937,0.00549723,0.000320761,-0.00287219,0.00373551,-0.00128271,0.00254632,0.00500259,
-0.0163639,-0.000901093,-0.00079959,-0.000338273,0.00586707,-0.00163462,0.00276781,-0.00628921,
0.00309148,-0.00362551,0,-0.00270825,0.00996745,0.000865387,0.00573654,-0.00323124,
0.00194808,-0.0015352,0.00122665,-0.00441108,0.0110602,-0.00107256,0.00133238,0.00508958,
-0.00203089,-0.000293661,-0.0019109,-0.00601843,0.000766388,-0.00108315,-0.000376751,-0.0011021,
-0.0180511,-0.000354718,0.00108695,-0.0165818,0.00610946,0.00554287,-0.00289434,0.00513827,
-0.00464441,-0.000282826,-0.00173108,-0.00496729,0.0149337,0.00112594,-0.0029201,-0.00164997,
-0.00641152,0.00175437,-0.00189425,-0.00446298,-0.00168149,0.00385674,-0.000208616,0.00265425,
-0.00334082,-0.00158866,-0.00657919,-0.00793486,-0.00821722,0.00180596,0.002864,0.00152977,
-0.00448309,-0.00795573,-0.00559759,0.00935849,-0.00260543,0.00193087,0.00206383,0.00535507,
-0.00208708,-0.0177873,0.00070818,0.000565067,0.00293081,-0.00245599,0.00454439,-0.00556077,
-0.0117105,-0.0128306,0.00356737,-0.00492691,0.00749299,-0.00060211,0.00230488,0.00280036,
0.00914043,-0.00342322,-0.00358353,-0.00784553,-0.00207004,-0.00464174,0.00435199,0.000577959,
-0.00816731,-0.00933049,-0.00450124,-0.00507949,0.0213626,0.00248215,-0.00280617,0.00747377,
-0.0053553,0.00176764,-0.00492319,-0.010121,0.00627187,0.00134448,0.00308782,-0.00250777,
0.00732992,0.00280456,-0.00188632,0.00301843,-0.00204597,0.00169356,0.00528467,-0.00104605,
-0.0105595,-0.00469006,0.00265032,-0.00465701,0.00979794,-0.0019278,0.00166334,-0.000599709,
-0.00511596,-0.00190654,-0.00374895,-0.0030471,0.0312355,0.0026407,-0.0009597,0.00358279,
-0.0131101,0.000392913,-0.00354998,4.67971e-05,0.0120129,0.00250685,0.000175364,-9.06073e-05,
-0.00838736,-0.00598816,0.00209626,0.000557647,0.0108829,-0.00278122,0.00449454,-0.0049416,
-0.00134391,0.00772899,0.00183474,-0.000625289,-0.0175961,0.000369159,-0.000579655,0.00751636,
0.00319682,-0.0074759,-0.00276918,0.00153122,0.00982059,0.00274269,0.00196972,0.00136688,
-0.00411614,0.000323005,-0.00321993,-0.00204966,0.000519608,0.00545687,0.00504997,0.0019484,
0.00223333,0.00148649,-0.00123875,0.000166188,-0.000320449,0.00228166,-0.000361065,0.00266269,
-0.0225543,0.000990087,0.00250486,-0.00353563,0.00421221,0.00205044,-0.0016947,0.00233169,
0.00483491,-0.000386,0.0011861,0.000743789,0.018623,0.000817164,0.00139041,0.00267459,
-0.00928113,0.00209269,0.000365991,-0.00139876,-0.00106213,-0.00272973,0.00384114,-0.00535454,
-0.00402281,-0.000284843,0.00126848,-0.00128635,-0.00230616,-0.00230163,0.00426421,-0.000363791,
-0.00157449,0.0013725,-0.00162574,0.0107448,0.0082113,0.00274267,0.00213803,-0.00219135,
0.000875555,-0.00194664,0.000740085,0.00121321,-0.00100025,-0.00120153,0.00209498,-0.00396125,
-0.00371984,8.19596e-05,0.000768482,-0.000741847,-0.00356886,-0.00243407,-4.52533e-05,0.00119602,
-0.00294702,-0.000207764,0.00184565,-0.00131096,-0.00387402,-0.00122635,-0.00147249,0,
0.00296679,0.00164002,-0.00113057,0.00143344,-0.00339686,-0.00274787,-0.00354487,0.000427894,
-0.00637783,0.000272744,0.000499699,-0.00241522,-0.000963012,8.23151e-05,0.000358065,-0.00181847,
-0.00165113,-0.000719135,-0.000341514,-0.00110571,0.00672464,-0.00111072,0.000381115,-0.0022287,
-0.00499444,-0.00068797,0.00227639,-0.00682024,-0.00370269,-0.00250341,0.000432826,-0.00088692,
-0.00243195,0.00257936,0.00207539,0.00216637,0.000893159,0.0014198,-0.000187886,0,
0.00376386,-0.00236588,0.000860709,-0.000502022,-0.00314672,0.0014979,-0.000953851,0.00412256,
0.00530989,-0.00110833,0.000534029,0.0012691,0.00631184,-0.000231689,0.000296477,-0.00717524,
-0.000874901,0.000582555,-0.000550809,0.000344282,-0.000335495,-0.00459149,0.0010633,-0.00420023,
0.00362325,0.000975929,0.0018562,0.00517042,0.00172296,-0.000848896,-0.00027078,0.00255322,
0.00402158,0.000339237,0.00262839,0.00224568,0.00226825,0.000536841,-0.00465337,-0.0013221,
0.00332546,0.00590192,0.000994244,0.00226809,-0.0101943,-5.81739e-06,-0.00263486,-0.00067034,
-0.000380621,0.0010651,0.00220619,0.00176314,-0.00299026,-0.00354968,0,0,
0.00369271,0.00309633,0.000982039,0.00301202,-0.00277171,0.000282031,-0.00284898,-0.000740104,
0,0.00595578,0.000940741,-0.000766728,-0.00557758,0.00288332,-0.000964968,-0.00259645,
0,0.000644566,0.000873447,0.00383168,0.00125761,-0.00686464,-0.000938788,0,
0.014702,-0.000915774,0.00103715,0.00050089,-0.000590394,0.00134357,0,-0.00218231,
0.0100327,0.00137911,0.00166161,0.000965664,-0.00529112,-0.00292339,-0.000515168,-0.0025345,
0.0104928,0.000266376,-0.000447714,0.000371102,-0.000402347,-0.00303053,-0.00026165,-0.0022863,
0.00545017,0.00318599,0.00171934,0.00399327,-0.00169629,0.00131733,0.000209716,0.000275158,
0.00870132,0.00336886,-0.000649127,0.00344778,-0.00549327,-0.0020063,-0.000363179,-0.0055532,
0.0074208,0.00125026,0.0010159,0.00165525,-0.003169,-0.00223739,-0.000782919,-0.00270865,
0.00390856,0.00331042,0.00174443,0.000738111,-0.00178657,-0.00115703,-0.000476871,-0.000682287,
0.00393772,0.00567569,-8.96138e-06,0.018367,-0.00660259,-0.000472443,0.000223607,-0.00135207,
0.00363813,0.00927693,0.00121288,0.0140702,-0.000219809,0.000393098,-0.0024613,-0.000643569,
0.00228538,-0.00882642,0.00125099,0.0471161,-0.000239114,-0.000241735,4.6982e-05,-0.00395899,
0.00377851,-0.0308841,9.67652e-06,0.0189445,-0.0025954,-0.00166253,-0.000107105,-0.00529705,
-0.00140151,-0.0323882,0.045135,0.0219522,-0.0121631,-0.00118466,0.000529687,-0.00152927,
0.00399918,0.0376045,0.00221372,0.00827541,0.000583889,0.000169469,0.000610579,0.0011794,
-0.00516602,-0.00602046,-0.000334734,-0.0344424,-0.00403973,-0.000117325,-0.000550522,-0.000218601,
0.00286807,0.0131148,0.00512162,-0.0194877,0.00506284,-0.00294661,0.000142443,-0.0012531,
0.00751858,-0.0407066,0.000639715,-0.00887256,-0.00069604,-0.00141571,0.000212515,-0.0007156,
0.00612873,0.0320103,-0.000260754,-0.0065009,-0.000411368,0.000231611,-0.000462377,0.00224691,
5.09596e-05,0.023561,0.00529315,0.00707593,-0.00658313,-0.00159258,-0.000839429,-0.000152088,
0.00948182,-0.139587,0.00821203,0.030101,-0.0103712,0.000545591,0.00143681,0.000218002,
0.00856931,-0.021705,0.00320071,0.129123,-0.00384424,-0.000684795,-0.000240518,0.000921954,
0.000908761,-0.00564266,-0.0103913,-0.000228229,-0.0036926,0.000375874,-0.00102578,0.000835648,
-0.00173513,-0.0200478,0.00984519,0.041518,0.00161054,0.00217289,0.00136721,0.000589767,
0.00395256,-0.084061,0.013615,-0.0178232,-0.00311479,0.00152915,0.000784776,-4.29292e-05,
0.00800641,0.179917,0.0270821,0.098608,0.00426363,0.000332974,-0.00102828,-9.72791e-05,
0.000129923,-0.0687658,0.0200993,-0.0135134,0.00728033,-0.000523148,0.00223913,-0.00155289,
0.00822458,-0.0163966,-0.00400703,-0.042307,0.00289594,0.000301403,0.00203117,0.000623168,
0.0114319,0.0620877,-0.0151551,-0.165695,0.00222961,-0.000119211,-0.000877998,0.000902165,
-0.00187137,-0.135656,0.00854446,0.0455836,-0.0103616,0.00232597,0.000559276,0.00445977,
-0.0035688,-0.0124852,0.0085128,-0.130493,0.00288592,-0.00144372,0.000823923,0.00196179,
0.00324445,-0.0446665,0.0122912,-0.0949363,-0.00948414,0.00259453,0.000633003,0.000941923,
0.00433778,0.12294,-0.0176097,-0.0235311,0.00115764,0.00249101,0.00014908,0.0027762,
-0.00567364,-0.028382,0.0177783,-0.116326,-0.00567623,-0.000447223,-0.00176668,0.000182533,
0.0120799,-0.0135632,0.0267932,-0.137967,-0.00836779,-0.00195568,-0.00064423,-0.00196128,
0.00372922,0.219295,-0.0251097,-0.0203726,-0.00697917,-0.000529588,0.00151636,0.00400428,
-0.00265252,-0.0514397,-0.0188533,0.104029,-0.00838822,-0.00109226,0.00128767,0.000113371,
-0.00154014,0.0278267,0.0273886,-0.0807194,0.000981425,0.00222417,0.000525014,0.00141104,
0.0125254,-0.000392254,0.0103143,-0.0203008,-0.00436379,0.000493827,0.000204453,-0.00237919,
0.00375405,0.0311356,0.000919073,0.0873155,0.00391807,-0.00112016,-0.000169825,0.00443735,
-0.00219968,-0.0510382,0.000953659,-0.142933,-0.00572539,0.00147409,-0.00104385,0,
-0.000811132,3.90224e-05,-0.00929015,0.0613027,0.00172332,-0.000528074,0.00195334,0.000182417,
-0.00268619,-0.0573414,0.00454913,-0.121745,-0.0013287,-0.000515358,0.000546412,0.000819564,
-0.00249078,0.00536558,-0.00410295,-0.0327563,-0.000228991,-0.00210209,-0.000142743,-0.000175554,
0.0018769,0.02256,-0.0075745,-0.102932,-0.00626012,0.000901683,-0.000415085,-0.00187166,
-0.00284188,0.00906386,-0.00519136,-0.0685294,0.000449495,0.00156038,-0.0012529,-0.00130849,
0.00468389,0.0238785,-0.00232242,-0.0138895,-0.0111936,0.000592838,-0.000979721,0.00266605,
0.00758969,0.0179705,-0.0122118,-0.0125659,-0.00492818,-0.00127179,0.000265755,-0.00179167,
0.00849793,0.00448351,0.00105106,-0.0389056,-0.00558199,-0.00292152,-0.000168698,-0.00295947,
0.00417553,-0.051323,-0.0155558,-0.0123206,-0.0103274,-0.0037207,-0.00183368,-0.00329544,
0.0025996,-0.0233298,0.00363513,-0.0415675,-0.00564714,-0.00108294,-0.00146895,-0.000596974,
0.00211229,-0.0495827,0.00476376,-0.0198803,0.00236119,0.000129286,-0.00145673,-0.00352456,
0.00236019,-0.016768,0.000399874,0.00544714,-0.00437105,0.000701525,-0.00179702,-0.00241158,
0.00695701,-0.00611119,0.000997692,0.00529472,-0.00187802,-0.00253681,0.000221222,-0.00426855,
0.000841259,0.00790624,0.00130882,-0.00423108,-0.00577095,-0.00327094,-0.000834193,-0.00195381,
0.00794334,-0.0205185,-0.00193637,-0.000573237,-0.000428119,-0.00331441,-0.001155,-0.00115075,
0.00660319,0.00153648,0.0039551,0.00356932,-0.00864909,-0.00150627,-0.00166626,0.000869024,
0.0116794,-0.000487548,0.0104165,0.0046065,-0.00713503,-0.00334397,-5.79506e-05,0.000444856,
0.0117896,-0.000977904,0.00819687,0.00460449,-0.00473248,-0.00211058,-0.000720421,-0.000674164,
0.00644173,0.00186641,0.000872204,0.00900859,-0.00573371,-0.000697169,-0.00191279,-0.0008086,
0.00377622,0.00643291,-0.0041796,0.0120558,-0.00386471,-0.00220754,0.000487191,-0.00397531,
0.00939395,0.00466993,-0.00366433,-0.0026846,-0.00769193,-0.00512436,-0.00214626,-0.000693855,
0.00560166,0.00374462,0.00702845,-0.015505,-0.00920019,-0.00211847,-0.00134338,0.00234209,
-0.000587448,-0.00364796,0.00141963,-0.0103866,-0.00749283,-0.00353769,-0.00326585,-8.29312e-05,
0,-0.0162661,0.000619433,0.00327123,0.000276428,-0.000337421,9.65548e-05,-0.00407976,
-0.000678907,-0.0117631,0.00068374,0.00900981,-0.00984332,-0.00269514,-0.00111474,3.63735e-05,
0.00357553,0.00814279,0.000659441,0.00649512,-0.000388905,-0.0017565,0,-0.000650884,
0.0051956,0.0102407,-0.00250049,-0.0042729,0.000449562,-0.00017623,-0.00213585,-0.0018257,
-0.00523192,0.00535265,-0.00130081,0.00781155,-0.00127542,-0.00468994,-0.000986098,-0.000557238,
0.00380645,0.00205694,-0.00188988,-0.00711144,0.000595373,-0.00154651,-0.000609128,-0.00358482,
0.00506187,0.00907495,-0.00637707,0.00833444,0.000187391,-0.00166483,3.33631e-05,-0.00684291,
0.00282595,0.00335038,0.000518285,-0.014879,-0.00173309,-0.000779343,0.00177727,-0.00468461,
0.0042296,-0.0104359,-0.00345899,-0.0157481,0.00164603,0.000286098,0.000687732,-0.000288998,
0.00170062,-0.00619137,0.000610081,-0.00226335,-0.00614223,0.00118075,-0.00161593,-0.00333233,
0.0102517,-0.0124317,0.00188063,0.000891058,0.00138298,0.000975219,-0.00101845,0,
-0.000932964,0.000478934,-0.000903485,0.00203389,-0.00243167,-2.88282e-05,0,0.00527869,
-0.0182831,0.00583665,-0.000472384,-0.00495251,0.00226475,-0.00546231,-0.00280757,-0.000748409,
-0.00757481,0.00299066,0.00595392,-0.000551345,0.00138636,0.00128855,0.00033556,0.00122538,
0.00799966,-0.000666883,-0.00300856,-0.000434476,0.00140689,-0.00128918,-0.000831947,0.00303618,
-0.0107388,-0.0116523,-0.00132177,0.00375623,-0.00283612,-0.00157899,0.00100044,0.00299353,
-0.00178339,0.00119255,-0.000168103,0.00201093,-0.00540509,-0.000583894,0.00309937,-0.000283483,
-0.00345703,-0.00190103,-0.00064477,0.00722317,0.0046232,0.00106657,-0.000324068,0.000293472,
-0.0121853,-0.00211154,0.00190637,-0.00360775,0.000490408,-0.00233696,0.00131953,0.00273607,
-0.00714563,0.00108695,-0.00195832,-0.000625424,-0.00147562,-0.00607783,0.00258944,0.00939994,
-0.0140564,-0.00501247,-0.00113837,0.00456363,0.00526429,0.00612055,-1.17153e-05,-0.00482979,
-0.00606028,-0.00259622,0.00246402,0.0022709,0.00907319,0.000943242,-0.00235907,-0.000390189,
0.00426964,0.00183974,0.000179447,-0.000192698,0.0130098,0.00451571,0.00433064,-0.000332762,
-0.00534361,0.00529321,-0.000189522,-0.00406983,-0.0151664,-0.00233132,0.00145837,4.93547e-05,
-0.00566697,0.00177434,0.00159394,0.0066859,0.0227796,0.000399274,-0.00289395,-0.00445695,
-0.00182145,0.00205649,0.00228036,-0.00953218,0.000643774,0.00419994,0.000699012,0.00243056,
-0.00361422,-0.00198093,-0.00238191,-0.0296007,0.0111757,0.000829639,0.00369009,-0.000748417,
0.00864471,0.0063212,-0.004496,-0.00115219,0.0196178,-0.0105817,0.00031749,-0.0013017,
0.00134518,-0.00656855,-0.00405279,0.0215633,0.00526452,-0.00247596,0.000261059,-0.00362124,
0.0132858,-0.0145474,0.00762286,-0.00435441,-0.00170172,0.000510603,0.0025217,0.00717933,
0.0095843,-0.00290051,-0.00575504,-0.0110293,-0.0193782,0.000366929,0.00370776,-0.00197355,
-2.36618e-05,0.00199625,-0.0103082,-0.00351075,-0.000846887,0.00214424,-0.000324803,0.000674634,
-0.00930172,0.00775331,-0.00167452,-0.0141959,-0.0116398,0.00208672,-0.00441751,-0.00216392,
0.00407792,-0.000403597,-0.00120729,0.00928329,0.0036782,-0.00333602,0.00105931,0.00538505,
0.0162029,-0.0102965,-0.00468522,-0.00375155,0.00713392,0.00350904,0.00197348,-0.0010719,
-0.0253385,0.0111844,0.000402724,-0.00293575,0.0123317,0.00401495,-0.00164771,-0.00183759,
0.0141666,0.00353276,-0.00345428,-0.000147369,0.00844805,0.00505659,-0.00268088,-0.000130999,
0.0111281,-0.00901888,-0.000807575,-0.000919058,-0.000651477,0.0025204,0.00197356,-0.00224093,
-0.00203135,0.00211439,0.00110557,-1.26994e-05,0.020736,-0.00250663,-0.00185517,-0.000878323,
-0.00983089,-0.00488992,-0.00683613,0.00148488,0.00578944,0.00524602,0.00555362,0.00165521,
-0.0161055,-0.00553099,-0.00420723,-0.00150214,0.0154676,0.00288892,-0.000312404,0.013704,
-0.0046299,0.00221917,-0.00409279,-0.00205211,-0.0045088,-0.000509847,-0.000821832,0.00599885,
-0.00762842,0.000297287,-0.00315863,-0.00068208,0.0037301,0.00838991,0.00308376,-0.00283722,
-0.00125506,0.00471789,0.00406654,0.00062298,0.0151298,-0.00389617,-0.00249216,-0.00413701,
-0.0156836,-0.000389562,0.00219124,-0.000295541,0.0018617,0.000758177,-0.001767,-0.00402074,
0.00490478,0.00283814,6.59331e-05,0.00218917,0.0153698,-0.00267843,0.00472478,0.00400743,
0.0148661,0.00167798,-0.00144459,-0.00389482,-0.00637563,-0.00232312,0.00280647,-0.000913521,
0.00171768,0.00178595,-0.00122299,-0.0013726,0.0159596,-0.000395228,0.000248362,0.00146345,
-0.0160348,0.00296959,0.000966835,-0.00539701,0.00250812,0.000459451,-0.000720792,-0.00344972,
0.00159621,-0.000409583,0.00109189,0.00409494,0.00488825,0.00133428,0.000542135,-0.000607249,
0.00348306,0.00205387,0.000708358,0.000435703,0.0114561,-0.00132472,0.0012953,-0.0045444,
0.00588871,0.000156852,0.000413713,0.00136951,0.00281798,-0.00176568,9.73802e-05,-0.00139201,
0.00339557,-0.000439527,-7.65564e-05,0.00139529,0.00809035,-0.00189684,-0.00110024,-0.0048974,
-0.000546366,0.00433078,0.00312756,0.00203322,-0.000404491,-0.0018376,0.000624644,0.00234134,
0.00489201,-0.000770267,0.00206915,-0.00218867,-0.0137913,0,8.08987e-05,-0.000606921,
-0.00105935,-0.00114522,-0.00112585,0.00115304,-0.000740913,-0.00146891,-0.00173741,-0.000239071,
-0.000313127,0.00208957,0.00219894,-0.000573704,-0.000751248,-0.00167672,-0.000137472,-0.00180683,
0,0.00197401,0.000136797,0.00516922,-0.00167695,0,0.00202308,0,
0.00126909,0.000750439,0.000399355,0,-0.00483868,-0.00191652,0.000324696,-0.00212945,
-0.00177577,0.000995662,0.000792421,0.00122496,-0.00575766,0.000471295,-0.00179822,-0.00438767,
-0.000651741,0.00177139,-0.00120783,0.00280749,-0.00072428,-0.000884724,-0.00126489,0,
0.0059031,0.00350649,6.02965e-05,0.00167282,-0.00568142,-0.000383622,-0.00033629,-0.0027553,
0,0.000486251,0.00283567,0.00254751,0,-0.00108041,-0.0016883,0.00142408,
0.00805022,0.00162681,0.00200668,0.00449948,0.000171308,-0.00177671,-0.00260031,0.000416647,
0.00527966,0.00202829,0.000650271,0.00362803,-0.00550931,-0.00182179,-4.56184e-05,-0.000762298,
0.00568157,0.00277261,0.000564287,-0.00111356,0.00289975,-0.000669229,-0.00169244,-0.00125084,
-0.00284934,0.0178947,0.00184477,0.00718519,-0.00726307,-0.00311691,-0.00193345,-0.00281083,
0.00111583,0.000938922,-0.000137834,-0.0162371,0.00297395,-0.00212687,-0.0021372,-0.00346149,
0.0112894,-0.00908831,0.000805694,-0.00154919,-0.00274727,-0.000366523,-0.00238432,-0.000639358,
0.00379364,-0.0159256,0.000532338,-0.000443835,4.11092e-05,-0.0011589,-0.00215958,-0.00541332,
0.00453055,-0.00556716,0.000469421,-0.0225807,-0.00599526,-0.00141892,-0.000971397,-0.00264529,
0.00162093,0.0270309,0.0266824,-0.0407264,-0.00708845,-0.00395344,-0.0003448,-8.58396e-05,
-0.00686008,0.00346764,0.000234959,-0.0574185,-0.00385338,-0.00116082,-0.0016227,0.0014377,
0.000589556,-0.0523123,-0.00221612,0.0387039,-0.00542238,-0.00264111,-0.00260447,-0.00248358,
0.00673913,-0.0252534,0.000746003,-0.0360375,-0.0044217,-0.000955631,-0.002302,-0.00151148,
-0.00451752,-0.054811,0.0166813,-0.0223883,-0.00144689,-0.00299473,-7.6194e-05,-0.00273302,
0.0117897,0.0421315,-0.00180869,0.164089,-3.44259e-05,-0.00257227,0.00034158,-0.0019011,
0.00682873,-0.0872097,0.00639175,-0.120857,0.00308372,-0.00156238,0.000385423,-0.000271908,
0.0100747,0.0549664,0.00377197,-0.118416,-0.00164267,-0.00178811,-0.00121542,0.000104693,
0.0017769,0.141077,0.0239613,0.00461103,-0.0011131,-0.00141401,0.000132535,-0.00133289,
0.00762908,-0.0553505,0.00975647,0.140524,-0.00519843,-0.000466903,-0.00212594,-0.0017841,
0.010367,-0.0674593,-0.0200304,0.0984441,0.00297943,-0.00216372,-0.000924593,0.00274004,
-0.00888329,0.0585903,0.038657,-0.110775,-0.00326343,0.000524186,0.00150138,-0.00113883,
0.00742324,-0.0496472,-0.00255432,-0.00806704,0.00340403,0.00143552,0.000484295,2.50587e-05,
-0.000888673,0.0162944,-0.0169521,-0.0608375,0.00158795,0.00610202,0.00117566,0.00137817,
-0.0118744,-0.0412649,-0.032991,0.100811,0.00449989,0.00391512,-0.000974305,-0.00213987,
-0.000577669,-0.0226316,0.0271576,-0.120393,0.00139876,0.00316946,2.08513e-05,0.00136561,
0.0113207,-0.0354235,-0.00332469,-0.24058,-0.00108443,-0.000461376,0.00105635,-0.000154892,
0.014688,-0.160553,4.82425e-07,0.03999,-0.0116487,-0.00135357,-0.000448585,0.00170637,
0.00740323,-0.00164913,-0.0054087,-0.108741,-0.00776252,0.000926878,-0.000204834,0.000738207,
-0.00438783,0.100724,0.0329247,-0.166084,-0.00431099,-0.000641993,0.000918714,0.00335076,
-0.00322622,-0.0751891,-0.0162679,-0.106894,-0.00693603,0.00238353,0.000806247,-0.000813442,
-0.00158113,-0.0395305,-0.0164738,-3.47634e-05,-0.00505951,-0.00346275,2.47579e-05,-0.00246425,
-0.00534593,0.0277426,-0.0347428,-0.157424,0.00569196,0.0052578,-0.000863104,0.000437946,
-0.00138452,-0.0741744,-0.0643324,0.00666674,-0.013284,0.00161348,0.000300776,0.00469661,
0.00215235,0.0239137,-0.00944951,-0.0082849,-0.0071695,0.00199139,-0.00034692,-0.00360547,
-0.0025685,0.0765165,0.0231084,-0.119215,0.0171381,0.00409375,-0.000579035,0.00223325,
0.00343307,-0.0582971,0.0269177,-0.035303,0.00158248,-0.00105983,-0.00197182,0.00221671,
0.0039163,-0.00936416,-0.0589868,0.0552655,0.000651815,0.00125978,-0.00260804,0.000551425,
-0.00239907,-0.0191993,0.0423389,-0.0748444,0.00419144,4.25126e-05,0.000252729,0.0003681,
0.00503793,0.058449,-0.0297,-0.0400982,-0.00128181,0.000864125,-0.000723715,-0.000173809,
-0.0036945,-0.0962592,-0.0246992,-0.048423,0.00621046,-0.00147923,0.00055272,-0.00123439,
0.00929532,0.0821358,-0.0114927,0.0747052,0.00397634,0.0012419,-0.000595317,-5.15574e-05,
-0.0229583,-0.00295682,-0.0161554,-0.043397,0.00153387,0.00175999,9.35337e-05,-0.000514593,
-0.000297784,-0.0452884,-0.0311382,-0.0733908,-0.00993086,-0.00475644,-0.000651781,-0.000963239,
-0.00393573,0.0793992,0.00326851,-0.0580127,-0.0014962,0.000952157,0.000705995,0.0011679,
-0.00772618,-0.0115941,-0.0172794,-0.0592653,-0.00210918,-0.00316694,0.000388725,-0.00182139,
-0.00479596,-0.0731175,-0.01833,-0.190952,-0.00775155,-0.00123682,-0.000794223,-0.00125127,
-0.0133742,-0.0865743,0.0039348,-0.0709307,0.00363093,-0.00129472,0.00073551,-0.00297198,
0.0140493,-0.0995823,-0.00422279,-0.0560162,-0.00655538,-0.00153871,-0.00100443,-0.00209668,
0.0114364,-0.0802453,-0.0158039,-0.0163834,0.00177642,-0.00275021,-0.00123136,-0.00102605,
0.00277,-0.0180556,0.00997788,-0.0670714,-0.00101859,-0.0010945,-0.000932077,-0.0020215,
-0.00847367,0.00505105,-0.00972275,-0.0427632,-0.000295983,-0.00357197,-0.000110243,0.00121281,
0.0138025,-0.0790441,9.11259e-05,-0.037879,-0.000303391,-0.000875212,-0.000113496,-0.00359478,
0.0111005,0.00647262,-0.00612914,-0.00122188,-0.00772733,-0.0016498,-0.00116391,-0.00412248,
0.00176053,-0.0162871,-0.0156779,-0.005814,-0.00738601,-0.0046788,-0.000910987,0.00262761,
-0.00447204,0.00355302,-0.000519031,-0.00475739,0.00114278,-0.00169958,-0.0020298,-0.000871766,
-0.00334017,-0.0098392,0.00231092,-0.00616138,-0.00374235,-0.000981218,-0.00249937,-0.00217174,
0.00794973,-0.00228973,0.00364657,-0.0207382,-0.000603082,-0.000319391,-0.00128288,-5.21901e-05,
0.0061656,0.00983679,0.00465928,-0.0110966,-0.00266899,-0.00154957,-0.00173798,-7.12869e-05,
0.00541579,0.00310895,0.000699658,0.00567903,-0.00693339,-0.00143247,-0.00364809,-0.000516368,
0.0050788,-0.000992691,0.0105259,0.00416551,-0.00418179,-0.00367331,-0.000455742,-0.000692111,
-0.00588434,0.00214517,-0.000474005,-0.00876886,0.000262764,-0.0022994,-0.000805946,-0.00130908,
-0.00262216,-0.00717382,0.00894111,0.00234149,-0.00385639,0,0.00128632,0.000462607,
0.00369069,-0.00119608,-0.00106307,-0.00774995,0,-0.00197472,0.000464415,-0.00209275,
0.00534362,-0.0230879,9.86503e-07,0.000781031,-0.00397076,-0.00248656,-0.00145905,0.00227051,
0.00464285,-0.00676175,0.0108542,0.0152094,-0.00814069,0.000513721,-0.000826642,-0.00204123,
0.00703691,0.00713909,-0.00523549,0.00771489,-0.00276337,-0.000461419,0.00142163,-0.00165531,
-0.00320928,-0.00228136,-0.00205116,0.0165744,-0.00573431,-0.00466291,-0.000908811,-0.00425114,
0.00370415,0.0074139,0.002978,-0.00271504,0.00118125,0.0015047,7.71691e-05,0.00135108,
-0.000183295,-0.00670129,0.00227746,0.00355882,-0.000348247,-0.00168077,-3.38934e-06,0.000568508,
0.000184804,0.00522358,0.00175041,0.00889922,0.00339834,-0.00506076,-0.000386863,-0.000142845,
-0.00115871,-0.000434981,0.000112059,0.00106472,-0.00446189,-0.00130683,-0.000693244,-0.00269067,
-0.00324937,0.00381536,0.00284371,0.000459883,0.00122425,-0.000397733,-0.000432896,-0.00108494,
0.00452425,-0.00888875,0,-0.00305076,0.00989327,-0.00302675,0.000867546,0.000714344,
-0.000456666,0.00520286,-0.00321664,-0.00574961,0.0199055,-0.00172816,0.00159735,-0.000897918,
0.00439207,-0.0199774,-0.0116579,-0.017833,-0.00347769,-0.00113516,0.000149103,0.00357169,
-0.00911619,-0.00568222,0.00152289,-0.00649043,0.00593127,-0.00329283,-0.00057378,0.00333135,
0.00271119,0.0172317,-0.00721481,0.0107169,-0.0115568,0.00278382,-0.00101954,0.00307658,
-0.00139373,-0.00845798,-0.00777081,0.000859409,0.00010463,-0.00421438,0.000350745,0.00128096,
0.0035515,-0.00671145,-0.00295786,-0.0102464,0.0136237,0.00141406,0.00148075,-0.00265317,
-0.00887036,-0.0159482,-0.000762378,0.0030484,0.00182491,0.000486023,-0.0017159,0.00740103,
-0.00350848,-0.0087536,-0.00312235,0.00118915,0.00347758,0.00515003,0.00123305,0.00178005,
-0.00105921,-0.00311097,0.000579609,-0.000662772,-0.0111621,-0.00251293,0.00238128,0.000613365,
0.00615584,-0.00761152,-0.000263693,-0.00286393,0.0067759,0.00492076,0.00481706,0.000760086,
-0.0149421,0.00136869,-0.00211711,0.00578759,-0.00100169,0.00525928,0.00399404,-0.00250325,
-0.000106532,-0.00080127,0.00029421,0.000347453,0.0254058,-0.000261033,0.000974979,0.00476645,
0.00139761,0.0054568,-0.00204074,-0.00159264,0.00966376,0.000575833,0.00213321,0.00803225,
-0.00104492,-0.00714151,-0.000670776,0.000682931,-0.000875896,0.0014684,0.00792502,0.00244009,
-0.0251674,-0.0015373,-0.00107584,0.0128798,0.00711066,0.00279723,0.00398401,0.00571702,
0.00156119,0.00398028,0.000262358,-7.61861e-05,-0.0127447,-0.00186157,0.0115717,0.00304372,
-0.00834537,-6.88662e-05,0.00399806,-0.00640426,0.0104144,-0.00243984,-0.000688506,-0.00271395,
-0.0108985,-0.00162074,-0.000870768,-0.00734574,0.013526,0.00187925,0.00472428,0.00356711,
-0.00653307,0.000354564,-0.00246877,0.00346451,0.00431675,0.00530311,-0.00228839,0.00433793,
-0.0334376,-0.000618229,0.00141583,0.00684781,-0.00347183,0.00102418,0.000997284,0.000282666,
-0.0176123,-0.00121778,-0.00971941,0.0261873,0.00331627,0.00795514,0.000950037,-0.00183335,
-0.0141729,0.00454667,-8.01382e-05,-0.0015697,0.00826604,0.0015796,-0.0034138,-0.00288856,
0.00324053,0.00304382,-0.00636933,0.0133336,0.00564801,0.000407005,-0.00327042,0.00666723,
-0.000426962,-0.00267925,0.000492271,-0.0046566,-0.00346125,0.0091314,0.00346058,-0.00424723,
-0.0332549,-0.00655287,0.00409662,0.0148501,0.0061406,-0.00161382,0.00196243,0.000217907,
-0.0106283,-0.00703974,0.00618342,0.00439958,0.0229971,0.0014182,0.00176345,-0.00254989,
0.0169162,-0.0117752,0.00290389,-0.00129261,0.0101551,0.00736657,0.00113219,-0.00471805,
-0.01593,0.000214338,-0.00426081,-0.00130936,-0.00962989,0.00459431,0.00387211,0.00611662,
0.00175931,-0.00338274,-0.00475105,-0.0107858,-0.00540281,0.0095068,0.00436464,0.00721162,
0.00810406,-0.000479004,0.00023002,-0.0020894,-0.00417388,0.0021361,-0.000779679,0.00881436,
0.00650996,-0.00652761,-0.00287882,0.0040801,-0.00628084,-0.00421015,-0.00220488,-0.000233749,
-0.004052,-0.00440349,-0.00415009,-0.000456552,0.00413062,0.00481401,0.000146031,-0.00421935,
0.00831698,-0.00270958,-0.00239484,0.00171296,-0.00980701,-0.00107318,0.00371829,0.00914687,
-0.000188877,0.00354242,0.001725,-0.000679478,-0.00883555,0.00221849,0.00067379,0.00677642,
-0.00163356,0.00479576,-0.00500818,0.00130338,0.00323352,0.00419415,0.00147573,0.00242713,
0.00199172,0.00275394,0.00174868,-0.00106887,-0.00384496,-1.1416e-05,-0.00136902,-0.00193257,
0.00326729,0.00120044,-0.000726193,-0.000895452,0.00707123,-0.00437606,0.000774097,1.67487e-05,
0.00232819,0.00215257,0.00233379,-0.00310299,0.00970318,-0.000240592,-0.00133823,0.00190728,
-6.7489e-05,0.00219994,0.00124521,-0.000956807,0.00711738,0.00344458,0.000778563,0.00213178,
0.0123373,0.000375629,0.00120463,0.00138038,0.00620176,-0.00017049,-0.00252832,-0.00481369,
-0.00409002,0.00276638,0.00352049,-0.00305518,-0.00539112,-0.00492348,-0.000275729,-0.00289382,
-0.00166545,0.0013985,0.00134833,-0.00209903,0.00280045,-0.00159381,8.55406e-05,0.00169239,
0.00173749,0.00315703,-0.000818088,0.00301288,-0.00407694,-0.000175334,-0.00134599,-0.00115815,
-0.00921248,0.00129536,-0.00106064,0.0010117,0.000546857,-0.0042089,-0.00223777,0.00030695,
-0.00417598,0.00222551,0.000954184,-0.000311913,-0.00545491,-0.000890758,-0.00233258,-0.00220315,
0.00555226,0.00105549,0.00175123,0.00335265,-0.0118388,-0.00145671,-0.00116598,-0.00270661,
0.00295935,2.56957e-05,0.00164741,0.00126862,-0.000664933,-0.000930014,-0.000202328,0.00125411,
0.00233536,0.00121629,8.89362e-05,0.00191718,-0.0089255,-0.00441714,-0.00119027,-0.000364142,
0.00341611,0.00173863,-0.000635652,0.000197158,-0.00566626,-0.00252906,-0.00347969,-0.0023367,
0.00279892,0.00226874,0.00110738,0.000966556,7.31596e-05,0,-0.00141223,0.000266356,
0.00919188,0.00137626,0.00159447,0.00017856,-0.00930134,-0.00295565,-0.00100299,5.93325e-05,
0.00686255,0.00433543,0.000589028,0.00212464,-0.010015,-0.000326192,-0.00144177,-0.00489,
0.000994641,-0.00318726,0.00128446,0.0265087,-0.0025157,-0.00322912,-0.000285377,3.84166e-05,
0.00265137,-0.00116261,0.000665567,0.00867503,-2.87307e-05,-4.94319e-05,-0.000889693,-0.00109632,
0.00232477,0.00365015,-0.000141782,-0.0113798,-0.00681421,-0.00278496,-1.38215e-05,-0.00137223,
0.00408148,-0.00509004,0.00454797,-0.0236029,-0.000887744,-0.0027164,-0.000511622,-0.000943711,
0.00727906,-0.00378779,0,0.000877891,-0.00429329,-0.00286737,-0.00064419,2.21439e-05,
0.00662254,0.0248693,0.000444923,0.0320523,-0.00371068,0.0015194,-0.000757167,-0.00245286,
0.00469359,-0.00784928,0.00343681,-0.0500845,-0.0136852,4.66826e-05,0.000598064,-0.00365129,
0.000810269,-0.0114301,-0.00544522,-0.0457317,-0.00158172,-0.00313773,-0.00056607,-0.00349236,
0.00558345,-0.0309765,0.00192052,-0.011916,-0.00148561,-0.00113571,-0.000760108,-0.00157758,
0,-0.0238131,0.000475767,-0.0328003,0.000841799,-0.000513709,-0.000632655,-0.00318167,
0.00612355,0.0330999,0.00399545,-0.0607612,-0.00427148,-0.000144522,-0.000770424,-0.000210842,
0.00348899,-0.015296,-0.00717943,-0.0971075,-0.00558114,-0.0023405,0.000258076,0.000849618,
0.00664443,-0.0191435,-0.00767019,-0.030009,-0.00364392,-0.00255008,5.42252e-05,-0.00336253,
-0.000181618,-0.0586713,-0.0146235,-0.0673091,0.000951528,-0.0015812,-0.00161552,0.000483615,
0.00617687,0.156574,-0.0169239,-0.0410248,0.00679717,-0.00158559,-0.000348442,0.000252957,
0.00535632,0.0870951,-0.0291409,-0.0902676,-0.00515593,-0.000297104,-0.000150694,0.00127602,
-0.000851491,-0.0530029,0.0551441,-0.002894,-0.00481413,-0.00200404,-0.00152096,0.00131175,
0.00995268,-0.0167683,0.017369,-0.0894769,-0.00163023,0.000942826,-0.000336476,0.000419211,
-0.0105179,-0.132482,0.00231235,-0.192039,-0.00821825,-0.000684793,-0.000963836,0.00172515,
-0.0292559,-0.00773817,0.0190124,0.0170731,-0.0138667,-0.00277647,-0.000776635,0,
0.0190937,-0.0364189,-0.0627544,-0.112766,-0.00751778,0.000434716,0.00174026,0.00156841,
0.0272255,0.0139954,-0.0117678,0.0330555,-0.00513772,-0.00014602,-0.000642217,0.00155061,
0.00771518,0.132317,-0.00664262,-0.290943,0.00199225,-0.000611347,0.000320079,-0.000621552,
0.00321445,0.0247199,-0.0455652,-0.0949739,0.00377168,-0.000332965,0.0017349,-0.000186854,
-0.0120129,-0.0698357,-0.0780614,-0.0261415,0.00604005,0.00168884,-0.00120886,0.000434133,
-0.0287974,-0.176905,-0.0299036,-0.274251,-0.00458183,-0.000828065,5.80263e-05,-0.000636978,
-0.0478575,0.0511871,-0.0463216,-0.100169,0.00197061,0,0.000510275,-0.00389731,
-0.0391564,-0.00739545,-0.0158122,-0.194174,0.00448915,0.00138431,-0.000395987,-0.00140299,
0.0147197,-0.0100268,0.0128447,-0.152511,0.0021866,-0.000292681,0.0012793,0.00109651,
-0.0216275,-0.123212,-0.012692,-0.165026,-0.000397643,0.00124401,0.000596979,-0.000379648,
-0.0620623,-0.0515194,-0.0708605,-0.272237,0.00900791,0.00171894,0.00341789,-0.00254683,
-0.0739848,-0.143287,-0.0693925,-0.00801574,0.00348193,0.000987614,-0.000674173,-0.000846281,
0.0085648,-0.120211,-0.0316698,-0.0962258,-0.00644554,0.0016581,-0.00193847,-0.00136526,
-0.0642351,-0.0483535,-0.00398829,-0.0613234,-0.00389578,0.00256949,0.0016048,0.00064418,
-0.0269838,-0.186335,-0.0330991,-0.238576,-0.00474657,-0.000571891,0.0022044,-0.00111944,
-0.00484596,-0.0175794,-0.074752,0.124505,0.0041231,-0.00215795,0.000255243,-0.00200237,
0.0231542,0.0033856,-0.00429705,0.136638,0.00567626,-0.00100175,0.00103718,-0.00103945,
-0.0175161,-0.154553,-0.0780947,-0.21329,-0.00640808,0.00169242,0.00319021,0.00093277,
-0.0141373,-0.0922368,-0.021836,-0.0616047,0,-0.000127352,-0.00140849,0.00121786,
-0.0247706,0.047935,-0.0273807,-0.11805,-0.00446633,0.000151091,0.000132554,-0.000753221,
-0.00739181,0.00928092,-0.00344298,0.0248279,0.00142875,-0.00362203,0.00128008,-0.000804593,
-0.00400578,-0.000590935,-0.0181846,-0.225347,-0.00584816,-0.00254281,0,-0.00128772,
-0.0120208,-0.0243377,-0.0498806,-0.130547,-0.00469062,0.0015503,0,-0.000203806,
0.00315566,-0.000511916,-0.00808052,-0.187645,-0.0037216,-0.00049702,0.00123225,-0.00258627,
0.00412737,-0.0977433,-0.00432299,-0.0837035,-0.00412807,-0.000757566,0.00129134,-0.000501991,
0.00267845,-0.0829516,-0.0519473,-0.112219,-0.00799144,-0.000347468,-0.000620724,-0.00231938,
-0.00401089,-0.00986938,0.00166713,-0.113842,-0.000649703,0.000229093,-0.000551244,-0.000692396,
0.0295119,-0.0447669,0.0205444,-0.0771371,-0.00925366,0.000247536,-0.00104313,-0.00270954,
-0.0100065,0.0427439,-0.0160683,-0.0630592,-0.000134284,0.000712601,0.000920897,-0.00169005,
-0.0295819,-0.0281117,0.0105357,-0.100829,-0.00603337,-0.00154835,-0.000968389,-0.00544465,
0.0183672,-0.00934401,-0.00365082,0.0650914,0.00400489,-0.00179567,0.000117271,0.00104385,
-0.0104387,-0.0522493,0.000158109,-0.0728599,-0.0104793,-0.00157227,-0.00134433,-0.000238306,
0.00139954,-0.108681,0.00840576,-0.0331593,0.00115262,-0.000490041,-0.000338461,-0.000773488,
-0.00390943,-0.0406667,0.020847,-0.0708427,-0.00850168,-0.000903502,-0.00104761,-0.00120102,
0.00897763,0.00882172,-0.00880068,-0.0116549,-0.00543731,-0.00315924,0.000499858,-0.00135322,
0.0343809,-0.049939,-0.00393008,0.0192622,0.000829584,0.000376669,-0.00256756,-0.000302715,
0.00906837,-0.068348,-0.00374654,-0.00700724,0.00105903,-0.00422224,-0.0012898,-0.00085346,
0.0116732,-0.00255076,-0.0188729,-0.0148868,-0.00394274,-0.000170181,-0.00206873,-0.00202898,
0.00510816,-0.0376657,0.000861484,-0.00252119,0.00254089,-0.000471233,-6.12855e-05,5.79205e-05,
0,-0.0590625,0.00221233,0.0015663,-0.0016626,-0.0016451,0.000617842,-0.00447273,
0.00492504,-0.0292038,5.73441e-05,-0.0281959,-0.00498668,-0.00244718,-0.00263224,-5.33407e-05,
-0.00587268,-0.00137846,0.00437431,0.00208299,-0.00137308,-0.00476697,-0.00211112,-0.00103783,
0.00871797,0.00307691,0.00183981,0.00311621,-0.000656226,-0.000863042,-0.00429995,-0.00153169,
0.00627084,-0.000313709,0.00597405,0.00611735,-0.00431447,-0.00175395,-0.000219122,-0.00610324,
0.00748006,-0.00180726,0.00173198,0.00688301,-0.00309922,0.00048903,0.000659655,-0.00319124,
-0.00710597,0.0184737,-0.00694783,-0.0106354,-0.00115158,0,-0.00097207,-0.000649488,
0.0274488,0.0207451,-0.000291459,0.00721165,-0.00162677,-0.00165456,-0.000838824,-0.00699361,
-0.0250444,0.0323683,0.0018482,-0.0128668,0.00299842,-0.00246651,-0.000846575,-0.00217276,
-0.0114199,-0.00439056,0.00998503,0.0100561,-0.00493619,-0.0028331,-0.000408603,-0.003481,
-0.0133055,0.0236956,0.0047135,0.0170792,-0.00135468,0.00294367,0,0.00258712,
-0.00294404,0.00533921,0.00104179,0.0174004,-0.00180591,0.000824717,0.000283087,-0.00077217,
0.0084629,-0.00254691,0.00286713,0.00077031,-0.00132781,-0.00164518,-0.00158058,-0.00349283,
-0.000369508,0.0100749,-0.00737728,0.00249298,-0.00113155,-0.00125399,0.00217831,-0.00843208,
-0.00801975,0.00530965,0.00505938,0.0057585,-0.00385519,0.00212658,-0.000799846,0.000318246,
0.00403654,0.00111618,-0.00558874,0.000367651,0.00708767,-0.00127799,-0.00377431,0.00117316,
0.00453549,-0.00843965,-0.00424075,-0.0183039,-0.0065252,0,0.0012421,0.00214869,
0.00234298,0.00483099,-0.00120521,0.0042655,-0.00509625,0.00202218,0.0029758,-0.00133315,
-0.00436536,-0.00941623,0.00784114,0.00133035,0.0212019,0.00497481,-0.00373087,0.00199574,
-0.00115723,-0.00694352,-0.00374215,-0.01807,0.00229964,0.00359307,0.0024131,0.00277874,
0.00234067,-0.0303151,-0.00920424,0.0143804,0.00148389,0.00329627,0.00231762,0.00257365,
0.000613536,-0.00652106,-0.00809585,-0.00175868,0.00774001,-0.00138835,-0.00297766,0.0103885,
-0.00246617,-0.000310125,0.000761528,0.0100556,0.0110369,0.00341361,0.000642,0.00821574,
-0.00141593,0.01479,0.00218049,0.00795698,0.00180971,0.000930529,0.00231314,0.00351363,
-0.00554368,-0.0143982,0.00807828,0.00190439,0.00450162,-0.000544328,0.000993884,0.00235281,
-0.0107938,-0.00246335,-0.00103708,0.000729882,0.0352191,-0.000813326,-0.00142599,0.00551367,
-0.0193282,-0.00239077,-0.0038364,0.00778052,-0.0102127,-0.00360926,0.000723815,0.0011951,
0.0042743,0.00143289,-0.000364911,0.00653995,-0.000648108,-0.00415507,0.00434365,-0.00455085,
0.0150156,-0.00779147,-0.00187774,9.13115e-05,-0.0194584,-0.00398442,-0.00478088,0.00481833,
-0.0286433,-0.00090019,0.000995934,0.00018896,0.0389962,0.0016694,0.000551142,0.00739165,
0.00461028,-0.00372843,0.000583437,-0.00344859,-0.0108117,-0.0066722,0.00697898,0.00247488,
0.0130481,0.00198336,-0.00270889,0.00877343,0.0178667,0.000852687,0.000836611,0.00230775,
-0.012551,0.00356143,-0.00180144,0.0022136,0.00160866,-0.000613115,0.00853207,0.00160332,
-0.00301684,-0.00221078,0.00390497,-0.000285894,0.0257328,0.0024777,0.00260905,0.0102094,
-0.0188995,-0.000668778,0.00043437,-0.00119462,-0.00162118,0.00123814,-0.000496744,-0.00344984,
0.0142698,-0.00327018,-0.00240717,-0.00522103,0.0188828,-0.00406025,0.00244965,0.00013807,
-0.00664841,0.000671814,-0.00657174,-0.00886901,0.00744607,0.0150673,-0.000815194,0.00139642,
0.00169837,0.000466293,-5.01807e-05,-0.0110261,0.01098,0.00509171,0.00320561,-0.00220819,
0.00312322,-0.0104801,0.00102829,-0.0378444,0.0137366,-0.00130055,0.00133503,0.0094169,
0.00515504,0.00228739,-0.00500361,-0.00861772,0.00626267,0.00841009,0.00431525,-0.00211794,
0.00773189,-0.00246212,0.00405098,0.00644649,-0.00749683,0.000586428,-0.00033089,0.00652569,
-0.0200318,-0.00722745,0.00687125,-0.0233706,0.0064318,0.00284779,0.00340184,-0.000896191,
-0.0076419,-0.000563469,0.00167132,-0.0121093,0.0159679,-0.00141708,-0.00146935,-0.00307157,
0.00966871,-0.00826593,-0.00366625,-0.00661291,0.0058911,0,0.00594307,0.00141593,
-0.00303499,-0.00438141,-0.00210154,-0.00825837,0.00102828,-2.50193e-05,-0.00367154,0.00725728,
-0.00287289,0.000494494,0.00165914,0.00530158,-0.000744295,0.00369582,0.00123774,0.00306598,
-0.00945135,-0.00270288,-0.000302468,-0.0062001,0.00185645,-0.00238142,-0.00200791,-0.00280139,
-0.00384841,0.00116203,-0.00646672,0.00149664,0.00507897,0.000232498,0.00117715,0.00468894,
0.00776236,-0.0119644,0.00168194,0.00169173,0.00364632,-0.00135838,0.0035817,-0.000463742,
-0.0036486,-0.00319309,-0.000778619,-0.000236303,0.00753208,0.000249022,0.00178587,0.00159606,
0.003866,0.00783324,0.00024709,0.00219154,-0.00159189,-0.000565126,-0.00127354,-0.00466059,
-0.00564536,0.00138571,0.00127094,-0.00274145,-0.00177241,0.000940515,0.0014236,-0.00328173,
-0.00132722,0.00212996,0.00299665,0.00219111,0.00507851,0.00236578,0.000610664,0.00161606,
0.00376997,0.000443532,-0.00188429,0.00325125,-0.00172812,-0.000171538,0.0025246,0.000940726,
0.0099119,0.00330931,0.00036104,0.00118228,0.00136229,0.000270335,0.00262361,-0.00166578,
-0.0090473,0.00628648,0.00218535,0.00364759,0.00228929,0,0.001356,-2.45993e-05,
0.00643208,-0.00226785,0.000201956,0.00218795,0.00816589,-0.00234021,-0.00335257,-0.00125585,
0.00273318,0.00436739,0.00117093,0.00157549,0.00358974,-0.00334978,-0.00210846,-0.00073429,
0.00258053,0.00659272,-0.000972837,-0.00483668,0.00609743,0.00246605,0.000797237,-0.00124889,
0.00570771,0.00325881,0.000217377,0.00225076,0.00126762,0.000134764,0,-4.77355e-06,
0.00526484,0.00198781,0.00521108,0.00283261,-0.00117222,-0.000124554,-4.066e-05,0.00312482,
0.00346876,0.000331224,0.00165524,0.000695023,-0.000426236,-0.0024702,-0.00256589,-0.00364851,
0.00173353,-0.00120152,-0.0011879,0.00542287,-0.00657958,-0.000637891,-0.000134801,-0.000132456,
-0.00145766,-0.00138032,0.00163573,0.00352265,-0.00315929,-0.0021481,-0.00150064,-0.000678248,
0.00508323,-0.0065371,0.0012932,-0.0252301,0,-0.000463382,-0.00170117,-0.0100676,
0.0025518,0.0054228,0.0024095,-0.012141,0.00382786,-0.00104198,-0.00191734,-0.00135632,
0.000513276,0.0113764,0.000170388,-0.00227423,-0.00588734,-0.00159375,-0.00167905,-0.00166073,
0.00252585,-0.0194737,0.00286854,-0.00967414,-0.0044397,-0.00173146,-0.00274773,0,
0.0057419,-0.00809263,0.00301354,-0.0181942,-0.00973674,-0.00223185,-0.00151401,-0.00352971,
0.00297742,-0.0275654,0.00606282,0.0300046,-0.0074394,-0.00140543,0.000505798,-0.00152969,
0.00211139,0.00458087,0.00514667,0.0272097,-0.00380795,-0.00258419,0.000614076,-0.00281916,
0.00867301,0.034814,0.000757633,-0.0155931,-0.00856047,0.000410864,-0.00183981,-0.0037419,
0.00498643,0.0261239,0.00929141,0.0768614,-0.00761877,-0.00330798,-0.0013723,-0.000691992,
0.00417759,0.0339555,-0.0174652,-0.0308026,-0.00790748,-0.00331346,-0.00219738,-0.00321207,
-0.000719916,-0.0243755,-0.0120781,0.0271269,-0.00511932,-0.000707475,-0.00180043,-0.00469814,
0.00480487,0.0919519,-0.00921474,0.0629151,-0.00592239,-0.00335283,-0.00185207,-0.00274491,
0.0074652,-0.121816,-0.0270941,0.0676119,-0.00352954,0,0.000409213,0,
0.00526767,-0.0196885,0.015084,-0.0696678,-0.0136953,-0.00167896,-0.0016961,-0.000543167,
0.00350863,-0.137992,-0.000617361,-0.113394,-0.00301336,-0.000334093,-0.00135161,-0.00319572,
-0.0104076,-0.139426,0.0163838,0.016974,-0.00624344,0.000803214,-0.0018692,5.16075e-05,
0.0164411,-0.0362567,0.000623384,0.101039,-0.00879012,0.000826003,-0.000911393,-0.000447194,
0.0066511,-0.0483511,-0.0567096,0.139215,-0.00763361,-0.000883255,-0.000553491,-0.000905304,
-0.0285442,0.0739348,0.0267605,0.0298711,-0.0172298,-0.000946059,0.00113616,-0.00158423,
0.0305653,-0.0615158,-0.0260179,-0.246765,0.000939165,-0.00216965,-0.000742762,0.000892454,
-0.0741025,-0.20379,-0.00926987,0.0153852,-0.00443207,0.00013708,0.000742533,0.00135242,
0.0272701,-0.282796,0.0529346,-0.232748,0.00460853,-0.00131956,0.000584762,-0.00258725,
-0.057301,-0.0970158,0.00907494,0.220483,-0.00495389,-0.00159745,0,-0.000262225,
-0.122867,-0.0352439,-0.0184483,-0.376424,-0.00379131,-0.00153416,0,-0.000390192,
-0.0654016,-0.0227293,-0.0563627,-0.118369,-0.00143577,0.00250941,0.000484079,0.00243518,
-0.00386015,0.0581741,-0.0480293,-0.0677063,0.00234785,0.000805233,0.000140135,0.00374197,
-0.0355066,-0.102508,-0.101376,0.141219,0.00187159,0.00422014,0.00159662,0.00143562,
0.0345427,0.153979,-0.0665513,-0.258271,-0.00369394,-0.0016049,-0.000267964,0.000329456,
-0.066091,0.0411632,-0.0852279,-0.150786,-0.00328967,0.00420733,0.00177399,0.00417452,
0.0734141,-0.0618357,0.060431,-0.200112,-0.000293184,-0.000952592,0.00234101,0.0021511,
0.0647931,-0.034137,-0.0799357,-0.276041,0.00198068,0.000212748,0.00012395,0.00367572,
-0.0333544,-0.136045,-0.00499737,0.179628,0.000941902,-0.00171308,-0.000437317,0.000443835,
0.0274498,-0.0279557,-0.0296444,-0.0240172,-0.0114503,0.00501021,-0.000659843,0.00114193,
-0.11862,-0.0918162,0.0224672,0.393825,-0.00656863,0.00393386,-0.0010724,0.00135616,
0.0283707,-0.0841593,-0.0582847,-0.26313,-0.00536673,0.00215687,-0.000749591,0.00110501,
0.0680245,0.0826462,0.0524569,-0.392491,-0.00132822,-9.61852e-05,2.94741e-05,0.00208107,
-0.0374506,0.0233885,0.0540993,-0.176798,0.00747016,0.00301842,0.00195368,-0.000182254,
0.0156033,0.0414465,-0.0355647,-0.082173,0.00996752,-0.000122981,-0.00205571,-0.00311796,
-0.0145022,-0.121081,-0.00950089,0.201026,0.00269015,0.00299207,-0.00078122,0.0041275,
-0.0374864,0.0701607,-0.0122477,-0.276229,-0.00242664,-0.00140301,0.000176561,-0.0012864,
-0.00256714,-0.0900519,0.0527717,-0.252487,-0.0073469,-0.000364022,0.0011805,-0.00037234,
-0.0769911,-0.0593916,0.00334994,-0.0805086,0.00232572,0.00104508,-0.000336197,0.00294276,
-0.0944986,0.0554081,0.0163029,-0.126414,-0.0131837,-0.00148515,8.00892e-05,0.00147559,
-0.0350849,-0.0791234,-0.089469,-0.154182,-0.0029254,0.00135514,-0.00103106,-0.00181823,
0.00783157,-0.0104327,-0.112881,-0.170246,-0.00558151,0.000809838,0.000250893,0.000367565,
-0.00173676,-0.0814273,-0.0182304,-0.244765,-0.00603594,-0.00108419,-0.0007124,0.00032458,
-0.0330311,-0.00621035,-0.128097,0.344481,-0.00790619,-0.00103427,-0.000153181,-2.90066e-06,
-0.0148085,0.0805077,-0.0717715,-0.21808,0.00151467,-0.000332128,0.000889859,-0.000380896,
-0.0104645,-0.0898975,-0.0475532,-0.246581,-0.0042477,0.000482243,-0.00277801,0.000206896,
-0.0128399,-0.0023696,0.0195888,-0.0289764,-0.00370388,-0.000509384,-0.000293955,-0.000819286,
-0.00114599,0.00666577,-0.0782505,-0.0725709,0.00259655,0.00107304,-0.000578021,-0.00240891,
0.0150039,-0.0208778,-0.00290462,-0.17428,-0.00194363,-0.000201269,-0.000452357,0.00085162,
0.0269466,-0.0523323,0.00429126,-0.155532,-0.00688952,-0.000276354,0,-0.00217759,
-0.0167445,-0.0262257,0.00914115,-0.064984,-0.00985612,-0.000111357,0,-0.00463355,
0.0180915,-0.035293,-0.0162762,-0.0750215,-0.00354971,-0.00309424,1.30254e-05,0.000394554,
0.0119733,-0.0709842,-0.00380337,-0.0845174,-0.00638385,0.000375325,-0.00164709,-0.00287668,
0.00681114,-0.0582738,0.0181856,-0.0392699,0.000867103,-0.00156752,-0.00233226,-0.00394373,
0.0375312,-0.0459345,-0.000288014,-0.0518512,-0.00601827,-0.00185026,-0.00224097,-0.00442889,
0.0181059,-0.00713571,-0.000175315,0.00652984,-0.00639268,-0.00218094,-0.000148009,-0.000451965,
0.0165541,0.00212163,-0.0129173,-0.0159469,0.00139872,8.37119e-05,-0.00103141,0.00103024,
0.0557846,0.0161208,-0.008075,-0.0356545,-0.00232281,-0.00280873,-0.00338828,-0.000290419,
0.0532606,-0.0505557,-0.00782609,0.00106493,-0.00297039,-0.000726764,0.000662569,0.000198751,
-0.00397296,-0.00925404,0.00489023,-0.0101014,-0.00413716,0.000138016,-0.00106357,-0.00367252,
0.0128715,-0.0335735,0.000467136,-0.0264189,0.00211506,-0.00138442,1.71117e-05,-0.00356048,
0.0113937,0.00582071,-0.00509615,-0.00271114,-0.00689899,-0.00343184,-0.00131694,-0.00207292,
0.00390519,0.0123678,0.0013515,-0.000706765,-0.00022651,-0.00305021,-0.00103968,-0.000315793,
0.0134708,0.0020985,0.00241979,0.0134669,0.000969784,-0.000357235,-0.0016118,-0.00418104,
-0.0121688,-0.000529482,0.0231307,0.0143223,-0.00141912,-0.000535332,-0.00130614,0.000275439,
-0.00749468,-0.00320895,0.0187807,0.00948072,-0.00113019,-0.00501223,-0.00011691,-0.00216494,
0.0242778,0.0124507,0.014698,0.0168107,-0.00661567,-0.00263503,-0.00197853,0.00087011,
0.00545161,0.0345942,0.00417226,0.00531831,-0.000172447,-0.00183713,-0.000737262,-0.000695713,
0.017575,0.0205875,0.0120722,-0.0101121,-0.00132167,-0.000414282,-0.00189182,-0.000585707,
0.00390339,0.0113411,0.00929702,-0.00981563,-0.00781999,-0.00183408,-1.99802e-05,0.000324594,
-0.0582061,0.0483295,0.0136661,0.00288104,-0.000959981,3.39108e-05,-0.000821911,0.000916452,
0.00286743,0.0173102,0.00295089,-0.00508353,0.00669872,0.00189653,-0.00152019,-0.00559665,
-0.00835949,0.0104232,0.00179597,0.0134796,0.00415568,-0.000889804,0.000579665,0.0029136,
-0.00014346,0.00159324,-0.00239465,0.00244423,0.00222198,0.00150293,-0.00106698,0.000777201,
-0.0269839,-0.00396547,0.00778912,0.00292637,-0.00668985,-0.00174073,0.0014992,0.00267324,
-0.0150812,0.000901729,0.00277044,0.00161943,-0.00805191,0.000104298,0.00114615,0.00300446,
-0.00169296,-0.00743007,0.00488957,-0.00565061,0.00166081,-0.000280817,0.0039138,0.00148539,
0.00621708,0.0056437,-0.00650158,-0.00485388,0.00223755,0.000613137,0.00242773,-0.000344634,
0.00648705,-0.0240889,0.00802667,-0.00298765,0.0023739,-0.00352937,0.00137159,-0.000437159,
0.00200961,0.0209757,0.00259842,-0.0219899,-0.0020828,-0.00409818,-0.00398193,-0.00619578,
-0.0011468,-0.0049446,-0.0130926,-0.0222038,0.0128534,0.00385321,0.00125066,-0.00273347,
-0.0059545,0.00405597,0.00539106,-0.0112643,-0.00323134,0.000948332,-0.000686879,-0.00134602,
0.00306862,-0.0235802,-0.00177775,-0.00406499,0.00863967,0.00545664,-0.00210312,0.00263177,
-0.00210021,-0.00311989,-0.00574503,-0.0231503,0.00339376,-0.000245568,0.00330171,0.00102168,
-0.000362482,-0.0070723,-0.0104892,-0.014626,0.00544568,0.00400698,0.00776305,-0.000263317,
-0.00361276,0.00309205,-0.00681996,-0.000869401,0.00703227,0.000405935,0.00291014,0.0113007,
-0.00444994,-0.00876705,-0.00254332,0.00172477,0.0312099,0.00510322,0.00396647,0.00125844,
0.00246836,0.0025627,-0.00320233,-0.000820441,0.00657642,-0.0023446,-0.00111912,-0.000628444,
-0.00984988,-0.00121654,0.00093799,-0.000161901,0.00911772,0.00928334,-0.00223528,0.000766771,
-0.00979053,-0.0057055,0.00153309,0.00125609,-0.00311602,-0.00046006,0.00304922,-0.000192922,
-0.00958436,0.000240038,0.00111803,-0.00336498,0.00134972,0.000273825,0.00448986,0.00133874,
-0.017472,-0.000849742,0.00181288,-0.00381221,0.00604746,0.00451988,0.000361558,-0.00261527,
-0.0152119,0.0032861,0.0076987,0.00283049,0.0130492,0.00510326,0.000407702,0.00698106,
-0.0043413,0.00555406,-0.000545074,0.00097691,0.0310923,2.27499e-06,-0.000376913,0.0103299,
-0.0235204,0.00133044,0.00564696,-0.00310075,-0.000482635,0.00104623,-0.0025447,-0.00305205,
0.0066367,-0.00563806,0.00173716,-0.00627628,-0.0134442,0.0126208,0.0071187,0.00837624,
-0.0235309,0.000225628,5.4837e-05,-0.00261232,0.0111324,0.00201029,0.00341835,-0.000331922,
-0.00612793,0.00136052,-0.000180209,-0.0102294,0.00449604,0.000263228,-0.00125485,0.00132444,
0.00440531,-0.0012074,0.00142454,0.0054083,0.0201319,0.00614317,-0.00186024,0.00136746,
-0.0140243,0.000831951,-0.00098385,-0.000667203,0.000550854,0.00422127,-0.00205575,-0.00528267,
0.00503656,-0.000376632,0.000333304,-0.00149807,-0.00770574,-0.00292741,0.00196818,-0.00769507,
0.00653854,0.00349047,-0.00337739,-0.00817423,-0.0177141,0.000409732,0.00540503,-0.0020959,
-0.000381533,0.000886286,-0.00743819,-0.00358393,0.0232096,-0.00246529,0.00154717,-0.000461329,
0.00691365,0.0065847,-0.00386853,0.00114353,0.0142182,-3.40963e-05,-0.0010977,0.00460995,
-0.0174899,-0.00473108,-0.00223519,0.00148401,-0.00376989,0.00583727,-0.000545219,0.00300932,
0.00510039,0.00591836,0.00683522,0.00544532,-0.0109124,0.00124324,0.0026392,0.00607589,
-0.0168894,0.00670115,-0.00098743,-0.00923992,-0.00679776,-0.00127695,0.00303792,-0.00347578,
0.010238,-6.26431e-05,-0.00337637,-0.00101005,-0.00665689,0.00263813,0.000502653,0,
0.00499964,-0.00426148,-0.00583625,0.00409329,0.0186664,0.000971886,0.00285131,0.000557314,
-0.0142964,0.000166634,-0.00431063,-0.00065897,0.000394075,0.00483676,-0.00204328,0.00125761,
-0.0065132,0.000628679,0.00429195,-0.00037218,-0.00145004,-0.00548363,0.000606872,0.00491099,
0.00276149,0.00229461,-0.000809773,0.00252245,0.000291165,-0.00258841,-0.00143248,0.000665243,
-0.00421696,-4.79701e-05,0.00252715,0.000227324,0.00267516,-0.00476252,0.000704262,-0.00576728,
-0.00269822,0.000239022,0.000989433,0.00236611,0.00229196,-0.00272101,-0.00193837,0.00287219,
0.00325075,-0.000450692,0.00145909,-0.000293109,-0.00793573,0.00199059,-0.00218507,0.00146743,
0.00417979,0.00184269,0.00404834,0.00190332,-0.00665261,0.00158867,0.000828815,0.000665822,
0.00366918,0.00168085,0.00291425,0.000980075,0.00367388,-0.000209322,0,0.00133969,
0.00311927,0.000750763,0.00125485,0.00455092,-0.0020476,-0.00266347,-0.00115735,-0.000316269,
0.000526498,-0.0039368,0.00311709,0.00327966,-0.00437782,0.00148319,-0.00104383,-0.00107422,
0.00193682,-0.0128923,-0.000356578,-0.00984293,-0.00495784,-0.00181188,-0.00131102,4.02379e-05,
0.00426744,-0.0233334,0.00128043,0.0128174,-0.00236816,-0.003279,-1.88552e-06,3.29164e-05,
-0.00224429,-0.00739211,-0.000990412,-0.0315725,-0.00221246,-0.00284036,-0.00269805,-0.000619048,
0.00554145,-0.00869376,0.00219105,0.0284253,-0.00533908,-0.00218944,-0.000317076,-0.00236967,
0.00377881,-0.00948441,-0.00671406,-0.0168782,-0.000692798,-0.00423629,-0.00309771,-0.00405957,
0,-0.0698749,-0.0110487,-0.0231768,-0.00301747,-0.00268135,-0.00281178,0,
0.000636646,-0.0420911,0.00471479,-0.0286736,-0.00659448,-0.00138259,-0.00144617,-0.0041913,
0.0078114,-0.0364058,-0.00876575,0.0767122,-0.00705135,-0.00208928,-0.00247123,-0.000787424,
0.000725426,-0.0674846,0.00493367,-0.0423301,-0.0101186,-0.000710449,-0.00308561,-0.00114575,
0.000389025,-0.031081,-0.0178829,-0.0615681,0.000719007,-0.00151772,-0.000745507,-0.00492202,
-1.05335e-05,-0.11562,0.00409488,-0.0595571,-0.00408906,-0.000103461,-0.000294921,-0.000605681,
0.00271965,0.0852945,0.0169284,-0.120084,-9.26835e-05,-0.00241557,-0.000999416,-0.00587098,
0.00153567,0.205429,-0.0379263,0.0154839,-0.00325004,-0.00189377,-0.00167308,0.00082745,
-4.13918e-05,0.0511104,0.00974844,0.0532687,-0.0127968,0.00143763,-0.00148849,-0.00404854,
-0.0159898,0.136944,-0.0349846,-0.114664,0.000500495,-0.00249568,0.0017575,-0.00152297,
-0.028852,-0.0463359,0.0157135,0.0497498,-0.00419502,-0.00115767,-0.000152052,-0.00339693,
0.0280428,-0.028685,-0.0310416,0.0127161,-0.00122667,-0.00229554,-0.00173455,-0.0027763,
0.0396279,-0.10094,-0.075226,-0.181814,-0.00154398,-0.00197969,0.000137821,-0.00343993,
0.0142908,-0.146046,0.0295865,-0.141081,0.000228899,-2.00349e-05,-0.00019864,-0.0010756,
-0.000744764,-0.166587,0.0284273,-0.0454845,-0.0017813,0.000528777,-0.000763925,0.00148658,
-0.056153,-0.0253407,-0.0509296,-0.209394,0.00163596,-0.00233689,6.12421e-05,-0.00212313,
-0.102707,-0.0554724,-0.0890407,-0.151576,-0.0014039,-0.00165019,-0.000385988,-0.000477934,
-0.0878311,0.0667762,-0.0500179,0.100158,0.00669744,0.00143948,-0.00032407,0.00164719,
-0.0915145,0.204195,-0.0146806,-0.312126,0.00556906,0.000773894,0.000656061,-0.00120222,
-0.111698,-0.0006407,0.0937496,0.00602647,-0.00144115,0.00027745,-0.000155171,-0.000121108,
-0.00626974,-0.136733,-0.0882837,-0.0476365,0.00397541,-0.000675507,-6.12469e-05,-0.00187233,
0.0649167,0.0159613,-0.0623206,-0.0396378,0.00344307,0.00144562,0.000529094,0.00511419,
-0.0774717,-0.0486002,-0.0433463,-0.0720615,-0.00378485,0.000973357,0.001365,-0.00112013,
-0.157781,-0.0942891,-0.0322704,0.252784,0.00224065,-0.000536005,-0.000941518,-0.0010299,
-0.105428,-0.136842,0.0714377,0.0369652,9.2414e-05,0.000479956,0.000253961,0.00249154,
-0.0784432,-0.0841191,-0.0208749,0.0425925,-0.00909782,0.00146405,-0.00158488,8.11351e-06,
0.078766,-0.118362,-0.0322223,0.240481,0.00928721,0.00147717,-0.00117085,0.000550794,
-0.04956,0.111892,-0.0290896,-0.138996,-0.00211297,0.00324821,0.00051343,0.00274241,
-0.112884,0.00121799,-0.0699168,-0.195528,-0.00301623,0.00268209,0.00371247,0.000966713,
-0.101148,-0.114335,-0.102034,-0.456702,0.0042058,-0.000416572,-0.00110027,0.00158621,
-0.148895,-0.0401146,0.0187463,-0.293831,0.00283838,0.00151993,0.00187308,-0.000371338,
0.0442505,0.122199,-0.0162782,-0.042094,-0.00270716,-0.0030448,-0.00101095,0.00118675,
0.0558114,-0.122781,-0.118517,-0.393083,-0.00885189,-0.00227844,-0.00115712,0.000707536,
-0.00255367,-0.172355,-0.0162426,-0.231201,0.00949697,0.00288679,0.00118869,0.00163745,
-0.206174,-0.236175,-0.0121867,-0.0749593,-0.00783084,0.00149227,0.000772694,0.000325179,
-0.0236402,-0.0620983,-0.195625,-0.275918,-0.00826604,0.000268137,0.00177145,-0.000454659,
-0.19726,-0.256118,-0.0263205,-0.286961,-0.00205345,0.000195139,-0.000160814,0.00225172,
-0.0500006,-0.0576454,-0.0250151,-0.290895,0.00560822,0.00122235,0.000180857,0.00322951,
-0.0508689,0.0263158,-0.0504953,0.215427,0.000358091,0.00109896,-0.000367515,0.00161323,
-0.0995467,-0.0949642,-0.0344519,-0.279233,0.00294461,0.000217169,-0.000982285,-0.00074326,
-0.171892,-0.0373005,-0.107088,-0.103478,-0.00111467,0.00360661,0.000927634,-0.000797063,
-0.0672863,-0.0408216,0.0479553,-0.288951,-0.0047952,-0.00197939,-0.000670676,0.00155253,
-0.100305,-0.186605,-0.0198689,-0.113318,-0.00244298,0.00201849,6.97532e-05,0.0022807,
-0.111676,-0.0660045,-0.0640889,-0.215993,-0.0119822,0.00130746,-0.000950145,-0.000478576,
-0.107386,-0.0395942,-0.0333419,-0.181439,-0.00226492,0.000878055,0.000540202,-0.001032,
-0.026978,0.0360225,-0.0496482,-0.163907,-0.00244013,-0.000591312,-0.00160352,-0.00290138,
-0.067203,-0.0476102,-0.0160982,-0.0995147,0.0018893,-0.00131188,-0.00029073,0.00151603,
-0.0249763,0.0176925,0.038905,-0.0479921,-0.00409471,-2.75264e-06,-0.000510278,0.00115059,
0.00741425,-0.0930669,-0.0202626,-0.122263,0.000181608,-0.00284793,-0.000669263,-0.00143586,
-0.025388,-0.0136481,-0.0374333,-0.187494,0.000557597,0.00127921,0.000565543,0.000117369,
0.0210668,-0.0926005,0.0101507,0.0963934,-0.000493033,-0.000430351,-0.00229096,-0.00312436,
0.00193826,-0.0834243,0.000239639,0.0236982,-0.00195989,-0.00155669,0.000311132,-0.000600832,
0.00245382,-0.0280209,-0.0414202,-0.154095,-0.000624954,-0.000205504,-0.0016381,-0.00132284,
0.0302668,-0.00437489,0.00499382,-0.0569791,0.00287723,-0.00355069,0.000340904,-0.00315385,
0.0223573,-0.0454936,-0.0223129,0.0148078,-0.00796417,-0.00216837,-0.00102954,-4.34463e-05,
0.00842323,-0.0616435,-0.0268418,-0.0657272,0.00263888,-0.00297004,-0.00278573,-0.00526667,
0.00841985,-0.0412372,-0.0270753,-0.0751029,0.000102435,-0.00400671,0.000413016,-0.00121781,
0.0208305,0.0588879,-0.00458793,-0.058525,-0.00722965,-0.00244393,-0.00198837,-0.00205583,
-0.0436845,-0.0208912,0.021409,0.0137876,-0.0133683,-0.00181767,-0.0021367,-0.000803591,
-0.0168491,-0.0294709,0.000971114,-0.0171794,-0.00162913,-0.00350248,-0.00189165,-0.000613632,
-0.00650532,0.0330744,0.0151767,0.00129489,0,-0.00229954,0,-0.000842767,
0.0148711,0.0191653,0.0123846,-0.0285602,0,-0.00262802,-0.00242167,-0.0023038,
0.00822677,-0.00193081,0.0224801,-0.00798909,-0.000124211,-0.00078568,-0.000283601,-0.000348095,
-0.0180171,-0.0126899,-0.00507404,-0.0320921,0,0.00030921,0.000603199,0.00219308,
0.00548872,-0.00314432,0.00324685,-0.0111446,-0.00146298,-0.00240606,-0.00088301,-0.00660458,
0.0147076,-0.000135846,-0.00112892,0.00332239,-0.000922787,-0.0014056,-0.00215093,-0.00075758,
0.00518973,0.00156184,-1.64376e-05,-0.00425737,-0.0062597,0,-0.00225474,-0.00210298,
0.00302524,0.00783912,0.00412596,0.00236347,-0.00460449,-0.00323272,-0.00203388,-0.00488066,
-0.025268,0.0114831,-0.0116166,0.0109564,-0.00417795,-0.00206784,-4.24733e-05,0.00181,
-0.00564234,0.00926556,0.00714915,-0.0189807,-0.00420445,-0.00105374,0.0005212,-0.000732416,
-0.00207989,-0.00223791,-0.0139791,-0.0101701,0.00310754,-0.00211001,-0.000558141,-0.0002624,
0.0236197,0.0117938,0.0102539,-8.41971e-05,0.00274412,-0.000962242,-0.00150648,-0.000832006,
0.0036411,-0.0331123,0.00723096,0.0013769,-0.00303563,-0.000546617,-0.000873584,0.000681569,
0.0242323,-0.00270988,0.0117815,0.0223784,0.00101939,3.36514e-06,0,0.00244684,
-0.0253928,0.025223,0.0152231,-0.00194953,0.00293756,0.00231745,0.00197318,-0.0025307,
0.0251664,0.00544696,-0.00640599,0.00282341,0.0095091,0.00355243,0.00024323,-0.000176116,
-0.0446868,-0.0072472,-0.00126175,-0.00130054,0.00396919,0.00151139,-0.000525149,-0.00207325,
-0.036779,0.0034941,0.00544209,0.000955527,0.00184513,0.00228349,-0.000423025,0.00773888,
-0.0282253,0.000754238,-0.00289853,-0.00138125,0.0048725,-0.00146677,-0.00129462,-0.00239005,
-0.00771861,-0.00118043,-0.00804724,-0.0033251,0.00368867,-0.00105157,-0.00149122,0.00127636,
-0.00787338,-0.00514253,-0.00841357,0.00540651,-0.00696087,-0.00311101,0.00194503,0.00622709,
-0.0122215,-0.0133909,-0.00760856,0.0134987,0.024938,0.00483409,0.00289987,0.00129233,
-0.00489449,-0.00197601,-0.0174489,0.00260208,0.00780332,0.00263626,-0.000799804,-0.00403163,
0.00133297,0.00724927,-0.00535954,-0.0223639,-0.00639783,0.00276439,0.00395813,0.00303572,
-0.00723876,0.0036372,-0.00145615,-0.0100883,0.00342853,-0.00420364,0.00100175,0.00160705,
-0.00247264,0.00495837,0.000679951,0.00924728,-0.00133645,0.00422955,0.00186112,-0.00527524,
0.0039145,-0.0102867,-0.0200117,0.000245021,0.0245191,0.000704678,0.00133419,0.00586749,
0.00436182,-0.00207617,0.000667811,0.00695775,0.0205505,-0.00328906,0.00684002,0.0104299,
-0.00339982,-0.00632266,-0.00582735,-0.00475292,-0.000595905,-0.002997,0.00044895,0.00140469,
0.00143929,-0.00879555,-0.00146887,0.00693607,0.0183916,0.0052981,-0.00226715,0.00385692,
-0.0034608,0.00232212,-0.00119761,-0.00116752,-0.0217878,0.00134015,0.00194189,0.00112666,
-0.0045286,0.00287736,-0.00385139,-0.00462279,0.00823303,0.00928414,-8.79258e-05,0.00875616,
0.00337091,-0.000676341,0.000291981,0.00746743,-0.00727463,0.000189382,-0.00310062,0.00797034,
-0.00485249,-0.000652278,0.000325621,0.00756916,0.000864819,-0.00159224,0.00417645,-0.00660793,
-1.27193e-05,0.00019456,0.00521866,0.00668643,0.00754125,0.00204935,0.00342085,0.00220783,
-0.000103857,-0.00508388,-0.00461072,-0.000761134,0.0048729,-0.00283416,0.000933313,-0.00565862,
-0.00103307,-0.00072334,0.000307196,-0.0032532,0.00597749,0.00295631,0.00409787,0.00574194,
0.00571012,0.00936012,0.000312968,-0.00153912,0.000732535,0.00240311,0.00303718,0.00157522,
-0.0220309,0.00249894,0.0166828,0.00196282,0.015461,-0.000940003,-0.00117364,-0.00169305,
0.00670624,-0.00218642,-0.00348572,-0.00222044,-0.00520519,-0.000734366,0.00536071,0.00138979,
0.0143907,0.000125132,0.00414562,-0.000696048,0.00879044,-0.00349753,0.00235833,-0.000971943,
-0.00418368,0.000195701,0.00424101,0.000177867,0.0185516,0.000260474,-0.000255961,0.0108825,
-0.0191,-0.00342928,0.00127095,-0.00461291,-0.00445947,0.00663637,0.00220226,-0.00307982,
0.00133624,-0.00187208,-0.00342996,0.00676645,0.00990141,0.00802542,0.00135856,0.00683621,
-0.0285067,0.00873674,0.003562,-0.0232076,0.0124056,0.00573938,0.000692506,-0.00146209,
0.00534031,0.00314965,-0.0076302,0.00982505,-0.00147287,0.00754683,-1.01484e-05,0.00351998,
-0.0212136,-0.00453061,0.00278832,-0.0105386,0.002523,0.00131907,-0.00403318,-0.0011082,
0.0143989,0.00118832,-0.00959399,-0.00342535,-0.00771191,0.00288491,-0.00199027,0.00592781,
-0.0170279,0.00021552,-0.00327753,-0.0140309,0.00330234,-0.000552466,-0.00543186,0.00413953,
-0.00331391,-0.00797853,-0.00315537,0.00261867,-0.000250063,0.00145022,0.00202474,0.00153531,
-0.0130823,8.4827e-05,-0.0032766,-0.00585305,0.00406041,-0.00432964,0,0.00418878,
-0.00246846,-0.00150542,0.00207484,-0.000608171,0.00319853,0.00219216,-0.000124934,-0.0001277,
0.00323614,-0.00406375,0.0016616,2.22475e-05,0.00381246,-0.00200343,-0.00263706,-0.00105098,
0.00491896,0.00100882,0.00341633,0.00130955,-0.00180461,-0.00208736,0.0019046,-0.00313805,
0.0043744,0.00258884,-0.00155144,0.00269503,0.0109255,-0.00259571,7.18697e-05,0.00244876,
-0.000800366,-0.00149175,-0.00136427,-0.00198459,-0.00299085,-0.00481517,-0.00299089,0.00163099,
0.000991362,0.00182568,0.000470798,-0.00374997,-0.001926,-0.00308966,-0.000890801,0.00169142,
0.000473385,0.00520513,0.00215355,0.00568925,-0.00520521,0.00108238,0.000320749,0,
0,-0.0100265,0.00111678,-0.000881416,-0.00517264,-0.000222466,-3.07428e-05,-0.00257208,
0.00406907,-0.0298571,0.00421189,-0.00561138,-0.00262999,-0.00265497,-0.00196301,-0.00286519,
0.000779556,0.0203617,0.00472632,0.00823025,-0.00109844,-0.00144698,0.000216642,-0.00492208,
0.00285081,-0.0190521,-0.00665647,0.0303572,-0.00621854,-0.000151153,-0.00274036,-0.000361468,
0.00716789,0.0501818,0.00256759,-0.0600365,-0.00381519,0,-0.00370749,0.00084841,
0.00657297,0.0220847,-0.00954083,-0.0118306,0.00048438,0.000892544,-0.00257714,0,
0.00661156,-0.0196186,0.00138786,0.0494667,0.000374892,-0.000490414,-0.00161985,-0.000383585,
0.00158986,-0.119486,-0.0149084,-0.0226534,-0.00764317,0.00085747,-0.000508867,0.0012723,
0.00311761,0.0802105,-0.0262189,-0.0570803,-0.00132275,0.000896018,-0.001915,-0.00603815,
0.0125621,-0.070932,0.00642228,-0.00910514,-0.00436728,-0.00153051,-0.000594568,-0.00524231,
0.00355123,0.0519529,0.0213334,0.0406962,-0.00533883,-0.00081307,-0.000329525,-0.000740021,
0.00840995,-0.0415783,0.00882632,-0.0201982,0.00120726,0.000670621,-0.00112562,-0.00121317,
0.00247223,-0.0833194,-0.0172903,-0.00430432,-0.00215548,-0.000690815,-0.00097598,-0.00271913,
-0.0188638,-0.149062,-0.0227413,-0.0288265,0.00179189,-0.00119634,-0.000284545,-0.00411481,
-0.0317801,-0.0570548,-0.102226,-0.134757,-0.00198273,-0.000666778,-0.000768755,-0.00212327,
-0.0201996,0.0289214,-0.0819582,-0.0845255,-0.00502802,-0.00413313,-0.00133308,-0.00120153,
-0.00966203,-0.0706828,0.0394675,-0.0803388,-0.00972609,-0.00192902,0.00120005,-0.00180103,
-0.0823768,0.00295966,0.0847509,-0.174168,-0.0055148,-0.000668597,-0.00115733,-0.0042403,
-0.100454,-0.0663481,0.0172352,0.0766116,-0.00711791,8.77506e-05,-0.00133322,0,
-0.0218906,-0.0540305,-0.0900925,0.0921211,0.00247383,-0.00319571,-0.00210096,-0.00408157,
-0.0423165,0.0136306,-0.0195662,-0.155818,-0.00129699,-7.328e-05,-0.000376782,-0.00390498,
0.0212285,-0.198392,-0.115713,0.0911356,0.000755571,-0.00282371,-0.00137187,-0.00272461,
0.00555085,-0.0169551,0.0607672,-0.191543,-0.00395803,-0.00163728,-0.000330101,-0.00104994,
-0.0679447,-0.0911582,-0.00656484,-0.212883,-0.00922083,-0.00372006,0.00082497,0.00189808,
0.0304776,-0.0934831,-0.0147881,0.240923,0.00201284,-0.00158157,0.000933888,-0.000426148,
0.0252695,-0.0862468,-0.0886188,-0.465069,-0.00224501,-0.0023883,0.000201428,-0.0010672,
-0.139089,-0.126101,-0.145362,0.180973,0.0100519,0.00103966,-0.00084389,-0.000118933,
0.0310094,0.0470443,0.0921155,-0.0954068,-0.0137467,0.00108181,-0.000110545,0.00122783,
-0.101915,-0.0421967,-0.0725789,-0.410631,0.000434639,0.000928718,0.00184643,0.000184801,
-0.0410331,-0.299566,0.0847942,-0.00858499,0.00141281,0,0.000425773,-0.002871,
-0.0952133,-0.12127,0.000232552,-0.334827,0.002425,0.00128097,0.00110052,-0.001061,
-0.0665237,0.0334172,0.0212329,-0.010895,0.000250551,0.00594614,0.000386818,0.00434784,
-0.280154,-0.151661,-0.0686924,0.0543533,-0.016015,0.00314071,-0.00179661,0.00150601,
-0.0912258,-0.0781123,0.0590238,-0.14625,-8.65766e-05,-0.00164494,-0.000388632,0.00133906,
0.105961,-0.081429,-0.0235821,-0.164308,-0.00125389,-0.00224665,0.00034552,-0.00167868,
0.131169,-0.0646256,-0.121123,-0.0712215,0.00305498,0.00151906,0.000699856,7.98298e-05,
-0.21973,0.0021632,-0.128567,0.204322,0.00607601,0.00196008,0.00153402,-0.00565697,
-0.116486,-0.0276641,-0.0113719,0.150024,-0.00783514,0.00240212,-0.000111683,0.00125236,
0.0642036,0.00852811,0.0386426,-0.297213,-0.000831723,0.0025055,0.000936176,0.00290929,
0.0130868,-0.0721196,-0.0663197,0.075817,-0.00115923,0.00082862,0,0.00305061,
-0.0660246,-0.121505,-0.0977725,0.0297413,-0.0091335,-0.00241032,-0.000945347,9.18859e-05,
-0.0194423,-0.0493011,0.00656349,0.119648,-0.00640659,0.00209735,-0.000663267,0.00181269,
0.0519832,0.0432924,0.00426498,-0.177815,0.00199646,0.00157439,0.00238967,0.000187313,
-0.0321366,-0.162844,0.0236082,0.247722,0.00606133,-0.00103827,0,0.000843179,
-0.172701,0.139121,-0.069047,-0.0470535,-0.00720751,-0.00115291,0.00155078,-0.00212426,
-0.0723962,-0.117042,0.0312144,-0.237106,0.000215738,-0.00388135,-0.000154746,-0.00119942,
0.0292607,0.0230074,-0.0226261,0.00532922,0.000433564,-5.93027e-05,-0.00404293,0.00164813,
-0.183789,0.0298985,0.0686446,-0.177974,-0.0043529,-0.00223032,0.00254882,0.000527645,
-0.135299,-0.0467107,-0.0765726,-0.169957,0.000296611,-0.00285537,0.000542633,0.00305072,
-0.075508,-0.121186,-0.0817125,-0.125938,-0.00619187,-0.000475242,-0.000610473,0.00033678,
-0.137838,-0.175869,-0.0228379,-0.407581,-0.00130135,0.0021027,0.000393767,0.00132584,
-0.0493791,-0.0635578,-0.015951,-0.10069,0.0048442,-0.00150489,0.000194837,-0.000325223,
-0.202789,-0.142492,-0.0140432,0.15144,-0.00987341,0.000907734,1.35938e-05,0.0016899,
-0.118957,-0.032105,-0.0877473,-0.136006,0.00121333,-0.000930959,-0.000917127,-0.00217335,
-0.0477613,-0.247334,-0.0530522,-0.26066,-0.000693877,-0.00201527,-0.000265816,-0.000213651,
-0.046282,-0.149589,-0.0795052,0.0422469,-0.00382504,0.00134727,-0.0012004,-0.000827145,
-0.0110278,-0.135625,-0.0375541,-0.017379,0.00724603,0.000455331,0.000381763,-0.000908238,
0.0163475,-0.0803656,0.0472111,0.0899824,0.00600127,-0.000352372,0.000136763,-0.00276266,
0.0145809,-0.206638,-0.0392321,-0.00796285,-0.00157258,-8.29692e-05,-0.000283216,-0.00204546,
-0.0292417,-0.164193,-0.0140188,-0.0469405,-0.00149619,-0.00170116,-0.000946763,-0.00182223,
-0.0107635,-0.00754701,-0.00555065,-0.220825,-0.00719935,-0.00101054,-0.000713307,-0.000774245,
0.0153572,-0.0684905,-0.0688202,-0.0199458,-0.00942734,-0.00151927,-0.00275733,0.000219013,
0.00474425,-0.0939958,0.0196877,-0.0308813,0.000121294,-0.00292567,-0.000999891,-6.76928e-05,
-0.00803492,0.0133802,0.0182417,-0.0435494,-0.000186095,-0.00184431,-0.00144563,-0.000163255,
0.0101706,-0.0644206,-0.0318904,0.0101534,-0.00566294,-0.000548513,-0.003997,0.00082227,
0.014853,-0.0319268,0.016673,-0.100696,-0.00264003,-0.00364149,-0.000801806,-0.00214542,
0.0147664,-0.0728722,0.00861487,-0.0832297,-0.0011021,5.25209e-05,-0.000243763,-0.00442951,
0.0573184,0.0123647,-0.0183086,-0.0328057,-0.016223,-0.00502873,-0.00196238,-0.00327859,
-0.0314383,-0.0237077,0.0129721,-0.0727383,-0.00413325,-0.00447705,-0.00169796,0,
0.00182738,0.0481639,-0.0255192,-0.0467933,-0.000725679,-0.0019512,-0.00237004,-0.00162948,
-0.028463,-0.0958473,-0.00276141,0.0168016,-0.00379404,-0.00264382,-0.002479,-0.000646708,
0.0499873,-0.0441937,0.017558,-0.021925,-0.00918987,0.000148457,-0.000704192,-0.0034568,
0.0259242,-0.0223129,0.00604963,0.00816859,-0.00195737,0.000111229,-0.0011331,-0.0013968,
-0.0205791,-0.0557057,0.00795216,-0.0117614,-0.000216032,0.000194506,-0.00152203,-0.00467677,
0.000896443,-0.00270522,0.00444954,0.00293293,-0.0030294,-0.00298158,-0.00198535,-0.00359465,
0.00435842,0.00102609,0.00162989,0.00641919,-0.00183068,-0.00239174,0.000641804,-0.00184946,
0.011602,-9.31477e-05,-0.00211541,0.00189217,-0.000678399,-0.00140339,-0.00160032,-0.00219422,
0.00137131,0.00270323,-0.0129925,0.0119796,0.000837716,-0.000279348,-0.000675058,0.00181598,
-0.00630958,0.00541083,0.0118239,0.0135552,-0.00478392,0,-0.000893902,-0.00145696,
-0.0403366,-0.0139657,-0.00665601,-0.00657362,-0.00879971,-0.000415745,-0.000351332,-0.000598189,
0.0245784,0.0253251,0.0136982,0.0112828,0.000717568,-0.000549099,-0.000850417,-0.00159845,
-0.0164973,0.0159334,-0.00450107,-0.0346096,0.00772605,0.00232514,0,-0.000755414,
-0.0573716,0.0197496,0.00490282,-0.00241248,-0.00998257,0.000842331,0.0020009,0.00587929,
-0.0291791,0.0106945,0.0260036,0.00832245,0.00368895,0.000817808,0,0.00199059,
-0.0102766,0.0045204,0.006187,0.000766229,0.00654238,-0.00211556,-0.00132868,0.00242949,
0.0206995,-0.00347924,-0.00101875,0.00264368,-0.00281971,-0.000256453,-0.00100769,0.00270513,
0.0220611,0.00211627,-0.00173949,-0.000151427,0.0119646,0.00666069,0.000791684,0.00430486,
0.025713,0.000751865,-0.00227503,0.000132813,-0.010839,-0.00377847,-0.00063977,0.00373898,
0.0135393,0.00106061,-0.00631685,0.00250666,-0.00740871,0.000825667,0.00107539,-0.00271113,
0.00642234,-0.00402141,0.00661747,-0.0108367,0.00785035,0.00436211,0.00179701,0.000208032,
0.0181413,-0.0111615,0.00256126,-0.0190111,-0.000695278,-0.000139249,0.0019583,-0.00419868,
-0.00307265,-0.00886298,-0.00639691,-0.0166847,0.0111613,0.00133473,0.0013157,-0.00433794,
0.00598995,0.00126658,-0.0174189,-0.00448268,-0.00669659,-0.00301441,-0.000676877,0.00829146,
0.00219974,-0.0118847,-0.025358,-0.00545965,0.0134739,-0.0010865,-0.00329066,0.00326959,
-0.00317993,-0.0258819,-0.00697691,0.00506151,0.00827513,-0.000395451,-0.00258555,0.00921109,
0.00219068,0.0145118,-0.0116356,-0.0331546,0.0149434,0.00424232,-0.0013928,0.0115944,
-0.00349443,0.0061611,-0.0236118,-0.0067003,0.0170179,0.00800535,0.00352469,-0.00647562,
-0.00350178,0.000876851,0.00181473,0.00982378,0.0039668,0.00345935,0.00176128,0.00496398,
