1.41957e-36,0,1.68156e-43,-16.7335,8.00837,0.757982,4.51197,-17.746,
-0.00115857,-0.0014429,0,0.0016116,-0.00624616,0,0.00100102,-0.000862175,
-0.00121038,0.000406128,-0.001413,0.00124617,0.00258776,-0.0012464,-0.00234995,0.000273978,
0.00481456,-0.00203183,0.000109008,0.00282076,0.00264915,-0.00224348,-0.002553,0.00143763,
-0.0122329,-0.00122641,0.000341066,-0.00186982,0.0100634,-0.00121686,0.00140248,-0.00649099,
-0.00642751,0.00266135,-0.00516414,0.00715994,0.00517315,-0.00158146,-0.00391702,0.000679806,
-0.00923936,0.00704109,0.00118103,0.00224579,0.00316685,-0.0109529,0.000387403,-0.00690397,
-0.00698371,-0.00452037,-0.00295934,-0.00427479,0.00156554,0.00637692,0.0030537,-0.0167428,
-0.00920079,-0.00731409,-0.00160445,0.00137655,0.00903403,-0.000711831,-0.0121705,0.00438559,
-0.00285181,-0.00679127,-0.00264236,-0.00406725,-0.016934,-0.0172838,-0.00695358,0.00160588,
-0.00858762,-0.00656881,-0.00356951,-0.0178917,-0.00329812,-7.28927e-05,-0.0182544,0.00846455,
-0.0233894,0.00275728,-0.00419295,-0.0145621,0.0142453,-0.00143158,-0.0015055,-0.00492799,
0.00165938,0.0102029,0.00609891,-0.00216541,-0.00631823,-0.000578573,0.00102335,0.00353404,
-0.0374133,-0.00511918,-0.0154481,-0.0151892,-0.0116952,-0.00145574,2.64689e-05,0.00650284,
0.0095923,-0.0135493,0.00266915,-0.00157252,-0.0138401,0.000557272,-0.00215707,-0.00209575,
-0.00033683,-0.00316069,0.00478324,-0.00138712,0.00728663,-0.00150845,-0.000990395,-0.0038166,
-0.00313078,-0.00625075,0.000874517,-0.0031891,0.0020195,-0.00431846,-0.00224714,-0.000779547,
-0.0157991,-0.0140788,-0.00124534,-0.00588558,0.00781274,-0.00529911,-0.00937913,0.000692581,
0.00290863,-0.00139661,-0.0125518,-0.000137672,-0.00960815,0.00382266,0.000757878,-0.00183048,
0.00375698,0.000662699,-0.00461372,-0.000398345,-0.00109036,0.00217338,-0.000178877,-0.00171254,
0.00978629,0.00496688,0.00472041,-0.00645914,-0.0129981,-0.0023762,-0.00286176,-0.00510667,
0.00198251,0.0016307,-0.00103334,-0.000359133,-0.00121434,0.000266342,0.00099349,0.000492824,
-0.00518596,-0.00138532,-0.00363494,-0.00104201,-0.00536482,-0.000577537,-0.00119209,-0.000328774,
-0.00131668,-0.00148524,-0.000756708,-0.000138599,-0.00710343,0.000670519,0,0.000250546,
-0.00447955,0.00010919,-3.70051e-05,-0.000312239,-0.00503382,-0.001525,-0.000582093,-0.00197844,
-0.00824025,0.00064022,0.00105965,-0.000849982,-0.00364448,0.000551116,-0.000235641,-7.90754e-05,
0.00131022,0.000659237,0.0028495,-0.000187725,-0.000904477,0.0014747,0.000490071,-0.00174166,
-0.0041646,-0.000135544,-0.000194697,-0.00239091,-0.00341555,0.000209001,0.0021864,-0.00184892,
-0.00202788,0.000430514,-0.00134945,-0.00338056,-0.00398163,-0.00104906,-0.000442682,-0.00243215,
-0.000896655,-0.000881397,-0.000223403,0.00275499,0.000244129,0.0010626,-0.00205332,-0.00370638,
-0.00113556,7.62166e-05,0.00134395,-0.00324409,-0.00342124,0.00040175,-0.000924457,-0.00630913,
-0.00393527,-0.00109424,0.00124207,-0.00274608,0.00102075,-0.000452102,8.51449e-05,-0.00278818,
0.00135689,-0.000446992,-0.000386495,-0.00242425,0.00224652,-0.000673881,-0.000258891,-0.0012781,
0.000327872,0.000568414,0.00165713,-0.000813634,0.00027738,0,0.000706719,0,
0.00176435,-0.000307203,-0.00229321,-0.0015304,0.00359352,-0.000220254,0.00315307,-0.000672656,
-0.00246481,2.67707e-05,-0.000594622,-0.00040275,-0.0100534,-0.00169796,0.000914106,0.000637739,
-0.00464656,0.00198275,0.000721817,0,-0.00276777,-0.00190592,0.00394448,0.00169944,
-0.00164095,0.000636674,-0.000923425,0.0014221,0.00105368,0.000319088,0.00115485,-0.00135185,
0.00510394,0.0017436,0.000168323,-0.00211469,-0.00330582,0,0,-0.000548642,
0.00916394,-0.000129374,0.00413147,-0.00216476,0.00878568,0.00117592,-0.00105006,0.00726878,
-0.00096271,0.00477779,0.000283874,0.0032961,0.00170627,0.00119177,-0.00117227,-0.000250459,
0.000624433,0.000812427,0.00166878,0.0132037,0.00414099,-0.000554449,0.00181335,-0.000158365,
0.0059283,0.000606156,-0.000118178,0.000302606,0.00863877,0.000745613,0.000906591,-0.00104952,
0.0020241,0.00337038,-0.00144971,-0.00154147,0.00551946,0.00609615,0.000712027,-0.00210445,
-0.00724624,0.0130777,0.00602235,0.00682824,0.00561932,-0.00371181,0.00223926,-0.00552191,
0.00369058,-0.00209174,0.000272577,-0.00742657,-0.000770884,0.000953695,0.00652198,-0.00304664,
0.0118237,-0.00458504,0.0032195,-0.00265875,-0.000960917,0.0100142,0.00364643,0.00141503,
0.00325302,-0.00246446,6.14985e-05,0.00210639,0.0172531,0.0104961,0.00621322,0.00938109,
0.00202719,0.00197766,0.000600901,-0.00308895,0.0222153,0.00421197,0.00209997,0.00303476,
0.00479999,-0.00889895,0.00552535,0.00347664,0.0136585,0.00321889,-0.00330604,0.00719654,
0.013025,0.00381484,0.00547062,0.109324,0.00534294,-0.00347091,0.00330185,-0.00483716,
0.017956,-0.00654464,0.00141232,-0.00738753,-0.000797338,0.0057147,-0.00439736,-0.000829056,
0.00587477,-0.0126733,-0.000721432,-0.0827693,0.0182258,0.000129252,0.00267228,0.00428206,
0.00429572,-0.058362,0,-0.0303592,-0.00741894,0.0286797,0.00266308,-0.00525738,
0.00977935,-0.0506395,-0.00541716,0.010051,-0.0162507,0.00306098,-0.00163937,0.00787272,
0.00670023,0.039245,0.0102571,0.0118441,0.00360395,0.000715433,0.0104313,-0.00199197,
0.0107591,-0.0346596,0.00528166,0.076471,0.0123774,-0.00710392,-0.00556595,0.0102149,
-0.00230807,0.045444,-0.000425868,0.00542299,0.00872995,0.00218336,0.00445789,0.000646015,
-0.00237953,-0.0455057,-0.000515494,-0.0452549,0.0176492,0.00605739,0.00996363,0.00475026,
-0.000550969,-0.00528324,0.00662886,0.047445,-0.00323827,0.00995058,0.00278172,0.00658468,
0.019383,0.0453149,-0.00038896,-0.149817,0.00953459,-0.00228934,-4.7171e-05,-0.00222505,
0.00330721,-0.0465775,-0.00273897,-0.0978253,-0.00610755,-0.00372116,0.00131674,-0.00283633,
0.00569229,-0.0804138,0.00376808,0.0209025,-0.005868,0.000140691,-0.00448932,0.00468117,
0.0286855,-0.00721785,0.000295865,-0.0734109,0.00892177,-0.00608449,-0.00499769,0.00386022,
0.00184488,-0.0530332,-0.00266998,-0.0697976,-0.00176876,-0.00241252,-0.00163358,0.00740003,
0.013044,0.0333396,0.00396852,-0.0946532,-0.00195932,-0.000459139,-0.00376581,-3.72716e-05,
0.0275212,-0.00754014,0.00970393,-0.214928,-0.00279281,0.00690032,-0.00197947,-0.00812603,
0.0276831,-0.0260319,-0.00175366,-0.0200546,-0.00878855,-0.00348462,0.0026283,0.00333499,
-0.0127561,-0.14721,-0.00865335,0.0383754,0.0150086,0.00080539,0.000469326,-0.00129596,
-0.00888213,-0.0699809,0.0073779,0.0111407,0.0166734,-0.00530744,0.00170272,0.00131063,
-0.00840993,0.00598881,-0.00436422,-0.0667214,0.0277489,0.00504168,-0.00352542,0.0086291,
0.00646985,-0.111504,0.00941104,0.00641644,0.0132414,0.00219954,-0.00294732,-0.00387009,
0.0144105,-0.00206802,-0.00362739,-0.0837768,-0.000338141,0.0148202,0.00440281,0.00840845,
0.0241341,0.00125412,-0.000627219,-0.0448785,0.000556899,-0.00397597,0.00257166,0.00300546,
-0.0104977,0.0125067,0.0028553,0.00593219,0.00158961,0.000546622,0.00167966,0.0121692,
0.0116141,-0.00230731,0.00615578,-0.00729462,-0.0010413,0,-0.00439757,0.00488817,
0.027534,-0.00472916,0.0105347,-0.000165983,0.000894741,0.0032453,-0.0010865,0.000925687,
-0.000873526,0.00597824,0.00958367,0.00326151,-0.00138681,0.0030196,-0.000210884,0.0107983,
-0.00680854,-0.00930361,-0.00305064,0.0444059,0.00124244,0.004718,0.00312742,-0.0069185,
0.0105812,0.0333937,0.00527285,0.0340909,-0.0020715,-0.0010045,-0.00490203,0.00442624,
0.00560457,0.00635697,0.000223204,0.0144686,-0.00424603,0.000335372,0.00181603,0.00454569,
0.00735831,0.0383411,0.00419304,-0.0126918,-0.00521278,0.00169568,0.000910824,0.00943555,
0.0159502,0.00211538,-0.00100078,0.0289679,0.00269911,0.00246782,0.00617102,0.00561685,
0.000122269,-0.0203095,-0.00145362,-0.00238295,-0.000204797,-6.42852e-05,-0.00196435,0.000959288,
0.0215268,-0.010161,0,0.0193139,0.00617463,0.00196929,0.00388955,-0.00324263,
0.0061948,0.03707,-0.00026108,0.0170318,0.00842246,-0.00144319,-0.000884012,0.00490569,
-0.00375721,0.0014006,0.000580027,0.00135983,0.00391435,0.00328143,0.00202527,0.00341541,
-0.00223072,0.00482115,0.000919746,-0.00415173,0.00599425,0,-0.00264908,-0.00341749,
0.00231725,0.000610271,-0.00127691,-0.000942757,-0.00218857,0.000237223,-0.000330072,-0.000436669,
0.00821871,0.00548551,-0.00331283,0.0019927,0.00637825,0.00253425,0.00380195,0.000805851,
0.00621478,0.00100332,-0.000650756,0.00471395,-0.00206632,-0.00283358,0.00394612,-9.2762e-06,
-0.00676856,0.00342639,-0.00203964,0.00887558,-0.00238992,-0.000236673,-9.23023e-05,-0.00129264,
-0.00277648,0.00626743,3.65365e-05,0.00374659,0.00361866,0.000418866,-0.00221336,0.00171505,
0.00270984,-0.0127163,0.000669581,-0.0111193,-0.00195365,-0.00153579,-0.00125242,0,
-0.00223812,0.00385223,-0.000559304,-0.00958487,-0.00364775,-0.00129599,-0.00125264,5.74367e-05,
-0.00503991,-0.0111809,-0.000975757,-0.00813472,-0.00422931,-0.00146552,0.000547766,-9.36515e-06,
-0.00307261,-0.00676601,0.000919035,-0.00469431,-0.00309158,-0.000719665,0.000282228,-0.000564276,
0.00160851,-0.0176052,-0.00186287,0.00115941,-0.00649543,-0.00225857,-0.00049244,0.000148987,
-0.00592925,0.00234987,0.00289245,-0.00511013,-0.000410131,0.00163088,-0.00195898,-0.00328465,
-0.00194229,-0.00335456,-0.00119647,-0.000417769,-0.00303604,-0.000599092,-0.00126057,0.00281833,
-0.00382722,-0.00917717,-0.000536832,-0.000265753,-0.00742622,0.000879468,-0.00207377,-0.00456678,
-0.0109622,-0.00526897,-0.000315871,0.000453104,0.00300763,-0.00281591,-0.00379524,-0.00252021,
-0.00691508,-0.00259038,-0.000691654,0.00397507,0.00276101,0.00226439,0.000273667,-0.000815215,
-0.00694841,0.000274981,0,0.00228157,-0.0120386,0.00196351,-0.00202949,0.00350952,
-0.00497085,0.000333808,-2.86138e-05,-0.00763315,-0.00272801,-0.00163749,0.00227436,-0.000461126,
0.00123171,-0.00030394,-0.000901742,0.00185279,-0.00552837,-0.00423005,0.000257191,0.00198526,
-0.00413803,-0.000883809,-0.0063205,0.00777878,-0.00474204,0,-0.00355162,0.00475442,
-0.0133177,0.00472366,-0.00363377,-0.00455733,0.00231491,-0.00380887,-0.00175467,-0.00531953,
-0.015095,-0.000840763,-0.00178482,0.00108485,-0.00695572,-0.00420771,-0.000858075,-0.00106033,
-0.00542174,0.00908895,0,0.000713328,0.00445149,-0.00264318,-0.00338995,-0.00485077,
-0.00315087,0.000965263,-0.00167606,-0.00313821,-0.011276,-0.00643875,0.00423436,6.1588e-05,
-0.00827376,1.23179e-05,-0.0029481,0.00152474,0.00304677,-0.000373491,-0.00459072,-0.0103159,
-0.0174922,-0.00254155,-0.00860283,0.000547678,-0.0132733,-0.000737583,-0.00054291,0.000229029,
0.0299006,0.000377257,-0.00475787,-0.0153215,0.00932592,0.00425539,0,-0.00309247,
-0.0183305,-0.00414246,-0.000671316,0.00665358,0.0102656,0.00623752,0.00122664,-0.00185313,
0.00296139,-0.00645099,0.00357663,-0.00991212,-0.0171394,-0.00952331,0.0026678,-0.00189191,
0.00365394,0.00406418,-0.00678183,-0.00508644,0.00494032,-0.0158812,0.00368261,-0.00293799,
-0.00237111,0.00287142,-0.00413534,-0.0110562,-0.00507223,-0.00529725,-0.00898742,-0.00713849,
0.00524205,-0.0110842,0.00485103,-0.000681373,-7.19591e-05,-0.0042601,0.00117186,0.00121994,
-0.0166179,-0.00494365,0.00667848,0.010471,0.0112285,-0.00564243,-0.00302676,-0.00632386,
-0.0167714,0.00170226,0,-0.00851842,-0.00278903,-0.00221339,-0.000853112,0.00302088,
0.0201364,-0.00513962,0.0024611,-0.0073983,0.0132128,0.00145958,-0.0044065,0.00494936,
0.00443368,0.0101805,-0.0030626,0.00705079,-0.00519729,-0.000213752,-0.00231888,-0.00909464,
0.00173354,0.00216608,-0.00139474,-0.00128973,0.00461285,0.000207155,0.00117881,-0.000298247,
0.00550232,-0.00127302,-0.00494706,-0.00101798,-0.012512,0.000478938,-0.00338582,0.00370166,
-0.0182678,-0.00803113,-0.0029719,0.000789792,0.00546286,0,-0.00240383,-0.00333739,
-0.0117372,0.00350761,-0.00461342,-0.00681745,0.0109223,-0.00087072,-0.000360849,-0.010735,
-0.000556549,0.0003782,0.0034855,0.000326279,-0.00869501,-0.00822205,-0.000715011,-0.00464827,
-0.00811664,0.00207312,-0.000347458,0.00380217,-0.0128281,0.000697546,-0.00671535,0.00148817,
0.0100234,-0.00432688,-0.00220916,0.00104415,0.000256345,-0.000998436,-0.0031093,-0.00727327,
-0.0161576,0.00161248,-0.000711831,-0.000829356,0.00715937,-0.0108962,-0.00339463,0.00360196,
0.00399738,-0.00476919,3.6426e-05,-0.00774345,0.000171608,-0.0101742,-0.00403228,-0.00667607,
-0.0181137,-0.000265257,-0.00688518,-0.00250465,-0.00806709,-0.00439174,0.00799881,0.00179206,
-0.0191099,0.0011173,-0.00162179,0.00362091,0.009479,-0.00172549,0.00953492,-0.0100771,
-0.00860472,-0.00235816,-0.0018481,-0.018008,-0.0151591,-0.00787694,0.00223754,-0.0043763,
0.0049808,0.00227611,-0.00575334,-0.00315012,0.00570062,5.37827e-05,-0.00186683,0.00642817,
-0.0125517,0.00107324,-0.000911068,-0.00221864,-0.0301546,-0.00541474,-0.00988402,0.000637501,
0.00339318,0.00142338,-0.00595258,-0.00456585,-0.00821224,-0.00297592,-0.00345018,0.00133149,
-0.00630942,-0.00187524,-0.00599314,-0.00399047,0.00265849,-0.00260147,-0.00735421,-0.00755358,
-0.00494415,0.000188397,-0.0045066,-0.00842042,-0.00957744,0.00450679,-0.00401381,0.00496689,
0.00688714,-0.00247592,0.00162409,0.00318787,-0.00603886,-0.000774558,0.00413509,0.00793015,
-0.0110128,-0.00111424,-0.000351967,-0.00444373,-0.000129581,-0.00625358,0.00252691,0.000597055,
-0.000396406,0.0054546,-0.00312737,-0.00647202,-0.00928051,-0.00605878,-0.00434826,0.00173921,
0.00328257,-0.00682336,-0.00236766,0.00474882,-0.0114516,-0.00639002,-0.00281685,-0.00170242,
-0.00048211,0.00596938,-0.0221357,-0.00265889,-0.0120565,0.00353555,-0.00286019,-0.0047213,
-0.0144746,-0.00573852,-0.000278787,0.000716982,0.00621052,0.000268757,-0.00503314,-0.00246367,
-0.00153175,0.000644955,0.00278412,-0.00558963,0.0045993,0.000224162,0,-0.00532253,
-0.00637546,-0.00218337,-0.00280022,-0.00170974,0.00161901,2.38349e-05,-0.00130611,-0.00141208,
-0.00502402,0.00135941,-0.00241051,-0.00180418,-0.00707668,-0.00196111,-0.00145869,-0.00558233,
-0.00676358,0.000600387,-0.000861673,-0.000945663,-0.00258852,-0.00307855,-0.000537993,-0.0141248,
-0.00531102,0.0019393,0.000509121,0.000977641,-0.013269,0.000160785,-0.00254779,-0.00247295,
-0.000951565,-0.00188617,-0.000409777,0.000492009,0.00226128,-0.000261929,-0.00157659,-0.00297903,
-0.00543279,-0.0045372,-0.000953006,-0.00118449,-0.00658512,-0.00201322,-0.00195578,-0.000511019,
-0.00500817,-7.78694e-05,6.82716e-05,0,-0.000165677,0.000545213,-0.00166871,-0.00192006,
-0.00261195,-0.00227151,-0.00051308,-0.0020315,-0.00540956,0.000217381,6.98644e-05,-0.000458725,
-0.00489759,0.000736834,-0.00365475,0.000363451,-0.00786717,-0.00212878,-0.000664558,-0.00172611,
-0.0020074,-0.00113657,0.000915211,0.000626688,-0.00385457,-0.0024468,-0.000220363,-0.00110803,
0.00200366,0.00262793,0.000580043,-0.000438847,-0.0015006,0,-0.000572473,-0.000378526,
-0.00524771,0.000726142,0.000307207,-0.00154338,0.000697474,-0.000681953,-0.00127962,0,
-0.00438014,-8.35561e-05,0.001574,-0.000573412,-0.0040956,0.00093803,0.00161813,0.00121686,
-0.00184313,0.00208,-0.0011638,-0.000542586,-0.000842092,-0.001279,0.00173614,-0.000534263,
0.00481372,0.00227517,-0.000975937,0,-0.00370185,-0.000277334,0.00170606,0.00242801,
7.58034e-05,1.28852e-05,-0.00135868,-0.00141425,0.0103359,-0.000892776,0.00278638,0.000836488,
0.000780048,-0.00124285,0.00146748,0.00142698,0.00674937,-0.000594759,0.000444356,0.00058391,
-0.00555923,0.00507497,-0.00152464,0.00332937,-0.00205507,0.0071381,-0.00370459,-0.00451102,
0.0102455,0.00406751,-0.000202774,-0.00191795,0.0118235,0.00188213,-0.000557976,-0.0010933,
0.00707907,0.000982865,-0.00209739,0.00451619,-0.00309074,0.00386827,-0.00282171,0.00272282,
-0.000706414,-0.00433293,-0.000297867,0.00916049,0.00364144,-0.00397159,0.00436328,5.8866e-05,
-0.00377376,0.00149199,0.00540157,-0.00371342,0.00643612,-0.000346638,0.000471924,0.00042728,
0.0133533,-0.0261658,0.00544025,0.00125952,0.0126705,0.00777646,-0.000725028,0.00512925,
-0.0048035,-0.0266911,0.00505245,-0.0216886,-0.00156414,0.00613152,0.00560644,0.000129604,
0.0126312,-0.00565262,-0.00617374,-0.0212368,-0.00146413,0.00058863,-0.000294771,0.0099641,
0.00577329,-0.0793924,-0.0049095,-0.0623382,-0.00264661,0.00615192,0.000748264,-0.000622344,
0.0171566,-0.0251595,-0.00747851,0.101687,0.000923066,0.00158391,0.00383093,-0.00446723,
-0.00279601,-0.0744124,-0.000555258,-0.0221391,0.0101403,0.00219416,-0.000657423,0.0114389,
0.00374455,-0.0361086,0.000153671,-0.0249078,-0.00768776,0.0094522,0.000144679,-0.00867199,
0.0110769,0.0214852,-0.0227022,0.0222903,0.00217055,-0.00320547,0.0073849,-0.00286708,
-0.0115306,-0.119696,-0.0156227,0.0408349,0.00603883,-0.000620662,-0.00147221,0.00943541,
0.00756653,-0.0321101,-0.0247817,-0.0480725,-0.0100234,-0.00174524,-0.00379913,0.00769368,
0.00594353,-0.173353,0,-0.208599,-0.000997439,0.0111564,0.0012403,0.000650549,
-0.00234813,0.0272293,-0.0151813,0.0171736,-0.000246926,-0.00140389,-0.00168433,-0.0081494,
0.0190637,-0.00809824,-0.00397238,-0.00306999,0.00142939,-0.0030359,0.0159452,-0.00288326,
-0.00495216,-0.122723,0.000317585,-0.141097,-0.0140571,0.00494106,0.00513882,0.00440527,
0.0103627,-0.157753,-0.0168032,-0.178815,0.00308955,0.00938572,0.00123999,0.00457462,
0.00761259,0.00769309,-0.016624,-0.221201,0.00544695,0.0105346,0.000931942,-0.00380871,
0.0287107,-0.0344741,0.00670888,-0.337531,0.00286145,0.00741163,0.00248891,0.00377843,
-0.01443,0.0282756,0.00861033,-0.0333636,0.0025937,-0.00480563,0.0024729,-0.008753,
0.0426578,-0.309818,-0.0120423,0.00491785,0.00388596,0,-0.00113337,-0.00187582,
0.00639556,0.0112704,-0.0355778,-0.0678599,-0.0152716,0.00537269,0.00489566,-0.00213733,
-0.00992593,-0.134121,-0.0449625,-0.15348,0.00825084,0.0165901,-0.00179932,0.00314455,
0.00193106,-0.00776301,0.0141017,-0.136131,0.0219264,0.000471629,-0.00139052,0.00299002,
0.00619917,0.0495985,-0.0172847,-0.430775,0.00450839,-0.00137663,0.000426779,-0.0111091,
-0.00868011,0.0275056,-0.0355463,-0.228997,0.00677827,-0.00051117,0.000481764,-0.00499002,
0.0401503,-0.0176884,-0.00747554,-0.142257,-0.00059241,-0.00203349,-0.000604448,0.00150798,
0.0166436,0.075903,-0.0213381,-0.165679,0.00188072,-0.00439235,-0.00136189,-0.00121749,
0.0125378,-0.182067,-0.00213302,0.0710407,0.00942843,-0.00307534,2.19682e-05,0.00996577,
0.00550705,-0.0843842,0.00428513,-0.0681879,0.0190458,-0.00270598,-0.00130926,-0.000108596,
0.00171257,-0.0550617,-0.0327938,-0.144248,0.00359937,0.00163981,0.00226607,-0.000995875,
0.000144874,-0.0158702,-0.00163095,-0.0977826,0.0132056,0.0127241,0.0098601,0.00422955,
-0.00421044,-0.0842213,0.00250672,-0.208513,-0.00143459,0.00248885,0.00398941,0.00318669,
0.00691971,0.0366461,-0.000411394,-0.0957575,0.00232268,-0.00541899,0.025938,0.00803131,
0.00134912,-0.0552113,-0.0018709,0.0125249,0.00586136,0.00987949,0.00614408,-0.0021476,
-0.00460201,-0.0671827,0.0119554,-0.059938,0.00211645,-0.00905649,0.00428424,0.0093558,
0.00969229,0.00843825,0.00262333,-0.0474741,-0.00606341,-0.0019364,0.0032396,0.00472241,
0.0190661,-0.0109126,-0.00968762,-0.0818249,-0.00208993,0.000406897,0,0.0116477,
0.00848472,0.0138215,0.0160091,-0.0183193,0.000697659,0.00979459,0.0140793,0.00435377,
0.000454562,0.00175038,0.00906224,-0.0236101,0.00586973,0.00939131,-0.000597745,-0.00332967,
0.00368982,-0.00695069,-0.0127556,-0.00160271,0.0034207,0.00185689,-0.00391817,0.00292769,
-0.00694448,0.00522354,0.000983612,-0.00386034,0.00949003,-0.00323863,0.00093934,0.00170645,
-0.00201464,-0.00539818,0.0332866,0.0222915,-0.0125383,0.00040516,0.00260334,0.00121625,
-0.00444803,-0.00540262,0.0207939,0.0264969,0.0111862,0.00329168,-0.000117631,-0.000717317,
0.00395852,-0.0142856,-0.00208781,-0.0653154,-0.000351507,-3.47316e-05,0.00487494,-0.00136215,
0.00371849,0.00936533,-0.00646608,0.0185776,-0.00717731,-0.000242978,-0.00149013,-0.000877967,
0.00124992,-0.00459087,-0.00146634,0.00332565,-0.00166289,0.00397403,-0.00202027,0.00313853,
-0.000417827,0.0166048,-0.00766165,0.0342695,0.00988802,0.00353625,-0.000156548,-0.000883056,
-0.00350281,0.0376555,-0.000658122,-0.0114695,0.00675982,0.00022061,-0.000200376,0.00293057,
0.000937858,0.030397,0.00117379,-0.00199738,-0.000575661,0.000742296,0.000691042,0.000981991,
-0.00304084,0.0129441,0.00250712,0.00478547,-0.00310275,0.0016094,0.000993318,0.000825383,
-0.00315211,0.0208407,-0.00983385,-0.000381413,0,-0.00139812,-0.000161801,-0.000680218,
0.00221177,-0.0024885,0.004005,-0.000454655,-0.00365936,0.00116309,0.000383723,7.97362e-05,
-0.004668,-0.00342602,-0.0108145,-0.00719153,-0.000167144,0,-0.000353349,-0.000581613,
-0.000280187,-0.000432143,-0.00267236,-0.00507667,-0.00408255,-0.00133815,-0.00190025,-0.00331135,
-0.000166066,-0.00352817,-0.00209025,0.0457361,-0.00260256,-6.50733e-05,-0.001037,-0.0009356,
-0.00124509,0.00316877,0.00333144,-0.0340008,-0.00396519,-0.00342501,0.000397209,0.00133781,
-0.00590277,-0.00667874,0.00603104,-0.00686037,-0.00815953,-0.000388016,-0.00222908,-0.0022472,
-0.0095009,0.00202847,0.00176697,-0.0344477,-0.00104676,-0.00197408,0.000112599,-0.00678674,
-0.00813849,-0.0187991,-0.00528137,-0.0231141,-0.0113775,-0.00281498,-0.00463871,-0.00118188,
-0.0141196,-0.0117644,0.00235074,-0.0265165,-0.017442,-0.000789423,0.000780411,-0.00112608,
-0.00683729,0.000646705,0.00278058,-0.00797743,0.00182045,-0.00234899,-0.00806062,-0.00170063,
-0.0114439,0.00330367,-0.00155872,-0.00196689,-0.00603322,-0.00608173,-0.00391155,-0.00223932,
0.00214374,0.00381554,0.000606662,-0.00410875,-0.0236898,0.00135403,0.00401631,-0.00987358,
0.00336912,0.00248554,-0.0010994,-0.000565077,-0.00444042,0.000648697,-0.00732852,-0.0036098,
-0.00585497,0.00149022,-0.00202485,0.00159559,-0.0133777,-0.00370982,-0.00116586,0,
-0.0235085,-0.00210282,-0.00320445,0.0114412,-0.0105415,0.00104849,-0.00189884,-0.00291925,
-0.00413239,-0.000331357,0.00367588,0.00553765,-0.0106033,-0.00518745,-0.00134865,-0.000108456,
-0.0119677,0.00517718,-0.00278705,0.00415842,-0.0131088,0.0013816,-0.00861206,0.000777851,
-0.00939567,0.00238993,-0.00210867,-0.00622574,-0.000258521,0.00128804,-0.00899686,0.00131277,
0.00552578,0.0100408,5.84833e-06,0.000696965,-0.0109391,-0.00162894,-0.00421001,-0.00648111,
-0.0329615,-0.00639165,0.00134491,-0.000691722,-0.00451123,-8.47573e-05,-0.00345849,0.000628688,
0.00152643,-0.00369288,0,0.00138636,-0.0123557,-0.00336193,-0.0100526,-0.00436453,
0.00519956,0.00104645,0.00172405,-8.80163e-05,-0.0115747,-0.000107158,-0.00278476,-0.00135594,
0.00852292,0.00197699,-0.00157476,-0.005566,-0.001281,0.000951985,0.00656078,-0.00190566,
-0.0166946,-0.000686143,0.00032974,-0.0235653,-0.00575595,-0.0122181,-0.000787121,0.000205083,
-0.0114343,-0.00293101,-0.00500625,-0.00576728,-0.0109218,0.000307667,0.00315657,-0.00303107,
-0.0105927,-0.00631244,-0.0008593,-0.00197533,0.0134526,-0.00114579,0.0011202,-0.0050333,
-0.00463569,-0.00408894,-0.00805023,-0.00993838,-0.00152053,-0.00236727,-0.0040978,0.00249863,
-0.00451795,-0.00582357,-0.00632356,0.0184944,0.000389312,-0.00922794,-0.00230375,-0.0104869,
-0.00165609,-0.0181799,0.00444517,0.00366932,-0.00667496,0.00444663,-0.0053671,0.00422161,
-0.00389241,-0.0113832,0.00128304,0.00129768,-0.00253204,0.00308111,-0.000512501,-0.00286274,
0.00379003,-0.00652208,-0.00204517,-0.0123354,0.00201012,0.00116773,-0.000277678,-0.00174977,
-0.0175985,-0.017612,-0.00617154,-0.00407185,-0.0104454,-0.00391315,-0.00365676,-0.00468245,
0.00521755,0.00539645,-0.0114055,-0.0121242,0.00088337,-0.00560266,-0.00280105,-0.00219318,
0.0115896,0.00335905,-0.00451876,0.00419042,0.00606745,-0.00343099,-0.0082841,0.00195588,
-0.0142718,-0.0024566,-0.00119318,-0.00945381,-0.0210566,-0.000497713,-0.00538076,0.00763465,
0.00296254,0.00149353,-0.00262967,-0.00264405,-0.0348887,-0.0019375,0.00133288,-0.00752503,
-0.00300785,-0.00134516,-0.00460488,0.00117236,0.00530825,4.32007e-05,-0.00529401,0.000286404,
-0.00413724,-0.00739973,0.00138082,0.00219754,-0.009343,0.00322838,-0.00191381,0.00477832,
0.0103326,0.00715955,0.0012371,0.00013961,0.0125073,0.000555848,0.00487097,-0.00683945,
0.00126512,-0.00324422,-0.00148854,-0.00399843,0.00153499,-0.00762062,-0.00208461,0.00752823,
-0.00315589,-0.000880113,-0.00554451,0.000846165,0.00214237,-0.00995245,-0.0118302,0.0102818,
-0.00260186,0.00210065,-0.00311596,-0.00289426,-0.0135712,-0.00627475,0.000765282,-0.00436095,
-0.0195864,-0.000832975,0.000834772,-0.00392505,-0.00615737,0.000482412,0.00151355,-0.00258099,
0.000853098,0.00144283,-0.00412187,0.00335456,-0.00552736,-0.00246903,-0.000550703,-0.00306866,
-0.00906378,-0.00139296,0.000559635,-0.00334795,-0.00133504,0.00744843,-0.00539075,-0.00190543,
-0.00614276,-0.000747274,0.00201342,-0.0051612,-0.00113218,0.000939459,-0.00339863,-0.00365094,
-0.00797729,-0.000707988,-0.00174522,0.0110738,-0.00965574,-0.00528216,-0.0023441,0.000507093,
0.00156833,-0.000989827,-0.00114754,0.0056933,-0.0029193,0.000993713,-0.00754716,-0.00117062,
-0.0105272,0.0001667,0.00329566,0.00257228,-0.00805157,0.00142988,0.000964197,0.00160329,
-0.00861974,-0.00418269,0.000863621,0.00207483,-0.00317067,-0.000387984,0.00340098,0,
0.00366628,-0.00254034,-0.00397173,-0.00556776,0.00557154,-0.00132569,0.00130941,-0.00423705,
0.00299346,-0.000652494,-0.00482736,-0.00183892,0.000872535,-0.00410823,-0.000925358,-0.00182679,
-0.000978348,-0.00111306,-0.00520173,-0.00385685,-0.00846711,5.68583e-05,-0.000542987,-0.000807743,
-0.00804759,-0.0103632,0.00200375,-0.00916493,-0.00199407,-0.00190546,0.000460206,0.00157007,
-0.010728,0.00124866,-0.00149035,-0.00337334,-0.00137193,-0.00106778,0.000310438,0,
0.00118395,-0.00459919,0.00450003,-0.00564579,-0.00139107,-0.0079995,0.00256456,-0.00838394,
-0.00273343,-0.00554628,-0.00287631,-0.000337632,-0.0104641,0.00312388,0.000476944,-0.00484614,
-0.00923871,-0.00104612,-0.000605285,-0.00236239,-0.000373754,-0.00162308,-0.00231084,1.98407e-06,
-0.00736829,-0.0113391,0.00233927,-0.0019659,-0.00502579,0.00191985,-0.00015966,-0.00252235,
-0.00312667,-0.00780316,0.000409506,-0.000830348,-0.000870223,0.000668768,-0.000844143,-0.000685605,
-0.00273196,-0.000580945,-0.00133273,-0.00164584,-0.00610588,-0.000865062,-0.00184916,-0.000508141,
-0.000263418,-0.00169165,-0.00112189,-0.00117251,-0.00058707,-0.00121922,0,0,
-0.000877718,-0.000797905,-9.15744e-05,0.000559082,-0.00373812,0.000600939,-0.000286658,-0.00176756,
0,-0.00116771,-0.00113647,-0.000534534,-0.00185383,0.00112815,3.87169e-05,-0.00105621,
0,0.000413188,0.000419918,-5.37612e-06,-0.000533312,-0.000121646,0.000353394,0,
-0.00701952,0.000261125,5.41297e-05,0.00198924,0.00467487,0.00132636,0,0.00136648,
-0.00874249,-0.00203807,0.00154373,-0.000171436,-0.00372046,-9.84951e-05,-0.00124904,-0.000839664,
0.00499436,-0.00171622,0.00208236,0.000718334,0.00554374,-0.00178623,0.000213187,-0.00172298,
-0.00532048,0.0080661,-0.000527687,-0.00139811,0.00076081,0.00121691,-0.000248097,-0.00199925,
0.00248468,8.48207e-05,-0.00203373,0.00369465,0.00157248,0.000178341,0.0016975,-0.00068632,
0.00150751,0.00619625,0.00269919,-0.00153002,-0.00060119,0.00334064,0.000198827,-0.000637292,
0.0146959,-0.0336168,0.00182229,-0.000563665,-0.00537361,0.00143338,-0.00143781,-0.00282246,
-0.00204606,-0.0407511,-0.000499787,-0.0350368,0.00139324,-0.00181518,-0.00210769,0.011301,
0.0026676,-0.037216,-0.00345058,0.0117477,0.00518826,-0.00163997,0.00180247,0.0041467,
0.00691378,0.00467912,-0.00155082,-0.0739321,0.00168022,0.000438358,0.00292068,0.00675931,
-0.00168436,0.0460634,0.00375162,-0.187264,-0.0118124,0.00208686,-0.00293332,0.00175086,
-0.00412173,0.0491547,-0.00414942,0.0972106,0.0153986,0.00702862,0.00892953,-0.0059993,
-0.00257274,-0.0774604,-0.029642,0.0441119,0.00275099,0.00678512,0.00547987,0.00491795,
0.00146643,-0.00579487,-0.00552343,0.097917,-0.00246872,-0.000212175,0.00251738,-0.00122955,
0.0234586,-0.0696026,-0.0282598,0.246205,0.00893954,0.00719754,0.00292309,0.0086932,
0.00554771,-0.109763,-0.00136801,-0.0318694,-0.00443104,-0.00713044,0.0054074,0.00566442,
-0.00825455,0.085664,-0.0384091,-0.248988,-0.000687601,0.00202967,-0.0066842,0.00612116,
-0.00738441,-0.14426,-0.0368515,-0.159577,0.00978626,0.0021643,0.000422533,-0.00102841,
0.0127422,-0.126422,-0.0342127,-0.489767,0.0215318,0.00321244,0.00880708,0.0120427,
0.0073106,0.00449203,0.0273368,-0.421615,0.0109701,0.00611714,0.00360374,0.00819025,
-0.00434101,-0.0159419,-0.0291704,0.0717985,0.0120952,0.00877282,0.00179588,0.0158426,
0.00192578,0.000816923,0.0214309,-0.0966789,-0.0108586,0.00964544,0.00491402,0.00698777,
0.000923072,0.127745,-0.0317509,0.322815,-0.00287747,0.0045659,0.00342903,0.00535819,
0.017299,-0.233958,-0.0474629,-0.266445,0.0281098,0.00247217,-0.00266569,0.00256591,
0.00278388,0.098841,-0.00627067,0.0683009,0.0444388,0.00089859,0.0132477,-0.00630482,
0.0223493,0.0770471,0.00996678,-0.129352,0.00901807,-0.000266435,0.00493852,-0.00556955,
0.00134692,-0.125623,0.0356104,0.350499,-0.0210713,-0.00242556,-0.00601702,0.00193923,
0.0156747,-0.132335,-0.059821,-0.131583,0.0130135,0.00972381,0.00980147,0.00410681,
0.00894454,-0.0195064,-0.0774804,0.120418,0.0129966,-0.00267274,0.00145548,0.0170896,
-0.00348476,-0.0829522,-0.00216207,0.065874,0.0172589,0.00493729,0.00320259,0.00293658,
0.00490481,-0.131381,0.0110004,-0.0406776,-0.00524475,0.00653084,-0.00707442,0.0151305,
-0.00247988,-0.185767,-0.0721904,0.163395,0.0103719,0.00607109,-0.00849334,0.000852411,
-0.0114736,0.120636,0.0263006,0.164967,0.0109155,-0.00271465,-0.00765656,-0.00782257,
0.00353389,0.0579792,-0.00612069,-0.0374027,0.0219587,-0.00205502,-0.000894022,0.0223492,
0.00298572,-0.0152242,-0.0388675,-0.0997026,0.0183293,-0.004986,0.00299766,-0.0067873,
-0.00974876,0.04911,0.01732,-0.0633873,0.00477667,0.0068296,-0.000710089,-0.000151936,
0.000854062,-0.0235708,0.0257137,0.00406635,0.0213745,-0.000389391,0.00787929,-0.0133287,
-0.00339696,-0.206303,-0.033157,-0.738072,-0.0118185,-0.00286072,0.00405913,0.0139686,
-0.00154057,-0.0368733,0.0070758,-0.0142759,0.0141349,0.0094353,-0.00191045,0,
0.00647503,-0.0220377,-0.0405651,-0.324231,0.0101718,-0.000697011,0.00781023,-0.0013489,
0.0128918,-0.0855048,0.00913497,0.124178,0.00416794,-0.00262854,0.00846909,0.0015621,
0.00167376,-0.113103,-0.0458272,0.0485723,-0.00302817,-0.00245141,0.0041076,-0.000921422,
0.00064448,-0.174125,0.0116867,-0.229912,0.0164505,-0.00203722,0.00532618,0.002057,
-0.00772734,-0.0445178,-0.0190483,0.210939,0.0123348,0.00114694,-0.00539365,0.0042768,
0.00474979,-0.165656,-0.00702811,-0.124689,0.0184457,0.0063794,-0.00826757,0.00190891,
-0.00988252,-0.136816,-0.00568933,-0.0535548,-0.0062789,-0.00134378,0.00658448,-0.0081673,
-7.34631e-05,-0.0862447,-0.000916496,-0.037905,0.010303,-0.00216075,-0.00034637,0.00757743,
0.00775432,-0.065175,-0.00289876,-0.0969248,0.00994231,0.000319472,-0.000420475,0.00543066,
-0.00226287,0.00149967,0.0157478,-0.0906236,0.00840609,0.00715255,0.00296771,0.00554709,
0.00993744,-0.0477812,0.010227,-0.0511161,0.012333,0.00754534,0.0017954,0.0176473,
0.000185343,-0.0327152,-0.0142452,-0.0270389,0.00210876,0.00137838,-0.00430098,0.00270381,
0.0178175,-0.0167663,0.0178415,-0.0266011,0.0083389,-0.00250399,-0.00114383,0.00730076,
-0.00279645,0.0102287,0.0179982,-0.00835513,-0.00156475,0.00167613,0.00194108,-0.00451978,
0.00442064,-0.0150342,-0.016466,0.00242073,-0.00141108,0.00258442,-0.000424134,-0.000694927,
-0.00071246,0.0170312,0.00231902,-0.012032,-0.00100571,0.00100101,0.000155944,-0.000401652,
-0.00277658,-0.00211067,0.0385503,0.0297332,0.00413629,0.000334523,-0.00049155,-0.000683467,
0.00373507,-0.00125439,-0.0101919,0.0322797,-0.00738305,-1.72693e-05,0.00222119,0.00302148,
0.00229362,0.030878,-0.00252464,0.0303893,0.00116315,0.000166774,0.000720041,-4.04461e-05,
0.00429978,0.00543196,0.00813315,0.0442002,-0.00348688,0.000395206,-0.00038449,-0.000187273,
-0.00873114,0.0253891,0.00143933,0.0260326,-0.000123734,-0.00127777,-0.000532811,0.000216742,
-0.00279895,-0.0297466,0.00322689,-0.0348979,-0.00514015,-0.00033821,0.000822338,0.00185289,
0.000432496,0.0197194,-0.0012172,-0.0207266,-0.00257618,-0.00124288,-0.000488889,-1.07962e-06,
0,0.00386683,0.00143405,0.00135821,-0.000831801,0.000370173,-0.000611476,-5.36221e-05,
-0.00177709,-0.0129383,0.000296781,0.00329188,-0.00809128,-0.00182029,-4.64691e-05,-0.000724733,
-0.00101751,0.00336195,0.0019327,-0.00798252,-0.00221893,-0.000843851,0,-0.00163073,
-0.00438369,-0.00263958,-0.00661519,-0.0176845,0.0017574,-0.00283051,0.000769026,-0.000237808,
-0.000642375,0.000608583,-0.00382969,0.00689263,-0.00398825,-0.000101219,0.00120502,0.00123151,
-0.00243403,-0.00264347,-0.0105433,-0.0279641,-0.00846021,-0.00291726,0.000286611,-0.00435739,
-0.00104062,0.0167933,-0.0124365,0.010748,-0.0161104,0.000997403,-0.000348938,-0.00177332,
-0.00642364,0.00422873,-0.00322962,-0.0375943,5.6423e-05,-0.0045961,-0.0034746,-0.00599576,
-0.000517987,-0.029279,0.00433207,-0.0421661,-0.00842084,-0.00403573,-0.000906651,-0.00233019,
0.00231941,-0.0230656,0.000599055,-0.0105231,0.000540251,-0.000797654,-0.000979263,-0.00284931,
-0.00161681,-0.0117494,0.0112032,0.00216057,-0.0198548,-0.0032443,-0.000494625,0,
-0.00358104,-0.0106485,-0.00442374,0.00192179,-0.00387702,-0.0047782,0,-0.0030353,
-0.0351959,-0.00107699,0.000824788,0.00192399,-0.00822619,0.00473591,0.00265213,0.00547222,
-0.00994089,0.00877419,0.0004563,-0.00176905,-0.00952848,0.000301401,-0.0015792,0.00155796,
-0.0058308,0.00307692,3.3426e-05,0.000929373,-0.000317049,0.00177857,-0.00123222,-0.00136681,
-0.00963881,-0.00448332,-0.000836877,-0.00246095,0.00366034,-0.0019567,-0.00465551,-0.00789603,
-0.00358647,-0.00446465,-0.000840489,0.00895734,0.0126322,-0.00225048,-0.00259607,-0.00257489,
-0.00569823,0.00165797,0.000758294,0.00918386,-0.00673651,3.80438e-05,0.000314538,-0.00214232,
-0.0110422,0.000898429,-0.00231897,-0.00409804,0.0184603,0.00106212,-0.0053616,-0.00953186,
-0.0117812,0.00189334,0.000254472,0.000314036,0.00318329,0.00512758,-0.00428122,-0.0132111,
-0.0121579,-0.000503673,0.00310609,0.00466017,-0.00105604,-0.0027236,7.81528e-05,0.00479323,
-5.2962e-05,0.000324029,-0.000456977,0.00505727,-0.00119266,-0.00110672,0.00018209,0.00467323,
7.40502e-05,0.00483274,0.000267876,0.000851871,-0.0122321,-0.000575307,-0.0016473,0.00235939,
-0.000290235,-0.00137087,-0.00126205,0.000384003,-0.00381291,0.00331267,-0.000292552,-0.00505792,
-0.00482432,0.000279045,-5.95155e-05,0.0029605,-0.0238899,0.00303034,0.00481387,0.00283899,
-0.00630213,-0.0028866,-0.0034983,-0.0146157,0.00638312,-0.00428066,-0.00207226,-0.00804146,
-0.00668088,-0.000185345,-0.00675769,-0.0355143,-0.00700469,-0.00124685,-0.00295998,-0.00373486,
0.0152995,0.00228121,-0.00696294,-0.00705728,-0.0145826,0.00859361,0.00559131,-0.00348894,
-0.00265018,-0.00301517,-0.00599614,0.0196995,-0.00559584,0.00593233,-0.000927235,0.0068187,
0.00884173,-0.0150458,0.00942813,-0.0029422,-5.64673e-05,0.000991091,-0.00564347,-0.00645372,
0.00678585,-0.00595372,-0.00983877,-0.0129817,0.0191057,0.00600622,-0.00722715,-0.0028893,
-0.00178796,0.00560158,-0.00853258,-0.00110562,-5.47393e-05,0.000520827,-0.00161932,-0.00306673,
-0.0121796,0.0126428,-0.000461331,-0.0214961,0.00867968,0.000303227,0.00159227,0.00197453,
-0.0014662,0.00422088,0.000345743,0.00904167,0.00161199,0.00857215,0.00368234,-0.00588014,
0.0110018,-0.0186125,-0.00844902,-0.00355807,0.00395911,-0.000952445,-0.00302603,-0.00093804,
-0.00923595,0.0130947,0.00359922,-0.00145751,-0.0107203,-0.00592171,0.000442919,-0.00289939,
0.00952635,0.00407799,-0.00743814,-0.00405451,-0.00498978,-0.00183053,0.00630568,0.00478625,
0.00858437,-0.0154469,-0.00428641,0.002096,0.00717072,-0.00211138,-0.00454825,0.00217156,
-0.00491422,0.00264984,0.00298233,0.00108643,-0.0174346,0.0037037,-0.00128513,-0.00426088,
-0.0164685,-0.00575675,-0.0109737,-0.000803579,-0.00883212,-0.00677312,-0.00867405,-0.00374656,
-0.0218027,-0.00365352,-0.00641411,0.00150751,-0.00785324,-0.00348679,0.00165723,-0.0120886,
-0.0010052,0.00268821,-0.0056416,0.00220375,-0.00994304,0.00743328,0.000609461,-0.00882672,
-0.00761409,-0.00039003,-0.0070384,-0.0001389,-0.00697792,-0.0076927,-0.0030447,0.00200131,
-0.00594717,-0.00416991,-0.000383534,0.00121837,-0.00667293,-8.84193e-05,0.00558138,0.00270426,
-0.0222399,-0.00125397,-0.00124064,0.00484269,0.00724982,-0.00353981,-0.000807374,0.00450651,
-0.0105651,-0.00347456,-0.00225178,-0.0041896,-0.00489018,-0.00102998,-0.00976339,-0.0050979,
-0.0125125,-0.00101457,-0.000322684,-0.00704787,0.0016725,0.0028734,-0.000183276,-0.000834107,
-0.00468194,0.000863217,-0.000916695,0.00253058,-0.0136866,0.00498016,-0.00614031,0.00195859,
-0.0109579,-0.00432619,-0.000934178,-0.0103551,0.000840848,-0.000559849,-0.000314151,-0.00231252,
-0.00570668,0.000273544,0.000337729,-0.000993122,-0.0103018,-0.0063005,0.000477491,-0.00472399,
-0.004404,0.000103843,0.00260768,-0.00443988,-0.0149117,-0.000714408,-0.00388636,-0.00407538,
0.00265423,-0.00451187,-0.00141505,-0.00378887,-0.00628585,0.000299061,-0.000648417,-0.000943024,
-0.00423829,-0.00557571,-0.000350073,0.000457988,-0.010299,-0.00522242,-0.000702749,-0.00137551,
-0.00395834,-0.000253378,0.000388102,0.00659949,-0.00520448,-0.00350806,-0.0046223,-0.00054686,
-0.00453297,0.000690023,-0.00067884,-0.00935497,-0.00651255,0,-0.000919085,-0.00556955,
-0.00242348,-0.00358445,0.000324096,-0.000651075,-0.00171559,-0.00326304,0.00196135,0.000934307,
-0.00185522,-0.00596032,-0.00183778,-0.00184281,-0.00319633,-0.00325715,-0.0015749,-0.000128161,
0,-0.00451124,0.00154353,0.00166134,-0.00141406,0,0.000647569,0,
-0.00347465,5.41023e-05,-0.000474,0,-0.00222394,-0.000168757,0.000180675,-0.00107689,
-0.0022992,-0.00497255,-0.00179857,-0.00121286,-0.0024281,-0.000878594,-0.00115061,-0.000623789,
0.00216178,0.00112814,-0.00350473,0.000705437,-0.000162779,-0.000528705,-0.000455712,0,
-0.00148037,-0.0012077,0.000751529,0.00400316,-0.00447298,0.000511203,8.01768e-05,-0.000875598,
0,-0.000146418,0.000339302,0.00717999,0,0.00193645,0.00038294,0.00138336,
-0.00466204,-0.00024736,-0.000906512,-0.000493844,-0.00103471,0.000745354,-0.000592746,0.0010096,
0.000983402,0.000605431,-0.000199736,-0.000239372,9.97481e-05,0.00144503,-0.000242762,-0.00106163,
-0.00226602,-0.00782175,-0.000266194,-0.00194352,0.00162745,-0.00137528,-0.000160936,0.00251841,
-0.00151849,-0.0226593,-0.00118418,0.00120342,-0.00560119,0.000453984,-0.00036655,-0.000966721,
-0.00229047,0.0272262,-0.000400741,-0.111947,0.00109467,0.000629726,0.00208485,0.00316108,
-0.00333932,0.0329624,-0.00181514,-0.14045,-0.0037986,0.00333973,0.00426764,0.00175519,
-0.0088413,0.0247792,0.00148187,-0.0282614,-0.00258709,0.00120819,0.00403794,0.00498197,
0.00392466,-0.0394222,-0.0185498,-0.140135,-0.00717555,-0.000559269,0.00110262,0.00197712,
-0.000418035,0.0283829,0.0109424,-0.157943,0.00560089,0.00020442,0.00502438,-0.00101567,
-0.0157283,-0.120662,-0.0128145,-0.105468,0.0155883,0.00684228,0.00190844,0.000825141,
-0.00809538,0.0210592,-0.0578667,-0.0979271,-0.00625415,-0.00281868,-0.000968155,-0.000829887,
0.00163669,-0.01868,-0.0532258,-0.354377,-0.00148106,0.00628876,-0.00687248,-0.00189707,
-0.0109259,0.0592134,0.0101609,-0.0989579,-0.000103545,0.00560758,0.00364419,0.0122743,
0.0104583,-0.11666,-0.0734113,-0.191556,-0.00330408,0.00241614,0.00802296,0.0139708,
0.0202176,0.0404916,-0.0876769,-0.216771,0.00486107,-0.00174925,0.00240318,0.00804621,
0.0208751,-0.24334,-0.0376842,-0.121717,-0.00805407,-0.00681415,0.000829425,0.0016125,
0.014984,-0.144846,-0.00786418,-0.232174,0.0206709,-0.00491653,0.000899518,0.00443244,
0.0311038,-0.116805,-0.00742586,-0.24069,0.0140284,0.00231104,-0.00317691,0.00533525,
0.0014096,0.124651,-0.0834636,-0.173011,-0.00784078,-0.00794456,0.0030457,0.0121343,
0.0085854,-0.515011,-0.0859025,0.20659,-0.0138565,0.000311576,0.00552935,-0.00177626,
0.015393,0.306335,0.0128551,-0.0542377,0.00950282,-0.000508276,0.00448759,0.0059183,
0.0282763,-0.0729965,0.0692611,-0.144468,-0.00638019,0.0160987,0.00852754,0.00150644,
0.0142465,-0.274004,-0.00327686,-0.0173958,0.0228698,0.00804974,-0.00226571,-0.000179263,
-0.00783124,-0.146793,-0.00595337,-0.097865,0.00292931,0.00633748,0.00241118,0.0132608,
-0.0262846,0.191429,-0.0561021,-0.14201,0.00326159,0.00508983,-0.00237242,0.00216767,
-0.0105342,-0.218366,0.0822948,-0.182522,-0.0124497,-0.00376874,-0.00123132,0.0176868,
-0.0205754,-0.072454,-0.0638899,-0.379365,0.00359444,-0.00262778,0.00655034,0.0126167,
-0.00238554,5.89192e-05,-0.0756059,0.0698331,0.0110228,-0.00322158,0.00344425,0.0092204,
0.0014732,-0.175435,-0.0427018,-0.186782,-0.00563007,0.0132078,0.0133564,-0.00551609,
-0.00813501,-0.136047,0.0555154,0.0451848,0.021703,-0.00712037,0.000807147,-0.0111218,
-0.0216038,0.0569911,-0.0404954,-0.0588143,0.0124469,0.0154869,-0.00760942,-0.0043924,
-0.00321496,-0.121368,-0.0290315,-0.608807,0.0221178,0.00576482,0.00151763,0.00918891,
-0.00763592,-0.156422,-0.121835,-0.171988,-0.00743007,0.00296616,-0.00213175,0.00347655,
-0.00168964,-0.0850138,0.00840465,-0.181065,-0.00221274,0.014957,0.00137284,0.00736328,
-0.00521576,-0.00160404,-0.0466143,0.0555383,-0.00646807,-0.00296999,-0.00474058,-0.000122117,
0.00167202,-0.25903,0.0464994,-0.356473,-0.00104298,0.00282077,-0.00754537,0.00334413,
-0.000943434,0.000555124,0.018575,-0.170582,-0.0188172,0.000876869,-0.00301369,0.00463862,
-0.00628368,-0.0166483,-0.0373889,-0.157737,0.00951673,0.00973832,-0.00471944,0.00546282,
0.0110342,0.0824138,0.0561362,-0.0997055,0.0134868,-0.00256135,0.00781699,-0.00678287,
0.0182532,-0.0185295,-0.0426979,-0.121905,0.007796,0.00509121,0.00104194,0.00852814,
-0.00541556,-0.181821,-0.0800246,-0.11042,-0.00572301,0.00198624,0.00579007,0.00154727,
-0.0130955,-0.00553348,0.0165393,-0.0769197,0.00393257,-0.0022817,0.00662863,-0.00251919,
-0.0215693,-0.0632092,0.0303189,-0.360865,0.00476176,0.00255708,0.0127927,0.00452717,
0.0518877,-0.104761,0.0172327,-0.105332,-0.00420903,-0.00166919,0.00218624,-0.00152784,
0.0199764,0.0055825,-0.00236217,-0.186431,0.005642,0.00087874,0.000357409,0.00230339,
-0.00571008,-0.0505765,0.0169728,-0.248391,0.0134965,0.00355651,0.00338096,-0.0120429,
0.0296737,-0.0803176,0.00229586,-0.23965,0.0107815,0.00104419,0.000530206,0.00215382,
0.0193713,-0.174579,-0.0331823,0.00760519,-0.0103151,-0.00376997,0.000326236,0.0105747,
-0.00688698,-0.0692006,-0.00639945,-0.0531436,-0.00635746,-0.000139508,0.00630194,-0.00318936,
-0.0200296,0.063576,-0.0117184,0.159767,-0.0043498,-4.4095e-05,-0.00256715,-0.00609797,
0.0175726,-0.0335655,-0.00629226,-0.219496,-0.000694997,0.00287531,-0.00207379,0.000355273,
0.00149047,-0.0658254,0.000852187,-0.0618761,0.0117353,0.00385668,-0.00708216,0.00766267,
0.00291284,-0.0210444,0.0103949,-0.0980239,-0.00415595,0.000872803,0.000168625,0.00174371,
-0.00767104,0.000566073,0.00014773,0.0125486,0.00437114,0.00392025,0.00611435,-0.0039577,
0.000403649,0.00059162,0.0117835,-0.00915161,-0.00464363,-0.00179694,-0.000463315,-0.000971003,
-0.00110345,-0.00233065,0.000917533,-0.0203352,-0.00225761,0.00109006,7.44538e-05,0.000207224,
-0.003135,0.00227058,0.0198488,-0.0083235,0.0033856,0.00183625,0.00123503,-0.000811668,
-0.00162756,0.00175807,-0.00383439,0.00257884,-0.00202618,0.00229444,0.000174372,0.00121605,
-0.00420133,-0.00392022,0.0218218,0.0254838,-0.00182204,0.000906782,-0.000749381,0.00185045,
-0.00921947,0.0067988,-0.00422311,-0.0339051,0.00434153,-7.84531e-05,0.000672458,-0.00171981,
-0.00475375,-0.0155149,0.0163221,0.00499007,0.000356413,0,0.000166265,0.00111393,
0.00484877,0.0083305,0.00247602,-0.0110933,0,-0.00107137,-0.000273524,0.000482028,
-0.000438344,0.00500378,-0.00565711,0.038478,-0.00337274,0.000559786,4.77876e-05,0.00123895,
0.000181462,0.00668961,0.0045897,0.0233943,-0.00649115,-0.000141566,0.00088948,0.000634805,
0.00359424,0.0328248,-0.000398488,-0.0137032,-0.00465551,-7.20809e-06,-0.000180655,0.00337331,
-0.00303585,0.0318683,-0.00208093,0.0196007,-0.00315103,-0.00279191,-0.00113026,-0.00204837,
0.00141557,0.0148756,0.0022092,0.00315703,-0.00534651,-0.00129282,-0.00120481,-4.70073e-05,
-0.00516036,0.00180851,-0.00666954,-0.000298072,-0.000256158,-0.00354107,0.00121718,0.00353857,
-0.00418994,0.000308867,-0.0049293,-0.0059057,0.00359739,-0.00175339,-0.00327102,-0.00120342,
-0.015345,-0.00331684,0.00155647,-0.00420908,-0.00401878,-0.00877251,-0.00397815,-0.00221498,
-0.00413099,-0.00286636,-0.00116857,-0.00409248,-0.00698761,0.000226795,-2.55026e-05,-0.0053019,
-0.00901246,-0.0117626,0,-0.00244052,-0.0237194,-0.00389062,-0.00161478,-0.00782953,
-0.0105473,-0.00180352,0.0031091,-0.0227301,-0.012607,0.0010381,-0.000716658,-0.00776646,
-0.00196169,-0.00993721,-0.0184514,-0.0287981,-0.0108636,-0.000975662,-0.00458872,-0.00785204,
-0.00703423,-0.00916731,0.0142753,-0.0162623,0.00357953,-0.00259399,-0.0029311,-0.00619074,
0.00334816,0.017725,-0.0258598,0.0116142,0.00548446,0.00219298,-0.00565019,-0.00415424,
0.00189533,-0.0171275,-0.00948513,-0.000682976,0.00319898,0.00561426,5.25083e-05,0.000939942,
-0.00359037,-0.00452503,0.0070138,-0.0128348,-0.00613053,-0.000722249,0.000993206,0.00276103,
-0.0143263,-0.0282924,-0.00357627,0.00564099,-0.00823663,0.00204012,-8.05801e-05,-0.0100014,
0.00122636,-0.0171557,-0.00383065,-0.00239928,-0.0113067,-0.00468104,-0.00200001,-0.00296402,
-0.00725858,-0.0131751,0.00526706,0.00150923,0.00729533,0.000529033,-0.00776592,0.00361964,
0.00482712,-0.00814557,0.00132282,-0.00156679,-0.00455453,-0.00677925,-0.00229888,-0.00551879,
-0.00978087,-0.000799771,0.00106937,0.0060792,-0.00468412,-0.00847434,-0.00878215,0.00386955,
-0.00982455,-0.00226921,-0.00055237,-4.32061e-05,-0.0191329,0.000830439,0.000758666,-0.00994471,
-0.00617978,0.00053705,-0.000927524,-0.00207545,-0.0126227,0.00100579,-0.00305213,-0.00704733,
-0.0068909,0.000323086,-0.000333968,0.000435935,0.00012125,-0.00460368,-0.00991964,-0.00352233,
-0.0267428,0.000379994,-0.00038852,0.00622011,0.0146642,-0.00121872,-0.00981112,-0.00687342,
0.00319157,0.00328301,0.00068402,0.00365343,0.00873782,0.00584085,-0.0217684,-0.0011843,
-0.00655117,-0.00605535,-0.00109505,0.000521588,0.000709858,0.00397614,0.00235837,0.00294277,
-0.0130393,0.00174094,0.0016681,-0.00591401,-0.0202317,-0.0125562,-0.00464916,-0.00125259,
-0.0104132,0.0012678,0.00193003,0.000240686,5.46398e-05,0.000110355,0.00521945,0.00158344,
-0.0282349,0.000375253,0.00126291,0.0114995,0.00766319,-0.00235406,-0.00603963,0.00318514,
-0.01319,-0.00440756,-0.00666749,0.0271241,-0.00289936,-0.00968799,-0.00160451,0.0030275,
-0.0194327,0.00527851,-0.000159134,-0.00746217,-0.00911018,-0.000405167,0.00518936,0.00228718,
0.00229529,-0.00553421,-0.0083333,0.00956796,-0.00673602,0.00459706,0.000208006,-0.0059846,
0.000356503,-0.00281892,0.0005108,-0.00189591,0.00372124,-0.00954473,-0.0035958,0.00222932,
-0.0319552,-0.00385495,0.00221129,0.0242163,0.00336694,0.000973121,-0.00461211,-0.0044895,
-0.0084248,-0.0115307,0.00770327,0.00253071,-0.0206258,-0.00196073,-0.00155831,0.00119269,
0.0163672,-0.0163493,0.00387312,-0.000476915,-0.00342489,-0.00877635,-0.00273801,0.00952237,
-0.00027938,-0.00295327,0.000954626,-0.00390305,0.0106632,-0.00763346,-0.00460679,-0.00615213,
0.00381445,-0.000967854,-0.00509867,-0.00438149,-0.0069391,-0.0110813,-0.00666497,-0.0123984,
0.0133325,0.00624938,0.00406881,-0.0115055,0.00269924,-0.000847839,0.00270882,-0.0125265,
0.000151145,-0.0122881,-0.00187891,0.00401701,0.00678524,0.00772879,0.00733076,0.00440927,
-0.00103852,-0.0139911,-0.00430577,0.00382748,-0.0242178,-0.00256169,-0.00341657,-0.00145342,
0.00774975,-0.00518768,-0.00356084,-0.00157083,0.00451,0.00237221,-0.00830642,-0.0135138,
-0.00654974,0.000911718,-0.000705098,0.000271973,-0.00229089,-0.00163241,-0.00169191,-0.0109534,
-0.0016882,-0.00127004,-0.00639185,0.000737575,-0.00990734,-0.00899822,0.00298786,-0.00231141,
-0.00487499,0.00109896,0.000322015,0.00241565,0.00484525,-0.00363509,0.00310758,0.00126847,
-0.00850989,-0.00539651,0.00264143,0.000306809,-0.0160396,0.00638328,-0.00323918,0.00500236,
0.00486231,-0.00296188,-0.00114074,0.000324737,-0.00874466,-0.00468256,0.00199484,-0.00465132,
-0.00627673,-0.00168782,0.00104578,-0.000415225,-0.00506257,-0.00327472,0.00366152,-0.0103587,
0.0097436,0.000136533,-0.00170181,0.00181025,-0.00635393,-0.000155307,0.00183761,-0.000506072,
8.65889e-05,-0.000747591,-0.00188152,-0.00357345,0.00237538,-0.00366923,-0.00613076,0.00139065,
-0.00206852,-0.000214562,-0.00134601,-0.00500706,-0.00556483,-0.00907759,0.000449433,-0.00654987,
-0.0103138,-0.00182386,0.000150351,0.000957031,-0.00456543,-0.0043488,-0.000750124,0.0016464,
-0.0140707,0.000141213,0.000276256,-0.00495909,-0.00294864,-0.0029912,6.12737e-05,-0.000945474,
-0.00594694,-0.000494462,-0.00148601,-0.00539932,-0.000792,-0.00080558,-0.00162727,-0.00199337,
-0.00875775,0.000696679,-0.000362872,-0.00209665,-0.00300648,-0.00697077,-0.000123593,0.00127767,
-0.00334059,-0.00207764,-0.000814386,-0.0110155,-0.00503114,0.00214023,-0.00149874,-3.06558e-05,
-0.0116665,-0.00315894,0.000223874,0.00209323,-0.00642526,-0.0044784,-0.000178898,-0.00208135,
-0.00314656,-0.00630834,0.000248114,-0.000999843,-0.00730092,-0.00271635,-0.00118242,-0.00139443,
-0.00548024,-0.00117046,-0.00113544,0.00251218,-0.000121322,0,-0.00178376,-0.00206512,
-0.00434803,-0.00376383,0.00063298,-0.0036588,-0.00476622,-0.000290271,-0.000642866,0.000378746,
-0.00231015,-0.00280746,0.000250941,-0.000427625,-0.00394473,0.000987603,0.000966016,-0.00174651,
0.00248725,-0.0461337,0.000251587,0.0577457,0.00620051,-0.00183166,0.000517398,0.00103505,
0.00146195,-0.00464742,-0.000474971,-0.0125498,-3.25858e-06,0.000720766,0.000411075,-0.00035933,
0.00190976,-0.0710451,0.000300447,-0.143181,0.00230624,0.00207164,-0.00182228,0.000860717,
-0.00335655,-0.0562267,-0.000900476,-0.0610231,0.00483858,0.000824776,0.00127295,0.00290231,
-1.66164e-05,-0.0342288,0,-0.0920239,0.000516198,-0.000541196,0.00117923,0.000185943,
0.00717632,0.00781264,-0.0324889,-0.129567,-0.00237783,0.00270364,0.00116462,0.00605336,
-0.000342778,-0.0190191,-0.0111334,-0.125405,0.00626977,0.00209349,-0.000561083,0.00202583,
-0.000576792,0.0270303,-0.0616435,-0.113594,0.0109771,-0.00098296,-0.00341315,0.00712241,
-0.00278653,-0.0626629,-0.0147571,-0.17961,0.00441486,-0.000412754,0.00227048,-0.00211265,
0,-0.0710243,-0.030435,-0.309914,0.00226326,0.00192934,-0.00370699,0.000525985,
-0.00460901,-0.055601,-0.0322083,0.0347406,0.00661745,-0.00395898,0.0059282,-0.00329726,
0.00904212,-0.0524462,-0.00193939,-0.170861,0.00432622,0.00279873,-2.29736e-05,-0.00689513,
0.00582763,0.22754,-0.0101421,0.000196114,0.00505393,0.00804231,-0.00441087,0.0113728,
0.0128666,-0.0462457,-0.139694,-0.18885,-0.00317454,-0.00110309,0.00180017,-0.00715832,
-0.00501077,-0.112299,-0.172085,-0.164944,0.00650209,0.00103593,0.000681637,0.00314419,
0.0205785,0.220139,-0.100253,-0.262871,-0.00415497,0.0036026,0.000118186,0.00248706,
0.0224964,-0.212446,-0.0590042,-0.232715,-0.0031569,-0.000232782,-0.000985564,0.0056564,
-0.0857255,-0.0761003,0.0926073,0.174657,0.000789566,0.00802448,-0.00169555,0.00143636,
-0.131773,-0.012284,-0.124542,-0.510011,0.00527205,-0.00221679,-0.00827437,0.0058011,
-0.101296,-0.00593897,-0.0424146,-0.254639,0.0175446,-0.00374858,-0.00226363,0,
-0.126522,0.087124,-0.0247894,-0.184471,0.00423742,0.00215631,0.00514075,0.00413478,
-0.157579,0.26355,0.0282711,-0.141398,0.0126151,0.00168763,-0.00216803,0.0127271,
-0.0253061,0.0374748,-0.096997,0.164085,-0.00872089,-0.000686783,-0.0020853,0.00212602,
-0.384208,-0.10753,0.0947648,0.365072,0.00937662,0.00085896,0.00959917,-0.001699,
0.00465672,-0.120752,-0.0398993,-0.0156221,0.0300743,0.00617506,-0.00112255,0.00662326,
-0.145087,0.0888361,-0.00208959,0.102861,-0.00181176,-0.000176386,0.00641613,0.00223251,
-0.0730658,-0.0413085,0.0674586,0.295324,0.01169,0,-0.000764722,0.00201598,
-0.226457,-0.317478,-0.19794,0.143874,-0.0108119,0.00205762,-0.000176212,-0.00883574,
-0.0858724,0.04259,-0.0638464,-0.0925848,-0.00101884,-0.000583481,0.0115196,0.0063998,
-0.0637824,-0.07353,0.0613193,0.242205,0.0131588,-0.00221675,-0.00393037,-0.00366743,
-0.0662498,-0.126988,-0.0186058,-0.144079,0.0237761,0.0106558,0.00959352,-0.0108266,
-0.0629618,-0.302189,-0.0808671,-0.620378,-0.000506252,0.00301057,-0.00067255,-0.00922387,
-0.0126702,0.0198155,0.0478066,-0.0260143,0.0181194,0.00572393,-0.00563752,0.0071418,
0.0284938,-0.0987546,-0.111221,-0.543173,0.00348576,0.00601208,0.00490715,-0.0033284,
-0.122292,-0.145563,-0.178881,0.327586,0.00200693,-0.00247346,0.0133673,-0.00219847,
0.00751327,-0.174483,-0.0886143,-0.845173,0.0122199,-0.00335157,0.000540473,-0.000936448,
-0.03531,-0.0704785,0.0556284,-0.324615,-0.00712365,0.000554929,0.00276874,-0.00767716,
-0.0683864,-0.119919,-0.0252496,-0.38141,0.00410764,-0.000464758,0.0158752,0.00250083,
-0.0342173,-0.164621,-0.086486,-0.144604,0,-0.00145908,1.61359e-05,0.00744543,
-0.0552827,-0.0412909,0.0845689,-0.377098,0.00772406,-0.00162617,-0.00106091,0.00220021,
-0.025238,-0.161193,-0.0883302,-0.325318,0.00930072,-0.00965303,0.0107558,-0.00741555,
-0.011457,0.0071763,0.0314728,-0.0175165,0.00681211,-0.00393435,0,-0.00101728,
0.00370498,0.130455,-0.151915,-0.165243,-0.00568256,0.0075974,0,0.0155011,
0.0147635,-0.0411858,0.0405415,0.078389,0.0222711,-0.000861904,0.0041394,-0.0019085,
0.0339779,0.00190406,-0.0336487,-0.0547511,0.0064122,0.00073468,0.00448603,0.00156761,
-0.0103395,0.0770745,-0.0292393,-0.0449938,0.0275692,0.00403783,-0.00254724,2.54247e-05,
-0.00590109,-0.0203522,-0.0530962,0.13783,0.0162171,0.000886967,-0.000334254,-0.00203664,
0.079153,0.0993358,0.0406384,-0.416689,0.0069582,0.0077509,0.00846792,0.000253691,
0.0273759,-0.0787295,-0.0149173,-0.580362,-0.00854679,-0.000533385,0.00161261,0.0035245,
0.0352677,-0.0470283,-0.0193686,-0.422736,-0.00554817,0.00273185,-0.00231401,-0.00210349,
0.0675266,0.0536236,0.0129799,-0.313898,-0.00848499,0.00234026,0.00791484,0.00522272,
-0.0342889,-0.00486674,-0.0418329,-0.306805,0.000304544,-0.000540078,-0.00210978,0.00587327,
0.046016,-0.115504,0.00668283,-0.086199,0.00442216,6.95466e-05,-0.00294887,-0.00520614,
0.00746186,-0.00847918,-0.00957868,-0.0890618,0.00694488,-0.000695025,0.0036461,0.00303693,
-7.05523e-06,-0.00719097,-0.0130029,0.121226,0.00324537,-0.00148666,-0.00106178,0.0025482,
0.0559244,-0.0582603,-0.00442712,0.0818022,0.0033781,0.00749119,0.000254496,0.000540472,
0.0115101,-0.0703465,0.000111767,0.0479809,-0.00274542,0.00107213,0.00538536,0.00405409,
0.00693557,0.020168,0.0226287,-0.0293797,-0.00103022,0.000500229,-0.00316671,0.000764688,
-0.0022418,-0.0165378,0.00481156,-0.0970185,0.00128769,0.00183796,0.000955052,0.00149324,
0,-0.0410554,0.0302734,-0.0128907,-0.00550526,0.00154043,0.00188389,-0.000764473,
-0.00202993,-0.00983773,-0.00670022,-0.0302773,-0.00128352,-0.00168644,-8.37098e-05,-0.00102188,
-0.0239439,-0.00128938,0.015782,-0.00427842,6.209e-05,-0.0017741,0.000682018,-0.000136946,
-0.00370156,0.0071526,0.0036997,0.0107233,-0.000822666,-0.00070062,-0.00219564,2.95413e-05,
-0.0153759,0.00974913,-0.0230397,0.0170801,-0.00490139,-0.00106434,0.000298881,-0.00382208,
-0.0140074,-0.00967776,0.0255728,0.023728,-0.00230524,0.000517491,0.000484615,-0.000620689,
-0.0161056,0.0310587,0.0153624,-0.021663,-0.00512796,0,-0.00267916,-0.00360925,
0.0249384,0.0183037,-0.000372589,0.0230078,-0.00963558,-0.00215143,-0.00207221,-0.000290346,
-0.0534931,-0.00983886,-0.00333905,0.00445102,-0.00254589,-0.00262796,0.00177758,-0.00135638,
-0.00656005,0.00305126,0.00291662,0.0227776,-0.00129015,-1.96724e-05,-0.00153613,-0.00399923,
-0.0112956,0.0135737,-0.00160636,0.0241363,-0.0148452,-0.00556891,0,-0.0023309,
-0.01236,-0.00116209,-0.0091099,0.0113192,-0.000102927,-0.00472703,-0.00180322,-0.00341757,
0.00859285,-0.000558618,0.00398496,-0.00518012,0.00393928,0.000828973,-0.00291335,0.00350989,
-0.000126998,0.00313901,-0.0104395,-0.00471125,-0.00202648,-0.00276154,-0.00562009,0.00586688,
-0.00354069,0.00578856,0.00414102,0.00402625,-0.000323524,-0.00370503,-0.00426821,-0.00195586,
0.000983926,0.00298229,-0.0105333,-0.00120981,-0.0158851,-0.00508752,0.00196059,-0.000992261,
-0.00366979,-0.0179236,-0.00378595,-0.0444955,0.00143957,0,0.00151181,0.00151571,
0.00605705,0.00200529,-0.0117148,0.00155742,-0.00856066,-0.00568745,-0.00262153,-0.00478288,
0.001584,0.000341361,0.0107403,-0.0086666,-0.0195557,-0.00476121,0.00480513,-0.0060805,
-0.00337623,-0.01008,-0.0152659,-0.0315983,0.00283521,-0.00768734,-0.00602326,-0.000811973,
-0.0054734,-0.0307453,-0.0101586,0.0170026,-0.0087205,-0.00453436,-0.00417069,-0.00621971,
0.000577516,-0.0123791,-0.00650482,-0.00741411,-0.0093624,0.00434435,0.00361597,-0.00767754,
-0.00212778,-0.00122655,0.00309667,0.00959094,-0.0102363,-0.00328113,0.00294926,-0.0140497,
-0.0127962,0.0142356,-0.00115084,0.00701542,-0.0140729,0.000384837,0.00126692,0.00480676,
-0.0245448,-0.0204327,-0.00130541,0.00116522,0.000237329,0.000652822,-0.00412985,-0.00108817,
-0.00646334,-0.0105219,0.00116963,0.00149443,-0.0319052,0.0011446,-0.00316696,-0.00292696,
-0.0225861,-0.00098769,-0.00324982,0.00618326,0.00867473,0.00290624,0.00196367,-0.00880372,
-0.0030263,0.000494093,-0.000462607,0.00424341,0.0140044,0.0038808,-0.00795358,0.00198047,
0.0129681,-0.00216572,-0.00109861,0.00998542,0.00437444,0.00397561,0.00518711,-0.010585,
-0.0234371,0.00118559,0.00312352,-0.000947504,-0.0269884,-0.00222398,-0.00570323,-0.0089277,
0.00852696,0.00289816,0.00141326,-0.00142765,-0.00466246,0.00925133,-0.00644554,-0.00152112,
0.0163916,0.00133038,0.000683079,0.00841699,-0.00478876,0.00225978,0.00169078,-0.00627752,
-0.00481343,-0.00221503,0.0014126,-0.00311367,-0.00229663,-0.000528545,-0.0118601,-0.00262154,
0.000666054,0.00709178,-6.43805e-05,-0.000739282,-0.0127736,-0.00419569,-0.000134445,-0.00443377,
-0.0150048,0.00123801,-0.00116782,-0.00186868,-0.0102646,-0.00362993,0.00120575,-0.00481212,
0.0281653,0.00360321,0.00138639,-0.00345085,0.000496943,0.00984992,-0.00689804,0.00309693,
-0.00121598,-0.00380121,-0.00511379,-0.0105112,-0.00232378,-0.019666,-0.000562721,-0.000262644,
0.000733731,0.000460946,0.000757469,-0.0117445,-0.00466354,-0.00579604,-0.0062167,0.0011581,
0.00981449,-0.0113861,0.000464559,-0.0469721,-0.0238576,0.00166764,0.00119707,-0.0121131,
-0.000679381,0.00414655,-0.00930032,-0.00422707,-0.00453854,-0.00950776,-0.0096812,-0.00218311,
0.00531964,-0.00709927,0.00650081,0.00927568,0.00125323,-0.00106267,0.00360871,0.000415913,
-0.0164148,-0.0134687,0.00937163,-0.0240175,0.00167439,-0.000489593,-0.00411411,0.00395733,
-0.00926004,-0.00414521,0.0138119,-0.0148129,-0.0144664,0.00252554,0.00379801,0.00159449,
0.00183677,-0.00554403,-0.009289,-0.00660345,-0.00854371,0,-0.00735249,-0.000229054,
3.89945e-05,-0.00775298,-0.00276402,-0.00983997,-0.00238369,-0.00278348,-0.000212932,-0.00987329,
-0.00253872,-0.0136053,0.00825892,0.00907505,-0.00131505,-0.00927788,-0.0012787,-0.000582304,
-0.00221022,-0.0106544,0.00289628,-0.00454681,-0.0108349,0.00664384,0.000399336,0.00173826,
-0.0024462,-0.00342288,-0.0120373,-0.00244806,-0.00972977,0.00232705,-0.00261465,-0.00571477,
0.00387511,-0.0198925,0.00343524,-0.00280711,-0.00463778,-0.00534933,-0.00573606,-0.00237418,
0.00342528,-0.00451825,-0.000423438,-0.000784777,-0.0140048,9.56074e-05,-0.00304648,-0.00317765,
-0.00757235,0.00644429,-0.00374626,-0.00022834,-0.00340726,0.00130412,0.00350063,-0.000767392,
-0.0196943,-0.00671375,0.000810022,0.00145916,-0.00159107,-0.0006846,0.00102455,-0.00225859,
-0.00427748,-0.00267128,0.000110995,-0.00117693,-0.0107064,-0.00336044,-0.00349234,-0.00401805,
-0.00553295,-0.00449544,-0.00436924,-0.000836009,-0.00126053,-0.00422443,-0.00494819,0.000929647,
-0.0065783,-0.00016672,-0.000494794,-0.00040981,-0.00346634,0.000561217,-0.00612357,-0.00657246,
-0.00644113,-0.000486976,-0.000767728,-0.00146816,-0.0089815,0,-0.00899249,2.2235e-05,
-0.00561318,0.00132566,-0.000452345,-0.00336477,-0.0140752,-0.00643393,-0.000133344,-0.0024925,
-0.00166715,0.0011836,0.000686928,-0.0034386,0.000613329,-0.00172199,-0.00189278,-0.000255438,
-0.0104091,-0.000461722,-0.000253343,-0.00636519,-0.0104652,-0.00228951,-0.00130309,-0.00247809,
-0.000418526,0.000297638,-0.00101417,0.000830631,-0.00797802,-0.00237921,0,0.0023298,
-0.00291309,0.000297814,-0.00138746,-0.00308721,-0.00258719,-0.00267997,-0.000425687,-0.00113648,
-0.00318564,0.000276781,-0.00312915,-0.00771731,-0.00356998,8.10819e-05,-6.30623e-05,-0.00222951,
0.0015391,0.000908689,-0.000662878,0.0023583,-0.00769724,-0.00036014,0.000428065,-9.36983e-05,
-0.00207779,-0.0250122,0.000364559,-0.00193494,-0.00287456,-5.46546e-05,-0.000333213,-0.00049525,
-0.00470488,-0.0367625,0.00271146,-0.100791,0,0.000157166,-0.00115089,-0.00485862,
-0.00296531,-0.0146256,7.81758e-05,-0.0634436,0.00366476,0.00037968,0.000369899,-0.0011375,
-4.46196e-05,0.00101236,0.000267949,-0.054036,-0.00345652,-0.00122492,-0.0010767,-0.00010031,
0.000489449,-0.00675821,0.0050157,0.0210304,-0.00128018,6.05787e-05,0.000766621,0,
-0.00143763,0.0168329,0.00702744,-0.0511054,0.000595113,-0.00142568,0.000838644,0.00236243,
-0.00388339,-0.0221679,-0.0276302,0.236802,0.00277638,0.000446177,-0.000373955,-0.00121377,
-0.000436058,0.048939,0.00670819,0.077494,0.00368936,-0.000556563,0.000641761,0.00367882,
0.00487624,-0.0409672,0.0233422,-0.0119808,-0.00085733,0.00211053,-0.000929516,-0.00113905,
-0.00409931,0.0179728,0.00835604,0.128359,0.00262981,-0.00264405,-0.000567083,-0.00135931,
0.00759145,-0.348524,-0.0675658,-0.337039,0.00656949,-0.00110281,0.00361898,0.000166743,
0.000533127,-0.151843,0.0518718,-0.16972,0.00877211,0.00111941,0.00159819,-0.00189514,
0.00612268,-0.00469748,0.0314268,-0.112263,-0.00260414,0.00225867,0.00281164,0.00723272,
0.00833276,-0.0378885,-0.0263787,0.0294829,-0.00463106,0,-0.0021333,0,
0.00294692,0.0221133,-0.0302432,-0.203454,0.0152391,-0.000224836,-0.000922299,0.000173207,
0.00869842,-0.0389811,-0.0182109,-0.134087,0.00718927,-0.0016523,0.00361718,0.000621728,
-0.00324643,-0.0170087,-0.120379,0.0775654,-0.00350446,0.000368749,0.00588418,-0.00385171,
-0.0314968,0.0572843,0.0486541,-0.467613,0.01227,0.00224645,0.00668076,-0.00248571,
-0.0427733,-0.328086,-0.00360597,-0.597785,0.0130127,0.000107541,0.0018172,-0.00464075,
-0.0600614,-0.339203,-0.178507,-0.270533,0.0086908,0.00195275,0.0065179,0.0172319,
-0.123951,0.0371104,-0.0153591,0.345248,-0.00848339,-0.00362733,0.00129355,0.0125463,
-0.272367,-0.172398,0.110361,-1.15076,0.0134189,-0.00225816,0.000305061,0.000951493,
-0.0390639,0.119554,-0.206328,-0.13996,-0.0037502,0.0054199,0.00424473,-0.00991509,
-0.116832,0.155351,0.0566826,-0.0148039,-0.00189084,0.00304026,0,-0.00222833,
-0.168528,-0.0359836,-0.075968,0.206261,0.0244308,-0.00292897,0,0.00790766,
-0.0123304,-0.12675,0.0892085,0.0283324,0.01018,0.00605413,0.00495412,0.0034634,
-0.140202,-0.180379,-0.00389786,-0.366785,0.00800293,0.00373924,0.00567877,0.00620696,
0.0540736,-0.176497,0.00189903,-0.327184,0.00300531,0.00809496,0.000587304,-0.00256931,
-0.0690447,-0.216463,0.100343,-0.386413,0.0137274,-0.00526529,0.000135883,0.00081427,
-0.0914374,-0.129789,-0.000106739,-0.35088,0.00519513,0.0129201,0.0134023,0.014266,
-0.264787,0.118418,-0.0403144,-0.729279,0.0062463,0.000420234,0.00328935,0.00594009,
0.146058,-0.107275,0.0157023,0.233203,0.00539576,-0.000596787,0.00153423,0.0139528,
-0.0526317,-0.243582,-0.0618176,-0.189929,-0.0117939,0.00384526,-0.000864241,-0.000872846,
0.084902,-0.0902362,0.0662277,-0.682545,0.0141962,0.0112181,-0.000279921,0.00790747,
-0.0408627,-0.255131,-0.0271052,-0.163048,0.000305672,0.0174715,-0.000279277,0.00483018,
0.0551533,0.0423533,-0.0473976,-0.0737324,-0.00313403,0.00379748,0.00457047,0.00939922,
0.0675949,-0.0960357,0.0734966,0.0512014,0.0251931,-0.00605979,0.00302517,0.00712964,
-0.027056,0.0336811,-0.169424,-0.0649137,0.00141612,0.00260611,0.00793509,-0.00330405,
-0.115312,-0.169979,-0.0905428,-0.165813,0.00322836,-0.00150844,-0.00229289,-0.00215588,
0.0899504,-0.183647,-0.10676,-0.615231,0.00797118,0.00688901,-0.00652888,0.0138635,
-0.0355434,-0.130312,0.0247396,0.00802411,-0.00940672,-0.00173576,0.0025404,-0.00775534,
0.0533455,0.039613,-0.00970807,0.0567314,0.0132392,-0.000443524,0.00562152,-0.00143005,
-0.154032,-0.092169,-0.000724709,-0.640192,0.00469963,0.00441295,-0.00186507,0.00607259,
-0.143857,-0.157681,-0.000756515,-0.314921,0.00472081,-0.000920159,0.00494052,-0.0082272,
0.0441674,-0.150937,0.0589662,-0.497059,0.000827801,0.00731923,0.00214502,-0.00203795,
0.0377604,-0.109093,-0.108693,0.159122,0.0187933,0.00314922,0.000882706,0.0034113,
0.0122521,0.0557753,-0.038233,0.324959,0.00335809,-0.00388054,0.000130396,0.00359439,
-0.0172905,0.0487938,-0.0445045,-0.2404,0.0104759,-0.000845517,0.00135577,0.0147129,
-0.0287428,-0.0350447,-0.0120037,-0.162266,-0.0181612,-0.000399187,0.0120843,0.00122556,
-0.00342412,-0.0922399,-0.0120609,-0.0723926,0.00504114,0.00540299,0.00445237,0.00159482,
0.0218386,0.00233302,-0.0782734,0.0645534,0.00145517,0.00485782,-0.00128734,-0.00677423,
-0.0023931,-0.0995608,-0.0636107,0.000303833,0.00276916,0.000291849,0.00563069,0.00042476,
0.045855,-0.105551,0.00870503,0.11469,0.00344253,-0.000620312,0.00445522,-0.00513442,
0.0481801,-0.148522,0.0160126,-0.190689,0.00528638,0.0064418,0,-0.00349134,
-0.057137,0.00737061,-0.0230994,-0.0911422,-0.00574671,0.001637,0,0.00145276,
-2.66945e-05,-0.0356983,-0.0337859,0.040728,-0.00872847,-0.000962232,0.00716216,0.0024213,
0.000899979,-0.241508,-0.0290426,0.0914273,-0.00113212,0.00706053,-0.00048614,0.0060235,
0.0436106,-0.100542,-0.0131737,0.0493921,-0.00845088,0.000920319,0.00166888,-0.0020808,
0.0733143,-0.116276,-0.0026261,-0.0873545,-0.00134533,-0.00230726,0.00322251,0.000806853,
0.0295436,0.00176813,-0.0165261,0.0849216,-0.00721726,0.000210037,0.00349164,0.0013454,
0.0218334,-0.0298186,0.00396577,-0.149166,0.00388277,3.63421e-05,-0.000681297,0.00103418,
0.0937235,-0.0321655,-0.00226721,-0.180003,0.00159135,-0.00207848,-0.000206645,-6.98027e-05,
0.0832218,-0.0313757,-0.00182389,-0.102488,-0.0013833,0.00152325,0.00125786,-0.000488096,
-0.0113619,-0.0330138,0.0134674,-0.0401829,0.00461695,-0.000291347,8.29581e-05,-0.00109773,
0.00972338,-0.0283114,0.00390719,-0.0697146,0.0013775,6.50377e-05,0.00207361,-0.00207002,
-0.0040579,0.00648238,0.00491314,-0.0216359,-0.00479897,-0.000629861,-0.00158241,-0.00077132,
-0.00532378,-0.00558007,-0.0150703,-0.0217358,0.000239073,-0.0012668,-2.93078e-05,-0.000432496,
-0.00889898,-0.00273346,0.0188012,0.00693916,0.00111038,-0.000942254,-0.000856058,-0.00159012,
-0.0185456,-0.000736027,0.0211713,0.0319145,-0.005418,0.000608365,0.000460157,0.00164347,
-0.029317,0.00838869,0.000907149,0.00894587,0.00482892,-0.000901345,0.000358677,-0.00154988,
0.0258118,0.0122079,0.0151245,0.0316852,-0.00693059,9.91323e-06,0.00100891,-0.00191605,
-0.000515797,0.0257673,0.0104786,0.01103,-0.00315398,-0.0044479,0.000588441,-0.00263385,
0.0251529,0.0450843,0.000939025,0.00516288,-0.00535048,-0.000473773,0.000542437,0.00281154,
-0.00798328,0.0103156,0.00578894,-0.0019687,-0.0103455,-0.00538185,0.00184521,-0.00722353,
-0.0899134,0.0222148,0.00488784,-0.00393145,-0.0132194,-0.00219904,-0.000944903,-0.00576414,
-0.00139964,9.38093e-05,-0.0020454,0.00359523,-0.0142273,-0.00136495,0.000472158,-0.0045994,
-0.0192666,0.00661395,-0.00308345,0.0118587,0.0056365,-0.00656542,-0.00200197,-0.00873774,
-0.000981205,0.00269368,-0.0105582,-0.00100862,-0.00331286,-0.00813633,-0.00351997,-0.00530744,
-0.0301641,0.00103842,0.0109797,0.000249041,0.000825629,1.26369e-05,-0.00403481,-0.000592629,
-0.0136107,-0.00416974,0.00280364,-0.00411939,0.000582798,-0.00486393,-0.00343676,-0.00346581,
-0.0157474,-0.0164248,-0.00263722,-0.0195716,-0.000391129,0.00375474,-0.00998665,-0.00518721,
0.0148898,0.00658793,0.00587589,-0.0139574,-0.0073935,-0.00208913,-0.0067673,-0.00416018,
0.00240784,-0.0232247,0.00235558,-0.00182043,-0.0105663,0.00760317,-0.00265961,0.00243684,
0.00156072,0.0203153,-0.00691439,-0.0439805,-0.000329588,0.00118396,0.00459074,0.000778091,
0.00551008,-0.0219384,0.0099458,-0.0202587,-0.00818191,-0.00404248,-0.00247902,0.000503202,
0.00723173,-0.00119196,0.00975197,-0.0174704,0.0048666,-0.000446179,0.00188563,0.00286586,
-0.00568002,-0.0277183,-0.00131011,-0.00491,-0.00551745,-0.00820461,-0.00155088,0.00219975,
0.00276393,-0.00837176,-0.00397915,-0.0211679,0.0119868,0.0059848,-0.000883631,-0.000968399,
0.00722589,-0.00555757,-0.0118199,-0.0186558,-0.00343984,-0.00112839,-0.0133353,-0.00467944,
0.000801959,-0.000829305,-0.000549509,-5.91238e-05,-0.000179956,0.00665285,-0.00396148,-0.016586,
0.0132693,-0.00802284,-0.00394714,0.000931576,-0.0285319,-0.00447302,-0.0086866,0.00241038,
0.00347746,0.00505818,-0.00435789,0.00120814,-0.00708707,0.00240194,0.00310656,0.000858312,
-0.00187332,-0.00605142,0.00111444,0.00622324,0.000667774,-0.00905248,0.0045742,0.00218835,
-0.00452546,-0.00430326,-0.00225328,-0.00332186,0.00131978,-0.00103788,-0.00166783,-0.00277862,
-0.00474933,0.0026283,-0.001386,-0.000863917,0.00376024,0.00261151,-0.00696027,0.000151991,
-0.0132041,0.00421628,0.000323764,-0.000457339,-0.00768552,-0.00493963,0.0023289,-0.00157302,
-0.00666378,-0.00339541,0.000173429,0.00241735,-0.0017561,-0.00908497,0.00186369,-0.0060489,
-0.00685526,-0.00185368,-0.00126503,0.00158401,-0.0143116,0.00296715,0.00136818,-0.0185709,
-0.0179707,0.0073376,0.00033993,3.62289e-05,0.00877921,-0.00120436,0.00738943,0.00150566,
0.0184123,0.000909064,-0.00242776,-0.00104748,0.00451025,-0.0143394,-0.00848889,-0.00552686,
-0.0169276,0.00152297,-0.00152758,-0.00771768,-0.00884416,0.00513475,-0.00284998,-0.00138708,
-0.0172088,-0.00166431,0.000731475,-0.0133629,0.00149741,-0.00215421,0.0024761,0.000584764,
0.00111773,0.00116871,-0.000703112,0.00770464,-0.00977378,-0.00437579,0.00181809,0.000848727,
-0.0242783,-0.000770901,-0.0035992,0.00120508,0.00310757,-0.00831032,0.00669415,0.00591137,
0.006029,0.00219179,-0.00283941,0.00404653,0.0071691,0.00297309,-0.0064614,0.00256203,
0.00147878,0.00197291,-0.00168201,-0.011647,0.00390261,-0.00430938,-0.00501669,0.0018878,
0.00388778,0.00564925,0.000179937,-0.006586,-0.0219828,0.00564064,-0.00177276,0.000101308,
-0.00823541,0.0119008,-0.00266446,-0.00729961,-0.00768928,-0.0040761,-0.00149777,-0.00502357,
-0.0185671,-0.00423843,-0.00578946,0.00342652,0.00144187,-0.0109079,-0.00087217,-0.00921917,
-0.00621873,0.00860749,-0.00400501,0.00745193,0.00119272,-0.00321298,-0.00620287,-0.00962037,
-0.00833164,0.010134,0.00346801,-0.0138511,-3.08086e-05,-0.00161537,-0.00378172,-0.00485881,
0.00454804,-0.00102953,-0.00162616,-0.0037432,-0.000994558,-0.00517222,-0.00215736,0,
-0.00592525,-0.0134838,-0.00978222,-0.00257202,-0.00500791,-0.00168509,-0.0091399,0.00251902,
-0.0222706,0.0054998,-0.00428661,0.000980606,-0.00151096,-0.0105848,0.00239436,-0.00598039,
-0.00836328,-0.00571815,0.00359182,0.000599655,-0.00334018,0.00435747,-0.00195257,-0.00711725,
-0.00318211,0.00152248,-0.00148601,-0.00310676,-0.00165877,-0.000712321,-0.00201597,-0.000828061,
-0.00465483,0.00182432,0.00127037,0.00178004,-0.00138572,0.000254952,0.000305405,0.000191078,
0.00345346,-0.00292281,-0.000539329,0.00201256,-0.00907467,-4.97139e-05,0.00103825,-0.00250125,
-0.00532474,-0.0026498,-0.000395798,0.000552453,-0.00219304,-0.00560046,-0.00352702,-0.00787504,
-0.00418756,-0.000158827,-0.000567913,8.78971e-05,-0.00172456,-0.00472412,-0.00266901,0.00199779,
-0.000626136,-0.000298011,-0.00152985,-0.00155609,-0.00764154,0.000480145,0,-0.0036922,
-0.0064366,-0.00159802,-0.00102197,-0.00272897,-0.000743433,-0.00183448,-0.00312339,-0.00163852,
0.00046463,-0.0107788,0.0038328,-0.00277709,0.00054266,0.00417645,-0.000934636,-0.00475896,
-0.00497038,-0.0548548,-0.00482428,-0.0321729,-0.0025503,-0.00181889,-0.00276267,-0.00154411,
-0.00268736,-0.0869465,-0.000212846,0.0488739,0.00124987,-0.0008452,-4.3551e-05,0.00200047,
-6.68687e-05,-0.102707,-0.00105027,-0.107842,-0.00223439,-0.00095664,-0.00141582,0.000145458,
-0.00128504,-0.0689071,0.000386468,0.0326153,-0.00116414,-0.000734987,0.0014124,-0.00111652,
-0.00382901,0.0205748,-0.0347615,-0.0117225,0.0022718,-0.00151682,-0.00105696,-0.00219689,
0,-0.115455,-0.0372888,-0.156641,-0.00104278,0.00117947,0.00113793,0,
-0.000513534,0.00237865,-0.000790196,-0.196879,0.000324691,0.000232644,-0.0006775,0.00117646,
-0.00348914,-0.250942,-0.0088441,0.0699478,0.00099148,0.000213221,0.000884177,0.00218138,
5.38537e-05,-0.333424,0.0228813,0.00194194,-0.00210706,0.000868834,-0.00350684,0.00111047,
0.00442701,0.132538,-0.05165,-0.131257,0.00127819,-0.000358358,0.000817504,0.00590324,
0.00507378,-0.061424,-0.0959131,-0.110815,0.00128476,-0.000701643,0.00301042,0.00561643,
0.00299759,-0.317888,0.0607147,-0.242356,0.0043577,0.000656286,-0.00164893,0.00291351,
0.00394404,0.0227455,0.0564324,0.131163,0.00740923,0.00192126,-0.0049446,0.0021674,
0.0002214,0.292626,-0.0122551,-0.162789,-0.00227498,-0.00264153,-0.00372371,0.000185793,
-0.169707,-0.186722,-0.122331,-0.409463,-0.000505915,-0.000990335,-0.000529506,0.000392633,
-0.108589,-0.0599457,-0.0102219,-0.249102,0.0116706,0.00127079,-0.00540551,0.00926402,
0.0622105,0.0481465,0.022344,-0.581983,-0.000891049,-0.00272683,0.000896991,-0.0028486,
-0.0739582,0.10902,-0.140243,-0.629234,0.0079205,0.003245,-0.00357822,0.00842136,
-0.0615679,0.171414,0.0224015,-0.155395,-0.00705878,0.000246788,-0.00765262,0.00622475,
0.027969,-0.142982,-0.0061336,-0.00924404,-0.00447121,0.00540402,0.0056555,0.00161706,
-0.0623538,-0.179265,0.037021,-0.798373,-0.0123859,0.00068674,0.0050195,-0.00704463,
-0.135981,0.00524902,-0.124218,-0.1545,0.0124397,0.00348595,0.00439022,0.000936465,
-0.131902,-0.166283,0.0224879,-0.400808,-0.0123424,0.00816791,0.000995858,0.00157589,
-0.0192052,-0.205772,-0.0234367,0.200702,-0.00109146,0.00259548,-0.00462008,0.00513583,
-0.0469722,0.0898575,-0.0456464,-0.67736,-0.00129878,0.00730479,0.00107703,0.00755897,
-0.127968,-0.0471675,-0.0849438,0.0534305,0.00953219,-0.000479659,0.00103404,-0.00722075,
-0.0102989,-0.115174,-0.0736753,-0.21327,-0.00289791,0.00365751,0.00705133,0.0210189,
-0.101485,-0.102501,-0.00469041,-0.810568,0.0215503,0.00404034,0.000756238,0.0132937,
-0.368085,0.213871,-0.125831,-0.236703,0.00296553,0.000780953,-0.000716095,0.00192675,
0.0901903,0.175057,-0.112643,-0.0747926,-0.00699557,0.00203457,0.0047641,0.00879426,
-0.0678055,-0.000340708,0.0918794,0.298978,-0.0105142,0.00992715,-0.00345441,0.00066963,
0.107614,-0.0893184,-0.0092296,-0.619336,-0.00105219,0.00211773,-0.000526806,0.0156346,
0.00529976,-0.264393,-0.0562083,0.450019,0.00830148,0.00989308,0.00119376,0.0102153,
-0.21862,-0.0769369,0.0697691,0.003843,0.01563,0.00304851,0.019351,-0.00122569,
-0.191818,0.0626625,-0.160151,0.348329,-0.00251048,-0.00580433,-0.00117984,0.010576,
-0.321532,-0.220457,-0.0268241,-0.105272,0.00629321,0.0072909,0.00602505,0.00172184,
-0.00564652,-0.268255,0.121802,-0.124383,0.00981655,-0.00571605,-0.00434025,0.00447499,
-0.240687,-0.0603461,-0.119682,0.077806,0.0257451,-0.000319143,-0.000452242,0.00723134,
0.109567,-0.01159,0.0689464,-0.427081,0.017051,0.00612876,0.00554023,0.011224,
-0.211126,-0.0618148,-0.327735,-0.000843979,0.0129172,0.00531983,0.00612345,0.000864277,
-0.0193052,-0.150234,-0.0500083,0.0591796,0.0016172,0.00563274,-0.00159581,0.00318088,
-0.0654688,0.013203,-0.219214,-0.194545,0.0006166,0.000940017,0.000706845,0.00394384,
-0.105192,0.04234,-0.0349372,0.456737,0.0188326,0.0141128,0.00156917,0.00729268,
-0.26906,-0.142752,-0.232733,-0.0827282,0.00665429,-0.00294656,0.00210577,0.00644794,
-0.015937,-0.0683894,-0.0258624,0.171941,0.00672371,0.00142754,-0.000932764,-0.00225551,
-0.130819,-0.0573036,-0.0181445,-0.0442165,-0.0054185,0.0101691,0.00522946,0.000583669,
-0.0485658,-0.202237,0.0243798,0.0545574,0.0130669,-0.00194599,-0.00285002,0.00222567,
-0.249567,0.0780875,-0.0327414,-0.000370346,-0.0206118,0.00712725,0.00159605,0.00250855,
-0.117697,-0.103903,-0.0283427,0.135915,0.0157193,0.00691163,0.000563555,0.000841617,
-0.270688,-0.0252843,-0.0384819,-0.224338,0.0112516,-0.00144508,0.000343621,0.00261642,
-0.0908195,-0.0497154,0.0691091,-0.210773,0.0117658,0.00145995,0.00852632,0.00117002,
-0.122873,-0.113703,-0.15556,-0.123802,-0.0060427,0.00218524,0.00399327,0.00347345,
-0.0825718,-0.042311,-0.0205111,0.0256036,-0.000342235,0.00324556,-0.00111491,0.0101949,
0.01759,-0.0653289,-0.0506718,-0.146709,-0.00530515,-0.00463453,0.00171009,0.00138856,
-0.0527538,0.0276396,-0.0349131,-0.0416847,0.00244995,0.00139667,-0.00100413,0.00246477,
0.0127549,-0.20136,0.0561537,-0.174366,-0.0023081,0.00438473,0.00399115,0.00383699,
0.0467656,0.00928996,0.0281441,-0.323489,-0.00955156,0.00202363,-0.00215761,-0.000101485,
0.00584227,0.014626,-0.0379602,0.0761357,0.00148264,-0.000278374,0.00246532,-8.69121e-05,
0.0358883,0.0127483,-0.0146405,-0.369578,-0.00281496,-0.000238293,0.00270205,0.000168591,
0.0409578,-0.129199,0.0101037,-0.0348725,0.0211378,0.00392654,-0.000623652,0.00480563,
0.004922,-0.0972473,-0.0375037,-0.223098,-0.0101231,9.4976e-05,-0.000403813,-0.00445184,
0.0119105,-0.113933,-0.00327158,-0.357652,0.00297697,3.56628e-05,0.00401971,0.00410743,
0.056826,-0.0307347,0.00150227,-0.0280615,-0.000443959,-0.000252485,0.00224688,-0.00402484,
-0.0520113,-0.00703319,0.0119637,0.0486283,0.00204348,8.7268e-05,0.00253233,0.000206031,
-0.0288613,-0.0285583,-0.00382241,-0.0409105,-0.0015297,0.000230037,-0.000930573,0.000991449,
-0.0279131,-0.0479524,0.00384059,0.0517142,0,0.000221305,0,0.00190161,
0.0281539,0.00314168,0.0063745,-0.0738395,0,0.000508188,-0.000399657,-0.00072709,
0.0200118,0.02352,0.0133612,-0.00529498,0.00123667,-0.000161533,2.02283e-05,-0.000823031,
-0.0571556,-0.0170512,0.00359665,-0.113191,0,0.000210181,-0.00127875,-0.000451148,
0.00133309,0.0263713,0.0123619,0.00822226,-0.00270034,-0.00240134,-0.000969054,-0.00614385,
0.0276792,-0.00500359,-0.00735007,-0.00831557,-0.000626547,-0.000505031,-0.00150688,-0.00216997,
-0.0171131,-0.00887408,-0.0128298,-0.00774827,-0.00336241,0,-0.00289677,-0.00187802,
-0.0168906,-0.00618924,0.0116914,0.0100683,-0.00739979,-0.000583849,-0.000950237,-0.00352889,
-0.0282917,0.00801011,0.00228469,0.0122069,-0.0144125,-0.00327865,0.00318206,-0.00336103,
-0.015509,0.00610064,0.011049,-0.0466358,-0.00509973,-0.00485414,-0.00129029,-0.0032505,
0.00547411,-0.0056291,0.00269469,-0.0156074,-0.00368581,-0.00472457,-0.00101406,0.0021618,
0.0119522,0.0107037,0.0130251,0.018606,-0.0048088,0.000462682,-0.00158645,0.000737279,
0.0104928,0.0196892,-0.000803906,0.00217426,-0.00394366,-9.97323e-06,0.00237257,-0.00340569,
0.0129882,0.00667421,0.0031499,0.0448289,0.00199767,-8.50441e-05,0,-0.00554689,
-0.022116,0.0244272,0.00855304,-0.00534882,-0.00826749,-0.00368469,0.000737885,0.00047144,
0.0197594,-0.00677607,0.000200481,-0.00538617,-0.00106032,-0.00698914,-0.00125587,-0.000359851,
-0.049607,-0.00906315,-0.0103541,0.00966866,-0.0185172,-0.00736755,-0.00265934,-0.000343148,
-0.0392937,0.00192097,0.0164193,-0.00260598,0.00753885,-0.00765238,-0.00269056,-0.0130124,
-0.0251176,0.00219256,-0.00591599,-0.00505745,-0.011947,-0.00611986,0.00493711,0.00372384,
0.0033014,-0.00249368,-0.0121437,-0.0132611,-0.00796147,-0.00311033,0.00482662,0.00305401,
-0.00892299,0.00703652,-0.0261271,0.0096776,0.00727641,0.00318015,0.00136495,-0.0069128,
-0.011771,-0.0241439,-0.0223517,0.00438868,-0.0157251,-0.00570669,-0.00148138,-0.00173676,
-0.0114892,-6.39274e-05,-0.0206392,0.0149291,-0.00948289,-0.00469797,0.000916822,-0.00191255,
-0.00429417,0.0138104,-0.0131759,-0.0274922,0.00018385,-0.00770214,-0.0074284,-0.00197988,
0.00131351,-0.00212549,0.00282944,-0.01274,0.00163203,0.00444739,-0.00452465,-0.00269449,
0.00270304,0.00785738,0.00032544,0.00659083,0.00465833,-0.00720906,-0.00327153,0.000960462,
0.0022845,0.00492707,-0.00243205,0.00609828,-0.0277317,0.00183716,-0.00229034,-0.00969458,
-0.00563417,-0.00188773,-0.00648372,0.00977893,-0.0148052,0.0030117,-0.00685051,-0.00450174,
0.00562077,-0.00498301,-0.0009779,-0.00621995,0.000825716,0.00333952,-0.000522714,-0.00863728,
0.00474803,-0.0126092,3.41062e-05,0.00304494,-0.00845612,-0.00529804,0.000654719,-0.0105121,
0.0130276,-0.00174042,0.00151538,-0.000609139,0.0206043,-0.00302578,-0.00346258,-0.000486278,
-0.000445312,0.00878376,0.00143785,-0.00225951,-0.00628746,-0.00697804,0.00163445,-0.0121425,
-0.00670774,-0.0017155,-0.000938058,0.00155702,0.010988,-0.00272581,0.00302053,-0.000945698,
-0.0157918,-0.00440265,0.00171524,0.00750859,0.00176432,-0.0016651,-0.00819848,0.00871872,
-0.0180571,0.0019505,0.00296406,-0.000917053,0.015818,-0.00872266,-0.00618037,-0.000323204,
0.0049583,0.0018276,-0.00103271,0.0114272,-0.0152904,0.00134519,-0.0063112,0.00547091,
-0.0133474,-4.89899e-05,-2.7478e-05,-0.000235283,0.00295161,-0.00811544,-0.00608664,-0.00653278,
0.00307045,0.000263831,0.00123558,-0.00306518,0.00313313,-0.00594427,-0.000542939,0.000569481,
-0.0166305,0.000730966,-0.00121857,-0.00229339,-0.0117796,-0.000943447,-0.00378383,0.00156241,
0.00218341,0.000119871,-0.00118546,0.000988726,-0.00714686,0.00172567,-0.00579261,-0.00192279,
0.0170673,0.000813187,-0.000669401,-0.00655161,-0.0157981,0.00534725,0.000780009,-0.00422514,
0.00126714,0.000362144,0.00419514,0.00204696,-0.0247106,-0.000415759,0.00174828,-0.0156448,
-0.0154051,0.00177667,0.000782028,-0.00943496,0.00928725,-0.00797944,-0.000343274,0.0062237,
-0.00365663,0.00213325,-0.00673636,0.00534509,-0.0102086,-0.00991077,1.99231e-05,-0.00876294,
-0.0257316,0.00683477,0.00736,-0.0288534,-0.0141545,-0.0109411,-0.00190258,0.00738948,
0.00626653,0.000779033,-0.0115406,0.0100394,-0.00383517,-0.00953407,-0.00399125,-0.00926545,
-0.0146469,-0.0119087,0.00190509,-0.0232513,-0.0233051,-0.0057074,0.00630565,-0.00327993,
0.0149876,-0.00137543,-0.0127801,-0.00552263,0.00179806,-0.00459376,-0.000662759,-0.00336087,
-0.0144915,0.000777083,-0.00393956,-0.0288553,-0.00616481,-0.00529512,0.0016696,-0.0123439,
-0.00179602,-0.0192246,0.00162848,0.00517821,0.000545674,-0.00440079,-0.00398811,-0.00539475,
-0.00165474,-0.00773097,-0.00274965,-0.011202,-0.0195978,0.0016782,0,-0.00237477,
-0.00318658,-0.00317939,0.0114881,0.00166124,-0.00257121,-0.0026811,-0.000393689,-0.00204885,
0.00215445,-0.00592879,-0.00381151,-0.000715266,-0.0137918,0.00250642,0.00392727,-0.00070372,
0.00310178,-0.000861809,0.00335263,-0.000338664,-0.00471893,-0.00326563,-0.00231548,-0.00626587,
-0.00463586,-0.000905332,-0.00814108,-0.000671589,-0.00596114,0.000858692,0.000879942,-0.00388978,
-0.00288858,-0.00490532,-0.0018963,0.00257841,0.000997137,-0.00264518,0.000679088,-0.0031566,
-0.00157986,0.00121427,-4.81645e-05,-0.00139764,-0.00663482,-0.00579822,-0.000496553,-0.000738087,
0.00395489,-0.0109832,-0.000579083,0.00615379,-0.0071298,-0.00246644,-0.00131536,0,
0,-0.0561354,0.000258358,0.00131495,-0.00701211,0.00232746,0.000372948,0.00476452,
-0.000764051,-0.100255,0.000702602,-0.00671675,-0.00659188,0.000661385,-5.47913e-05,-0.000607455,
0.00222953,0.0307531,-0.000647539,0.0501581,-0.00932716,0.000574356,-0.0010515,-0.00617821,
5.9408e-05,-0.0586412,-0.0247957,0.108649,-0.00298251,0.000226013,0.00125636,0.000258563,
-0.00482098,0.0237333,0.00659491,-0.0994467,-0.0026932,0,-0.00250466,-0.000909986,
-0.00794805,0.0247148,-0.0548669,-0.0400379,-0.00277714,0.000335057,-0.00116792,0,
0.00114979,-0.0527321,0.0245345,0.0679515,0.00144367,0.000395362,-0.000407479,0.000169837,
0.00191734,-0.243808,-0.0617783,-0.117963,-0.00198068,-0.000232941,0.000164879,-0.000574275,
-0.00167894,-0.134324,-0.0520439,-0.221721,-0.00398204,0.00175638,0.00104447,-0.000811082,
-0.00385473,-0.0549685,0.000106862,-0.0912421,8.91797e-05,-0.00181094,-0.00115936,0.000434418,
-0.00279521,0.251514,0.0838104,0.167276,-6.59851e-05,0.00181976,0.000165358,-4.33789e-05,
-0.00110317,0.0688862,0.0414739,-0.133368,-0.00314076,0.000928555,0.00175867,-0.000816487,
0.000687893,-0.402137,0.0532412,-0.2657,0.00937189,0.00151862,0.00202856,-0.0018274,
-0.0640747,-0.00275184,-0.148826,-0.104895,0.00170534,-0.0010303,0.00391254,0.00225073,
-0.0836281,-0.224626,-0.0725996,-0.272144,-0.00515979,5.63915e-05,0.0043245,-0.00216931,
-0.0168306,-0.142148,-0.0871948,-0.199328,-0.00789652,-0.00245202,-0.000403346,-0.00163095,
-0.025968,0.0647829,-0.0620634,0.053454,0.00624457,0.000625642,0.00359032,0.000410866,
-0.287181,-0.16921,-0.0141646,-0.270714,-0.0017705,-0.000342433,0.00767718,0.00344547,
-0.0892554,-0.0766919,-0.00483988,-0.115343,0.00234938,0.00484033,-0.00289073,0,
0.103627,0.111686,-0.250115,0.0445262,0.00274562,-0.00483948,-0.00411587,0.00599261,
-0.143275,-0.0340099,-0.0413402,-0.127255,-0.00204135,0.00278507,0.003068,0.00342831,
-0.0674059,-0.0431478,-0.0811564,0.300704,0.00932598,0.00150546,0.00430845,0.00584557,
-0.184598,0.0620292,-0.054087,-0.0153779,-0.00312328,0.000640646,-0.0015981,-0.00219571,
-0.0416258,-0.249722,-0.0034194,-0.131981,0.0168244,-0.00505102,0.00589853,-0.00275608,
-0.317611,0.0274839,0.0789469,-0.237757,-0.00163409,-0.00128741,0.0117272,0.00960334,
0.249433,-0.112705,-0.0952835,0.404144,0.0109176,-0.00749863,0.00309725,-0.0108559,
-0.388689,-0.0662157,-0.262967,-0.389527,0.0117761,0.00339605,0.00286851,-0.0054381,
-0.260046,-0.200987,-0.226029,0.164809,0.0228367,-0.000783646,0.00349135,0.0127805,
-0.146564,-0.0647315,-0.104006,-0.450232,0.0110203,0.00531238,0.0112226,-0.00190318,
-0.18845,-0.00947632,-0.0748368,-0.341606,0.012911,0,0.00109559,-0.00583225,
0.154925,-0.0710648,0.0236091,-0.105261,0.010679,0.00337905,0.00751312,-0.00678044,
-0.127254,-0.0725473,-0.0616993,-0.222749,0.00507523,0.0161955,-0.0023739,0.0153915,
-0.313702,0.0542242,0.0167386,-0.470413,0.0109713,0.00999086,-0.00324471,0.00145038,
0.05037,0.00582183,0.0364919,-0.119664,-0.00479829,2.93672e-05,0.000522202,0.00463897,
-0.25995,-0.0929256,0.0711243,0.145879,0.0275582,-0.00170618,0.0013145,-0.00544106,
-0.215234,0.0374323,-0.0865506,-0.0791249,0.00835476,0.0108371,-0.00141841,-0.0054793,
-0.44377,0.0791325,-0.0505407,0.115564,0.012828,-0.000201241,0.00627058,-0.00760786,
-0.0319423,-0.107955,-0.00338367,-0.506325,-0.00617951,0.00948302,-0.00214777,0.00181108,
-0.286635,-0.10397,-0.0819695,0.219613,0.00321997,0.00484505,0.0027645,0.00465479,
-0.0336724,-0.0514769,-0.289168,-0.115952,0.00788924,0.00165587,0,0.0146958,
-0.170666,-0.101464,-0.108706,-0.0901672,0.0194951,-0.000891355,-0.00300196,-0.000337287,
-0.166123,-0.167128,-0.242224,-0.145793,0.004211,0.00596198,-0.0012902,-0.00578751,
0.168693,-0.295677,0.0724217,-0.197586,0.0119543,0.00616253,0.00507095,0.00104942,
-0.198075,-0.223577,0.00861986,-0.289419,-0.00217011,-0.000848273,0,0.0109447,
0.0793484,-0.107939,0.079394,-0.0947428,0.0182176,0.000478774,0.0051569,0.010281,
-0.0358176,0.175674,-0.0909489,0.170046,0.000484573,-0.00048119,-0.00120427,0.00257703,
0.0494475,-0.0534829,0.068495,-0.432692,0.00568519,0.00197054,-0.00917505,-0.00569578,
-0.518928,0.124677,-0.0986089,0.117592,0.0137297,-0.00276632,0.0088876,-0.00455506,
0.113297,-0.0666106,-0.0250012,0.0296362,0.0135795,-0.00620949,0.000712156,0.00151742,
-0.0697701,-0.401456,-0.0322242,-0.0429884,0.00711151,0.00389137,0.000144745,0.00106644,
-0.309744,-0.0491063,-0.10469,-0.45787,0.00563563,0.0115773,0.00692687,0.0123427,
-0.059414,0.00255773,0.0816507,0.112538,0.00190826,-0.00243384,0.00262432,-0.00143234,
-0.194251,-0.089811,0.03769,-0.281064,-0.00166782,0.0023607,0.00313778,-0.0022846,
-0.147952,-0.0689835,-0.0363658,-0.0988985,0.00557064,0.00751313,-0.00029944,-0.0010008,
-0.0262446,-0.123466,0.0404707,-0.0913321,0.00699435,-0.00244491,0.00920494,0.00701428,
-0.0122426,0.00392419,-0.0506027,-0.277677,0.0124541,0.00380363,-0.000431177,-0.0029436,
0.0179721,0.0928498,-0.0391829,-0.851087,-0.00910567,0.00324939,-0.00303041,0.00478807,
0.00316373,-0.0233182,0.053211,0.141277,0.00655768,0.00241997,0.00601872,-0.00147569,
0.0127566,-0.19343,-0.0391464,-0.148516,-0.00692345,0.00354785,0.0004316,0.00657968,
-0.0642308,-0.0613295,-0.023168,-0.496137,0.00603193,0.00783563,0.000880038,0.000450384,
-0.0578068,-0.00819369,0.00670691,0.00961206,0.00144688,0.000383358,0.00144369,0.00187381,
-0.0152327,-0.0882045,-0.068083,-0.204326,0.00878491,-0.00116156,0.00273062,0.00568803,
0.0012474,-0.179905,-0.0127105,-0.213825,-0.0112264,0.00254867,0.00111843,0.000328587,
-0.00965808,-0.00845603,-0.00182013,0.0666764,-0.00186,0.00223456,0.000288085,-0.000277573,
0.0034767,-0.0686626,-0.0171962,0.157365,-0.00126014,0.00359179,-0.00210951,-0.00105971,
0.0219476,-0.101245,-0.0162217,0.0467279,0.0100092,-0.000801377,0.00414293,-0.00127325,
0.0342148,-0.0113657,-0.00983469,-0.0899291,0.000650952,0.000671617,0.000409205,0.000226898,
0.108901,-0.0516755,-0.00200513,-0.0566862,-0.00598354,-0.00214411,-0.00128567,0.000912179,
-0.0351104,0.0218388,-0.0177297,-0.116348,-0.000181867,-0.00142784,-0.000562487,0,
0.0189668,0.0387224,-0.0114731,0.0105101,0.000533567,-0.000732858,-0.00151746,-6.30701e-05,
-0.0374033,-0.092111,-0.00182106,0.065646,-0.000765646,-0.00142846,-0.00132411,-9.24014e-05,
0.0601404,-0.0398996,-0.00864861,-0.0578342,-0.00844945,-0.000263677,0.00142471,-0.000351897,
0.0379827,-0.044931,0.0133184,0.0265279,0.00220419,0.000199976,0.00105868,-0.00277458,
-0.0248182,-0.018423,0.00100795,0.00386794,0.000497548,-0.000239713,-0.0013376,-0.00547594,
-0.00794422,-0.0202741,0.0116781,0.000300825,-0.00209666,-0.00132631,-0.00173011,-0.00237893,
-0.0206226,-0.00699105,-0.000454268,0.00919031,-0.00138111,-0.00172618,-0.00142878,0.00197379,
-0.00784656,-0.00203732,0.00203176,-0.00146634,1.81799e-05,-0.00101736,0.00252608,-0.00645439,
0.0056479,0.0032726,-0.012156,0.00721433,-0.00596857,0.00339831,-0.00361607,-0.0101478,
-0.00609421,0.00532069,0.000210504,0.0326779,0.00282004,0,0.00300134,-0.00285143,
-0.0560215,-0.00243416,0.00302755,-0.00506089,0.000321073,0.00301159,0.00116354,0.000586377,
0.00461962,-0.00311926,-0.00672938,0.0377904,0.00377183,-0.000639539,-0.00145414,0.00146145,
-0.0304111,0.00530521,-0.00519877,-0.0405047,-0.0123444,-0.00207123,0,-0.000526974,
-0.0611828,0.00349293,0.00339749,0.0248454,-0.0061647,-0.00313636,-0.00486797,-0.00427674,
-0.025196,0.00907638,0.00438751,-0.00544494,-0.00107934,-0.0064973,0,-0.00490148,
-0.0169905,0.0076383,-0.00146126,0.00477618,-0.0107597,0.000123506,0.000963346,-0.00965612,
0.0142955,-0.00579745,-0.0101554,0.00655614,0.00118874,-0.00106324,-0.00285497,-0.00411966,
0.0120316,0.00575824,-0.00275864,0.00315161,-0.00281342,-0.0100419,0.00217954,-0.00720414,
0.0129831,0.000464184,-0.00551849,-0.000176094,-0.0102326,0.00324574,0.00197199,-0.00714989,
0.0120307,-0.00530085,-0.00233057,0.000404857,-0.0036972,-0.00176069,-0.00278274,-0.00295464,
-0.00649438,-0.00696247,-0.00186469,-0.0161326,-0.0146134,-0.00259547,8.99711e-05,-0.00216521,
0.0162274,-0.0131812,-0.00342627,-0.0316182,0.00388525,-0.00110116,0.000763853,0.00228422,
-0.00328034,-0.0194284,-0.00439021,-0.0144501,-0.0102507,-0.00192953,-0.00248194,0.00237877,
0.000150504,0.000839165,0.00109826,-0.0084123,0.0034601,0.00301503,0.00213982,-0.00780343,
0.000137436,-0.0141991,-0.0418998,-0.00857395,-0.0180746,0.00394855,0.00223021,-0.00578952,
0.00998066,-0.0269643,-0.00667158,0.0075886,-0.00938306,-0.000964219,0.00207786,-0.00741223,
-0.000111105,0.00647809,-0.00961751,-0.0394113,-0.0243272,-0.00960126,0.00635374,-0.0110374,
0.000553463,0.0103861,-0.0135072,-0.00571409,-0.00844312,-0.0138705,0.000159667,0.00592084,
-0.000160697,-0.00659781,0.00424285,0.00377776,-0.0086687,-0.0020055,-0.00707674,-0.00649545,
