4.15146e-05,3.60134e-43,1.80768e-43,-15.2852,-9.04754,-0.326963,-10.6404,6.07973,
-0.000175792,0.000339025,0,0.000389435,0.000397744,0,-0.000374625,-8.6266e-05,
-0.0020192,-0.00121805,0.000534446,-0.000101345,0.000631044,0.00052819,0.00080677,-0.000129774,
0.000646693,-6.61202e-05,-0.000362372,0.000159287,-0.00189516,-0.000434832,0.00123191,0.000745436,
-0.000569877,-0.000342166,0.000241373,0.000258134,-0.000121529,-0.000949969,0.000378866,-0.00153567,
0.00119401,-0.000130575,0.000740862,-3.58159e-06,-0.00972029,-0.00102638,-0.00294123,-0.000777043,
-0.00353728,0.00270998,0.000460106,-0.000931827,0.00641394,-0.00230592,0.000630907,0.000895716,
-0.00806774,-0.0021083,-0.000903378,-0.0039085,-0.00109429,0.00298053,0.0024421,-0.00325039,
0.00622443,-0.00290751,-0.00390051,-0.00118046,-0.00710777,-0.000138369,-0.00534345,-0.00213217,
-0.0213704,-0.00408527,0.00327293,0.0013288,0.00571365,-0.00883405,-0.00358311,-0.00150753,
0.00285098,-0.00434265,-0.000956477,-0.00333853,-0.000640588,-0.000342992,-0.0110426,-0.00122399,
0.019126,0.000746597,-0.000896275,-0.00154742,-0.0257165,-0.00127811,0.000630371,-0.00118038,
-0.0291943,0.00401442,0.00657006,0.000879627,-0.014602,-0.000499309,-0.000664592,-0.00495213,
-0.00528088,-0.00252024,-0.00812591,-0.00207396,-0.0101646,0.000893554,0.000648661,-0.000969904,
0.00168348,-0.00619486,0.005075,-0.000701835,0.0237633,0.0033235,0.000191157,-0.000364217,
0.0033723,-0.000561458,0.00283126,-0.000305431,-0.00247202,0.00104052,0.000677412,-0.000554511,
0.00628365,-0.0015908,0.000434316,-0.000653848,0.000931356,-0.00289404,0.00283367,-0.00173575,
0.00507725,-0.00571945,-0.000335049,-0.000233074,-0.00431398,-0.00366753,-0.00259668,-0.000447962,
-0.00311891,-0.000560324,-0.00434962,7.83689e-05,-0.011999,-0.000915363,0.000793313,-0.000322081,
-0.00705305,0.000192295,-0.00269451,-0.00020068,0.00024798,0.00118741,-0.000137806,-0.000212264,
-0.00635851,0.000785209,0.00385563,0.000447872,0.000514147,0.000230683,0.00173474,-0.000256266,
-0.00533485,0.00122755,-0.0017178,-0.000134092,0.00138185,-0.000542658,0.000382074,-3.1746e-05,
-0.00283443,-0.000488175,-0.00192474,0.000558341,0.00510648,-0.0009227,-2.14821e-05,-0.000206085,
0.0012671,0.000590951,-0.000770636,-4.56864e-05,0.0033272,-0.00104367,0,-0.000133685,
0.00168009,-4.70769e-05,-0.000547909,-0.000306198,0.0007777,0.000424669,-0.000632656,0.000154803,
0.00133257,0.000851954,-0.00126253,0.00026363,-0.00212326,-0.000248941,-0.00142043,-0.000131506,
-0.00143764,-0.000583195,0.000515269,-2.87485e-05,0.000202089,0.00169226,-0.00223898,-0.00023224,
0.00182626,0.000855851,-0.00162677,-0.000199941,-0.00060964,-0.000969498,-0.000210269,-1.5084e-05,
0.000507302,-0.00082433,-0.00218575,-0.000162715,0.000966967,-0.00025242,0.000625009,-0.00117999,
0.00013339,0.000869262,0.000743538,0.000164304,-0.00168451,-0.00116897,0.00142223,-0.000685838,
0.000143149,-0.000285103,0.00187485,-0.00106998,0.00080061,-0.000765531,0.00053022,-0.000799965,
0.00314415,0.00111019,0.000787285,-0.000522141,0.000892013,-0.000596712,0.00369597,-0.000990082,
0.0021552,-0.000849533,-0.00138505,-0.00148262,-0.00123686,0.000692227,-0.0001639,-0.000489653,
0.00112268,-0.000977097,0.00202111,0.000254013,0.000664488,0,-6.60489e-05,0,
-0.00108245,-0.00133279,-0.000560541,0.000268712,0.00132653,7.47601e-07,-0.000483527,-0.00146474,
0.000396421,2.37722e-06,-0.000480156,0.000443719,0.00594737,0.000889004,-0.00105668,-0.00044269,
0.000731022,-0.00299622,0.000378975,0,0.00259759,0.00116516,-0.000805031,-0.0011,
0.00135475,-0.000476101,0.000684969,0.000284341,-0.00031395,-0.000150026,0.000223557,0.000750512,
-0.00201913,0.000188383,0.000850934,-0.00033534,0.00245878,0,0,4.77873e-06,
0.000592255,-0.0015262,0.00050939,-0.000171833,-0.000621934,-0.000437651,0.000126287,0.00135609,
-0.00063805,0.00206107,0.000548975,0.000988679,0.000693327,-0.000903957,0.000627522,-0.000216227,
0.00452555,0.000689651,-0.000403042,0.00274162,-0.000454564,-0.000689962,0.000274632,0.000217401,
0.00216647,0.00104574,0.00110537,-0.000184319,0.00104618,-0.000816775,-0.000953187,4.32665e-05,
-0.00253864,0.000732243,-0.00124112,-0.000399557,0.00660713,0.00511427,0.00113835,-0.00046119,
-0.00322329,0.00422941,0.00114708,0.00177092,0.00344985,-0.00291897,5.34398e-05,-0.00122089,
0.00156006,-0.00154442,-0.00190238,-0.00165709,0.00341198,0.00380155,0.00224157,0.00065769,
-0.00158608,-0.00444266,0.00137961,-0.000726933,0.0188453,0.00371067,0.000659545,0.000185322,
0.00425623,-0.00345602,-0.000306898,0.00079748,0.00493086,0.00693529,0.00254474,0.0024431,
0.00599297,-0.00106534,0.000466905,-0.000892423,-0.000638797,0.0024539,-0.000159252,0.000342632,
0.00697421,0.00110563,0.00148998,0.00186374,-0.0120338,0.00355159,-0.00231923,0.00250779,
0.00303219,0.0143098,0.00181642,0.0305897,0.0105661,-0.0011563,0.000910945,-0.00041582,
-0.012368,-0.00458736,0.00104517,-0.00276554,0.00551113,0.0031312,-0.00193132,0.000135694,
0.018689,0.00359045,6.14797e-05,-0.0169922,-0.00230025,0.00073014,0.00115397,0.00135368,
0.00655203,-0.0138887,0,-0.00284888,-0.00169119,0.0128357,0.000292478,-0.00172112,
-0.0044079,-0.00456819,-0.0026781,-0.00693897,-0.00593199,0.00227607,-0.000838552,0.00156215,
0.00222668,0.00437087,0.00201171,0.0114443,0.00838674,-0.000212145,0.00261105,-0.000137627,
0.00426426,-0.0283422,0.0018312,0.01852,0.00867334,-0.00295992,-0.00270253,0.00324612,
0.00624709,-0.00663993,-0.000857921,-0.0138424,-0.00128026,0.00190936,0.00186385,0.000466463,
0.0167518,-0.023612,-0.00136279,-0.00178282,-0.00359035,0.00334672,0.00308998,0.0014987,
0.0342177,-0.0196588,0.002652,-0.00180533,-0.00379869,0.00656871,0.00119851,0.00220361,
-0.0178596,-0.0035952,0.00124541,-0.0440026,0.0192058,-0.00150132,-0.00017942,-0.000316801,
0.00244964,-0.00927546,-0.0005519,-0.0487828,-0.00368767,-0.0020721,0.000842417,-0.000568084,
-0.00707677,-0.0295771,0.00248687,-0.0229108,-0.00455128,-0.000387574,-0.00182769,0.00201527,
0.00052319,0.0107861,0.000691506,-0.0259176,0.000534146,-0.00231224,9.63667e-05,0.00126709,
0.00815442,0.0140031,-0.000708851,-0.0231487,-0.010015,-0.00338424,-3.42251e-05,0.00222613,
0.00608861,0.0100633,0.00184178,-0.00845251,0.0256261,-0.00140253,-0.000404304,-0.000175714,
-0.0185476,-0.0426487,0.00172812,-0.0105261,0.00619951,0.00285022,-0.000794429,-0.000954496,
0.00703678,-0.0128283,-1.3984e-05,-0.00348454,-0.00453909,-0.000794992,0.00216188,3.97454e-05,
-0.00295725,-0.0454592,-0.00224797,0.00576481,0.00273751,-0.000304766,0.00132838,-0.000184424,
-0.00580511,-0.00188415,0.00214068,0.00245524,-0.0111123,-0.00505203,-0.000285745,-0.000128841,
0.000451129,0.02644,-0.00103534,0.0134992,0.00349817,0.00202364,-0.00187687,0.00362785,
-0.00546761,-0.054243,0.00305012,0.00103659,-0.00284469,0.00197764,-0.000556553,-0.00102786,
0.0164701,0.00251581,-0.00234049,-0.0176269,-0.00111651,0.00669387,0.00161877,0.00323538,
-0.00506138,0.00802435,-0.000392286,-0.0236326,0.0149685,-0.0013933,-0.000550258,0.000238835,
0.00944492,0.00573657,0.000430242,0.00493206,0.00966199,-0.00188196,0.000379317,0.00351441,
0.0116805,0.00233195,0.00427115,0.0116681,0.000996402,0,-0.0017674,0.00135348,
-0.00457308,0.0079197,0.00388943,0.00386695,-0.00280406,0.00211255,-0.000932706,0.000123691,
0.000153408,-0.000192304,0.00141523,0.00652653,0.00725158,0.00128143,-0.00021265,0.0036566,
0.007332,-0.00787082,-0.000494335,0.0082058,0.00921939,0.000844735,0.00216999,-0.00127645,
0.00024183,0.0163018,0.00205274,0.00594062,-0.00151714,-0.00327774,-0.00125017,0.000887793,
-0.00188035,-0.00146169,0.000192778,0.00554064,0.0121779,-1.12474e-05,0.000689267,0.00104979,
0.00409733,0.0216508,0.00184019,-0.00156921,0.00411482,-0.00056166,0.000966221,0.00184627,
-0.00245623,0.00245708,0.000662535,0.00475952,-0.00202648,0.00139344,0.0017668,0.00114683,
0.0028649,-0.00630022,0.000577225,-0.00506666,0.00370502,-0.000877671,-0.000456768,0.000216686,
-0.00447066,-0.010436,0,0.00839348,-0.00251779,0.00136766,0.00275387,-0.000825785,
0.0133318,0.019241,0.000552387,0.00475372,0.0160482,0.000159609,0.000716226,0.00116993,
0.00676901,0.00851608,-0.00223177,-0.000609519,0.00318428,0.00349986,-0.000140673,0.00066625,
0.00390959,0.0064125,0.000707,-0.00219058,0.00432551,0,-0.00171231,-0.000783491,
0.00172863,0.000319416,-0.000521876,-0.00151447,0.00244116,0.000627219,-0.000796983,-0.000554597,
-0.00727368,0.00133782,-0.000798909,-0.00340076,-0.00291061,0.000454221,0.0029142,6.46392e-05,
-0.00204342,-0.000355877,0.00293472,-0.00133636,0.00125511,0.000553658,0.00207832,1.84785e-05,
0.00283211,0.00279863,0.00206548,-0.00260362,0.00357795,-0.00119758,-0.00040649,0.000292435,
-0.000187565,0.001911,0.00171234,-4.68967e-06,-0.00154822,0.00209717,-0.000119524,-5.50778e-06,
0.000513307,-0.00474122,-0.00107897,-0.00155514,0.000173911,9.43847e-05,0.00032152,0,
-0.000398943,0.00205117,-0.000495179,0.000759038,0.00163599,-0.000343922,0.00150081,-0.000120381,
0.00141812,-0.00414709,-0.00021394,-0.00152508,0.0017053,0.00172788,2.04384e-05,9.58513e-05,
0.00130975,-0.00278777,-0.00150227,0.00460124,0.000114646,0.000401961,-0.00101431,-0.000483902,
-0.00294621,-0.00444438,0.000723354,-0.000273839,0.00279478,1.6135e-05,-0.000683464,8.79306e-05,
-0.000831482,0.000475666,-0.00128022,0.00586376,-0.000204462,-0.000818203,-0.000587118,-0.000546592,
0.00174131,0.00111786,-0.000722125,-6.20921e-05,-0.00147149,-0.000637946,0.000535326,-0.000535043,
-0.00117216,-0.00231675,-0.00150876,0.00269251,-0.00357975,0.00060746,1.37793e-05,-0.000718,
-0.00615577,-0.00010604,-0.000490438,0.000386577,-0.00219296,-0.0015257,-0.00144959,-0.000905859,
-0.00223182,-0.000731881,0.000327215,0.000781845,-0.0026668,0.00189566,0.00125475,-0.000459015,
-0.00886839,-0.000161559,0,-0.000480009,0.00871239,0.00074403,-0.000244458,-4.76492e-05,
-0.000919792,0.000780991,0.000327534,-0.00184754,0.00200846,-0.00205357,0.00264588,-0.00128213,
-0.00510708,-0.00115627,-0.000904307,-0.00048626,-0.00445284,-0.00181039,-0.00167732,0.000330849,
-0.00796662,9.16008e-05,-0.000656388,-0.00109334,-0.00516147,0,0.000796864,0.000252077,
-0.000341852,-0.000425026,0.00032531,0.00428351,0.00179176,-0.00167791,0.000796473,-0.00101058,
-0.00147298,-0.000331319,-0.000180691,-0.00452072,0.008034,-0.00197907,0.00034493,-0.00121189,
-0.00400657,0.002133,0,-0.00306596,0.00651866,0.000768332,-0.00149288,-0.000187072,
-0.00157015,-0.00144074,-0.000509274,-0.00311871,0.000973104,-0.00249635,0.00362252,0.000552359,
-0.00414421,-0.00197539,-0.0017822,-0.00205897,0.000939856,-0.000402974,-0.00201999,-0.00135117,
-0.00776491,0.00204668,-0.00411313,0.00118083,0.00670361,0.000376003,-0.00117503,0.00107257,
-0.00328298,0.00165592,-0.0031068,-0.00258246,-0.00609519,0.000571587,0,-9.38482e-05,
0.0111958,-0.0012055,-8.01762e-05,0.00103479,-0.00294357,0.00181487,0.00171295,-0.00141215,
0.0052433,-0.00160778,0.00266782,-0.000515735,-0.00236025,-0.00373447,0.00179615,0.000950588,
0.00782703,0.00272006,-0.00257007,-7.03381e-05,-0.00335603,-0.00543341,0.00137008,0.00088607,
0.00876503,-0.00141245,-0.00169845,-0.00228093,0.00319283,-0.00134771,-0.00269218,-0.00103187,
-0.0138488,-0.00207426,0.0018187,0.000456226,-0.00531994,-0.0014779,-0.000118491,-0.00085683,
-0.0127451,-0.000612104,0.00464382,-0.00175811,-0.01071,-9.62816e-05,-0.00102062,-0.00160181,
-0.00763673,0.000898348,0,-0.000652353,0.000665967,-0.000558285,-0.000324495,-0.00284634,
0.00279482,-0.00336662,0.00331464,-0.000921619,-0.00770659,0.000832206,-0.00262932,0.000766312,
-0.00600624,0.00332821,-0.000220066,-0.000321321,0.00802658,0.00184548,0.00106466,-0.0040664,
0.00879471,-0.00146117,-0.00427704,-0.00587741,-0.0103458,-0.00119775,0.00236413,-0.000644221,
-0.0136389,-0.000342665,-0.00491219,-0.00232984,0.0151753,-0.000834083,-0.00430523,-0.000970049,
-0.0087125,-0.00254929,-0.00118533,0.00113903,-0.017196,0,-0.00403296,0.00196566,
7.55843e-05,0.00057909,-0.00270816,0.00253007,-0.0149349,-0.00185253,-0.000365525,0.000681012,
-0.00138946,0.00141632,0.00133016,-0.00313076,0.00023991,-0.00203415,0.000199221,-0.00179606,
-0.0306503,0.000982686,-0.00133535,0.000512379,0.00608351,-0.000381665,-0.00296853,-0.000239369,
-0.0255637,-0.00319488,-0.00216844,0.000581644,-0.0116748,-0.00108302,-0.00195374,0.000404536,
0.00892989,-0.000928578,-0.000557223,0.000889026,-0.00226595,-0.0042528,-0.00136112,-0.00293308,
-0.01013,-0.0022308,0.000245236,-0.000765585,0.0120485,-0.00408728,0.000315117,-0.000490737,
0.0146063,0.000833093,-0.00279915,-0.00211838,0.00246239,-0.00074374,0.0063149,-0.000314668,
0.00856449,-6.81405e-05,-0.00285775,-0.0031338,0.00430618,0.000714694,0.00582033,-0.00184943,
-0.0211896,0.000830965,-0.00113837,-0.00349798,-0.0156145,-0.00285879,0.00348821,-0.00117688,
-0.00595608,-4.74225e-05,-0.00194249,-0.000285374,-0.00236648,0.00139801,-0.000983393,0.000717808,
0.00143582,-0.00103777,-0.00260052,-9.67061e-05,-0.000648786,-0.0027446,-0.00482561,-0.00154064,
0.00246875,0.000730759,-0.00286595,-0.00021471,0.006814,3.85637e-05,0.000883674,9.62523e-05,
0.00494535,-0.00123178,-0.00385508,-0.000170938,-0.0195018,-0.00108248,-0.00470123,-0.000884664,
-0.0138609,7.22174e-05,-0.00207997,-0.00122349,0.00586064,0.00320702,-0.00127092,0.000606681,
-0.00792354,-0.000697184,0.00137648,-0.000389235,0.0180304,0.00135014,0.000410545,0.00129054,
-0.00762838,-0.000261809,0.000603288,-0.00104563,0.00208671,-0.00352569,0.001777,-0.000620511,
0.00561096,0.00231732,-0.00278686,-0.000830271,-0.00139515,-0.00234185,-0.00188955,0.000226518,
-0.00185644,-0.00271757,-0.00223224,0.000760249,0.000813849,-0.00191683,-0.00171886,0.000273203,
0.00172849,0.00319055,-0.0073928,-0.00057937,0.00218775,0.00106129,-0.00153257,-0.00165845,
-0.00688295,-0.00163741,0.000479338,-0.000529836,-0.00752017,0.000425846,0.000428258,-0.000574614,
-0.00226029,0.00127664,0.000761117,-0.00139851,-0.00155244,-0.000594075,0,-0.00139402,
0.00148964,-0.000538761,0.000132499,0.00052358,-0.00928111,-0.00136331,0.00287412,0.000114922,
-0.00121726,-0.00037359,0.00102594,-0.000394028,-0.0109491,0.000831767,0.000273026,-0.00138157,
-0.00396643,-0.000104639,3.38363e-06,-0.00106086,-0.000391652,-0.000404523,0.000446382,-0.00202881,
-0.00116914,0.000568751,0.0010451,0.000129075,0.00172288,0.00137291,-0.00182873,-0.000947101,
-0.00399349,-0.000873469,-0.000267252,-0.00113812,0.000816302,-0.000290058,0.000323003,-0.000744533,
-0.00381576,0.0007974,-0.000255738,-0.000920499,-0.00370146,-0.000654134,3.96711e-05,-4.06664e-05,
0.00268593,9.41668e-05,-0.00246948,0,0.000870177,-0.00175254,0.00129958,-0.000340477,
0.00129166,0.000728093,-0.000636122,0.000204276,0.000451028,-0.000301351,-0.000797722,-6.25027e-05,
0.0017682,0.000183671,0.00275075,-0.000232662,-0.00318797,0.0015358,0.00039082,0.000104378,
0.00149254,0.00214393,-0.000335817,-0.000555457,0.00180138,0.00208361,0.00129289,-0.000206303,
-0.00238066,0.00232869,0.000741814,-0.000192476,0.000263456,0,0.00145722,0.000316624,
0.00196799,0.000457405,0.00080033,0.000920797,-0.00115282,-0.000557243,-3.23136e-05,0,
0.00320929,-0.000628322,0.000902093,0.000434442,0.00106147,-0.00112305,6.33513e-05,-0.000148929,
0.00250098,0.000275124,0.000589849,0.000180724,0.00055397,-0.00191311,0.000689242,0.000510603,
0.00133798,-0.000705586,0.000201193,0,0.00430249,0.000339421,0.000183576,1.29374e-05,
0.00454536,0.00101844,-5.1956e-05,0.000208089,-0.00168188,0.000143177,-0.00164595,0.00106388,
0.00133813,0.000176244,0.000722891,0.000544704,0.00406417,-9.14274e-05,0.000820815,0.00111497,
0.00339286,0.00174921,-0.00161519,0.000305811,0.00377471,0.00267618,-0.000120695,-0.00132676,
-0.00458841,0.00105324,-0.000365802,0.000147487,0.000691384,-1.28279e-05,-0.000389159,-0.000454302,
0.00374224,-0.00156216,-0.00134445,0.000211595,-0.00323615,0.000759591,0.000876313,0.000348846,
0.00232624,-0.00289477,0.000333883,0.0014331,0.00536104,-0.000387612,0.000980251,8.31941e-05,
-0.000724218,-0.000253861,0.00106237,0.000326529,0.00106614,-3.33526e-05,-0.000553797,-0.000166599,
-0.00773513,-0.00531071,0.0020325,-8.39928e-06,-0.00881642,0.0031578,0.000126018,0.000343308,
0.0068096,-0.00277206,0.00139519,-0.0048727,0.00612089,0.00447933,0.00302023,0.000750801,
0.00135227,0.00287372,-0.00157455,5.26109e-05,0.00553235,8.27892e-05,-0.000559484,0.00220062,
0.00938866,-0.0230837,-0.00271788,-0.0190536,0.0180789,0.00035598,0.000746445,-0.000369435,
-0.00768487,0.0181931,-0.00255031,0.0329727,-0.00176901,0.00135753,0.0017264,-0.00149426,
-0.00152025,-0.0172456,0.000360846,-0.0387068,0.0111453,0.00124755,-0.000400319,0.00225575,
-0.00172307,-0.0329165,0.000503693,-0.0191279,0.00356149,0.00366284,-0.000769022,-0.0028215,
0.0129172,0.00794887,-0.00496095,-0.0525969,-0.0151514,-0.00187452,0.00303136,-0.00115286,
0.000502525,0.000748277,-0.0034576,0.0709009,0.0156085,-0.00359784,-0.000352477,0.00311038,
-0.00257055,0.0159893,0.00116612,-0.149071,0.00950296,-0.00258159,-0.000882388,0.00175387,
-0.00343805,0.0139456,0,-0.0815294,0.0133251,0.00320507,0.000695456,0.000138781,
0.00268955,-0.0531887,-0.00569643,0.0387685,-0.0029624,0.000801535,-0.000247942,-0.00150824,
-3.55849e-05,0.0387903,-0.000859408,-0.0821784,-0.00997102,-0.00153177,0.00401707,-0.00161859,
0.0131281,-0.0568911,0.000955328,-0.0625298,0.0159296,0.00390881,0.000846378,0.000646231,
-0.0139634,-0.0687478,-0.000835226,-0.00215841,0.00424575,0.00426955,0.00112715,0.00172913,
-0.00432457,0.0821364,-0.00968928,0.0812716,-0.0160774,0.00460445,0.000421262,-0.00106695,
-0.0167104,0.00910655,-0.00270403,-0.0871826,0.0066992,0.00375113,-0.000885324,0.00057626,
0.000866035,0.0835692,-0.00331546,0.0583599,-0.00251304,-0.00149849,0.00123625,-0.00241453,
0.0193882,-0.103846,0.000815624,-0.0179192,0.0220571,0,0.000132984,-6.82327e-05,
0.0162343,0.0698574,0.00184485,-0.0641961,-0.000793607,0.00185282,0.0024658,-0.000220615,
0.0115951,-0.0144029,-0.00716554,0.0522402,0.0038191,0.00771998,9.06319e-05,0.00112742,
-0.00130508,0.033888,0.0107022,-0.0142507,0.0263382,-0.000848465,-0.000979862,0.000214398,
-0.00392036,0.0079006,-0.000704147,-0.0715397,0.00539582,-0.00213439,-0.000750486,-0.00296055,
0.00639826,-0.0234986,0.00158163,-0.0389499,0.00687704,-0.00155751,0.000195568,-0.0011665,
-0.00759698,0.0333242,0.0129432,-0.0999636,-0.00760477,0.000344362,0.000923565,0.00124299,
0.0100169,0.031543,-0.00371536,-0.0298485,0.0173093,-0.00315095,-0.000139977,-0.000571817,
0.00626215,-0.0314149,0.00204382,0.00448764,0.0196659,-0.00110419,-0.000799387,0.00404483,
0.00485994,0.0192956,0.00306438,-0.0844417,0.0257421,-0.00197593,-3.66965e-05,-0.000711573,
0.000578519,-0.00810686,-0.00735838,0.0126795,0.00669225,-0.000769285,0.00171739,-0.000965808,
-0.00286807,-0.0452993,-0.00376428,-0.0109325,-0.00977541,0.00456763,0.00291063,0.00140247,
0.0126488,-0.0172794,0.00568058,-0.062624,0.00373041,0.00195358,0.000767445,0.000379748,
0.00616552,0.0545923,0.00310094,-0.0381311,0.00383851,-0.00298863,0.0087169,0.00246571,
0.00431194,0.000410208,0.00219603,0.00200671,0.00346248,0.00416264,0.00129784,-0.000311466,
0.00270309,-0.00696598,0.00221721,0.0405032,0.00380624,-0.00248929,0.000753157,0.00250222,
0.00797556,0.0161014,0.00253771,0.0105943,0.012262,-0.00175692,0.00116308,0.00185861,
0.00514463,0.0102965,-0.00435757,0.0117569,0.000932776,-0.00127521,0,0.00254354,
-0.00498179,-0.00281587,0.00656784,0.0172506,0.00545964,0.00492121,0.00376473,0.00097084,
-0.00209519,0.00284266,0.00662753,0.0149199,-0.00523887,0.00422694,-3.74417e-05,-0.000694526,
0.0080038,0.0167206,-0.00470407,0.00773263,0.00333476,-0.00209516,-0.00186404,0.00103615,
0.00180615,0.00492427,-0.000247951,0.00283883,-0.00656486,0.000278354,0.0010088,6.18683e-05,
0.00937861,-0.00417557,0.00855507,0.000943851,-0.00123378,-0.000571325,-5.25709e-05,0.000176309,
0.00295328,-0.00620019,0.00703993,0.0113262,-1.32974e-05,0.000760783,0.00131159,-0.000137214,
0.00249029,-0.00792186,0.000363456,-0.024388,0.00817395,-0.000561888,0.00149395,3.57942e-06,
-0.00138911,0.00233644,-0.000965374,0.00530253,0.00332893,-0.000645728,-0.00103562,-0.000188258,
-0.000355778,-0.000653055,0.00257584,-0.00243543,0.00297822,2.37072e-05,-0.00133274,0.000783226,
0.00245201,0.00533151,-0.00671237,0.00967715,0.000363254,0.000820676,0.00218042,0.000164819,
0.000954608,-0.014384,-0.00029469,0.00765539,-0.00376824,-0.000358675,0.00179723,0.00103152,
-0.00125242,-0.0261916,0.000101835,0.00539633,-0.000109805,-0.00120496,0.00161958,-0.00029267,
-0.00211867,-0.0160939,0.000114064,0.00368707,0.00290116,-0.00150702,1.04912e-05,-0.000760702,
0.00175775,0.00231941,-0.00406677,-0.0108396,0,0.000885001,0.000830889,-0.000195677,
-0.000869095,0.00326243,0.0030379,0.00603481,0.00101591,-0.00172705,0.000461421,-0.000320693,
-0.00113955,0.00657186,-0.0046122,-0.00836926,0.000651003,0,0.00161391,-0.000436577,
0.000689413,-0.0135798,-0.00261322,0.00118326,0.00185032,-5.24251e-05,0.000548522,0.000854863,
-0.00154878,-0.00086242,1.88756e-05,0.00679888,-0.00355948,-0.000737859,1.07248e-05,0.000272224,
-0.000783538,0.00271412,0.00118054,-0.00753624,0.00208654,-0.000406723,0.00016463,-0.000610798,
-0.00378853,-0.00331471,0.00313579,-2.08676e-05,-0.00244689,0.00151024,0.000674618,0.000288651,
0.000567754,0.0093982,0.00182371,-0.00314121,-0.010057,-4.17941e-05,0.000666901,-0.000603442,
0.0036972,-0.00456237,-0.00233545,-0.00231778,0.00381124,-0.000971616,-0.00389768,-0.000701239,
0.00864355,-0.00168612,0.0025498,-0.00744132,-0.00744768,-0.00021635,-0.000644534,-0.000251872,
-0.00164966,7.33755e-05,0.00230073,0.0166431,-0.00457437,-0.00203196,-0.00188346,-0.000502778,
0.00195938,-0.00357097,-0.000531811,-0.00310038,-0.00490732,-0.00222132,-0.00201259,-0.0011489,
-0.000882191,-0.00685048,-0.00033702,-0.00150474,0.00725766,0.000396788,0.000634173,-0.00142356,
-0.00232314,0.0056237,0.000120991,0.000630737,-0.00189232,-0.00080349,-0.00607116,0.000435086,
-0.00158809,0.00311846,0.00100329,-0.000590016,0.000900264,-0.00187859,-0.00163615,0,
-0.00288904,-0.00217975,0.000320012,-0.000835298,0.00267851,0.000590748,-0.00167645,-0.000128421,
-0.00382562,0.000141684,0.000651826,-0.00618772,0.00828331,-0.000101189,-0.00122845,4.02859e-05,
-0.0147613,0.00159428,0.00135277,-0.00527834,-0.00494254,0.000691547,-0.00251262,-0.0011818,
-0.00182745,-0.00212957,0.00239844,-0.0014519,0.00329229,0.00222827,-0.00293821,-0.00314976,
-0.0036618,0.0039586,4.95532e-05,-0.000321404,0.0040662,0.000467693,-0.00145085,-0.000506117,
0.000389395,-0.00371386,-0.000635275,-0.00565266,-0.00822922,0.000355619,-0.00290477,0.00100537,
-0.0242226,-0.00151344,0,-0.000926324,-0.000549096,-0.00103701,-0.00561768,-0.00137039,
-0.00793369,-0.00202988,0.000869252,0.00080097,-0.00133791,0.000590004,-0.00151927,0.00146403,
-0.00404853,-0.00152214,-0.00179535,0.000528281,-0.0194701,0.000763475,0.00129427,-1.99411e-05,
0.000214998,0.00174754,0.00185099,-0.00070525,0.00876239,-0.00339012,0.00192613,-0.000780118,
-0.0175382,-0.00212149,-0.00336523,-0.000177892,0.0108826,-0.000483478,0.00234531,-0.00108193,
-0.0137952,-0.00532834,-0.000659011,-0.000475005,-0.00617601,-0.00161167,0.000372596,-0.000149423,
-0.00855147,-0.000909603,-0.00467308,-0.000585371,-0.0111605,-0.00101418,-0.00242986,0.000849987,
-0.0151619,-0.00416324,-0.00296365,0.00129393,-0.0218402,-0.00125441,-0.00223448,-0.00312548,
-0.0257772,-0.00902654,0.00347129,0.0015029,0.00735034,0.00220942,-0.00349852,-5.94554e-05,
0.0196898,-0.00409171,-0.000313755,0.000507792,-0.00462016,0.000969087,0.000153709,0.000393327,
-0.0035385,0.000253974,0.000756365,0.000983451,-0.0113034,0.00207743,-0.00102384,0.000880655,
-0.00722903,-0.00470798,-6.12158e-06,-0.000438633,0.00358578,-0.00125481,-0.000671205,-0.00169074,
-0.0155249,0.00339994,-0.00360537,-0.000995045,0.0174529,-0.00147611,-0.00107411,-0.00193941,
-0.00029715,0.000979708,-0.00262051,0.00164852,-0.0139455,-0.00121333,-0.00450261,-0.000639809,
0.0104503,-0.0013921,0.0011048,-0.00218499,-0.0124553,0.000986984,-0.00355045,-0.00167547,
-0.000681661,-0.00122016,-0.0017668,0.000340619,-0.000405644,-0.00119398,0.00474148,1.60476e-05,
0.00363713,0.0029838,-0.00449924,-0.00196371,0.0155142,-0.00088906,0.000943494,0.00124163,
0.0053137,-0.00284643,0.00082548,0.000923237,-0.00355556,0.00180402,-0.00252175,0.00196743,
-0.00560946,0.00356877,0.00158316,0.00114132,-0.0130497,0.000710138,0.00271535,-0.000598725,
-0.00587044,-0.00350525,0.0001364,0.001978,-0.0112345,-0.00183577,-0.00222528,0.00133275,
0.00539224,-0.000238034,-0.00364112,-0.00178985,-0.00932621,-0.00318101,-0.00423369,0.000428622,
0.00496642,-3.77333e-05,0.00017181,-0.00181316,-0.00942493,-0.00170575,0.00140989,0.000256943,
0.0108726,0.000556795,0.00165375,-0.00819561,-0.000977396,-0.00147552,0.000630982,-0.00237369,
-0.0160471,-0.00177702,0.000473491,0.00171391,0.00505597,-0.00111029,0.00072295,-0.00115694,
0.0133494,-0.000599668,-7.91467e-06,-0.00206284,0.00628103,0.00217066,-0.00279766,0.000303334,
0.0015622,-0.000342645,0.00137806,-0.00147079,-0.00201566,0.00086733,-0.00349453,-0.00013409,
0.00934792,0.00117871,-0.00156259,-0.000146561,0.000236776,-0.00230573,-0.00233615,-0.00230134,
-0.00654261,-0.00137947,0.000599221,0.000495576,-0.00360463,-1.25492e-05,-0.00268346,-0.000154152,
0.00479248,-0.00212444,0.000779175,0.000309172,-0.0141483,0.00109497,0.000261585,-0.001386,
0.00618744,-0.000565925,0.00169823,0.000907373,-0.00598337,-1.02295e-05,0.00100476,0,
-0.00078736,-5.77334e-05,-0.00201013,-0.000570146,0.00318443,0.000708265,0.00278342,-7.43144e-05,
0.00571558,-0.000367997,-0.000546158,-0.00111044,0.0020621,-0.00130133,-0.000671584,0.000568667,
0.00217743,-0.000570341,-0.000877415,-0.000666248,0.00369497,-0.000342942,-0.00030951,-0.000667338,
0.00286116,-0.00272544,0.00200096,-0.00186686,0.00030038,0.000586932,-0.00112544,-0.000400495,
0.000239081,0.000663741,0.000564163,-0.000116533,-0.00118085,-0.00146058,-0.000901248,0,
-0.0005087,-0.00178384,0.00159185,-0.00147627,0.000327684,-0.00263313,3.07338e-05,-0.001858,
-0.0035912,-0.00223953,-0.00121399,-0.000614124,-0.000192454,0.000511149,0.0003312,-0.000604852,
0.0044752,0.000237205,-0.00129149,-0.00155812,-0.00609291,0.00293291,-0.00210388,0.000596954,
-0.00649158,-0.00162821,0.00105019,-4.22896e-05,0.00185897,0.000553635,-0.000261887,-0.000972841,
0.00497932,-0.00228138,0.00135128,-0.00120233,-0.00519359,-0.000778446,-0.0014404,-0.000248144,
-6.02234e-05,0.00243705,1.67892e-05,-0.00174757,0.000924961,-0.000512046,0.0011176,3.92829e-05,
0.000101878,-0.000443849,0.000557639,0.000130172,0.00213136,-0.000188661,0,0,
-0.000198757,0.000379645,0.000858657,0.000469188,0.00119663,-0.000842837,-0.000261295,-0.000353805,
0,0.00225859,0.000223712,-0.000815158,-0.000114097,-0.00103966,-0.000717855,0.000168884,
0,-0.00166514,0.000278073,0.00012491,0.00048532,0.000833106,0.000260983,0,
0.00278862,0.000747395,0.00196525,-0.000192856,-0.00406904,-0.00132589,0,-0.000119776,
0.00192563,0.00199101,0.00304733,-9.74251e-05,0.00242058,0.00144301,-0.000625344,3.1574e-05,
-0.00133793,0.00068843,-0.000735063,-7.58853e-05,0.00417479,0.00169678,0.000835641,-0.000209678,
0.00701352,0.00192055,0.00135995,0.000257087,0.0011262,-0.00144923,0.000694325,-0.000518442,
-0.00135793,0.000127255,-0.000123522,0.00195215,0.00302121,0.00135012,7.89955e-05,0.000816443,
-0.00440535,0.0027846,-0.00078804,-0.000841461,-5.68723e-05,0.00206555,0.000401538,0.000346927,
-0.0058639,-0.0096938,0.00206426,-0.000933909,0.00058285,0.00129769,-0.000169467,-0.000802974,
0.00210417,-0.0138671,0.000121598,-0.00575317,-0.00139563,-0.000953483,-0.00059923,0.00235673,
0.0103196,-0.0270232,-0.00215167,0.000512229,0.00211178,-0.00074029,0.00178279,0.000635639,
0.00609982,0.0153459,-0.00227022,-0.01382,0.00254519,-0.000888944,0.000794303,0.00190908,
-0.000418608,0.046887,0.000817393,-0.0417695,-0.000595622,-0.000317642,-0.000910541,0.0014259,
0.00668531,0.0213389,0.0369171,0.00310475,0.0023366,0.0038954,0.0016255,-0.00136446,
0.0029306,-0.0544793,-0.00823475,-0.00636052,-0.00222645,0.00332763,0.00336802,0.000288855,
0.00883649,0.0227628,0.00072753,0.0442479,0.000201284,-0.000390852,0.00156894,-0.000496643,
0.00408264,-0.0394652,-0.00415204,-0.0213468,0.0057078,0.00327384,0.00137822,0.00269469,
0.00288832,0.028354,0.000871818,-0.0142879,0.00641759,-0.00253583,0.00123295,0.00137254,
-0.00723591,0.0129179,0.000958457,-0.0135048,-0.00182087,-0.00187416,-0.00177445,0.000432875,
0.00585742,-0.0542962,-0.0108961,0.146966,-0.00760539,-0.000571261,0.000101252,-0.000258,
-0.00850199,0.102989,-0.0135783,0.0103714,-0.00853691,0.00295288,0.00175119,0.00333865,
-0.00231852,0.0313202,0.00187958,-0.099871,-0.00433174,0.000979407,0.00109002,0.00262457,
-0.000722675,-0.121993,0.00380185,-0.0484859,-0.00275958,0.00248686,0.00177851,0.00482044,
0.00538826,0.0657648,-0.00124827,-0.0495512,0.0107345,0.00403528,0.00139641,0.00159335,
0.00481607,0.0892464,-0.0219173,-0.139368,-0.00393063,0.00278354,0.0003445,0.00110097,
-0.000472517,-0.169014,-0.032476,0.197517,0.0137835,8.36307e-05,4.80526e-05,0.0011695,
0.0216753,0.0872301,-0.0353375,-0.281664,0.0181955,-0.000729376,0.00287392,-0.00124048,
-0.0051977,0.0421202,-0.000560108,-0.00792027,0.0062562,-0.00109822,0.00190824,-0.00213434,
-0.0167618,-0.168285,0.0123479,-0.149263,0.00525413,-0.00188677,-0.00189774,0.000257352,
0.00615915,0.093305,-0.016236,-0.0409128,-0.0254019,0.00635978,0.00278234,0.000903638,
0.00401475,-0.12504,-0.0134586,-0.312493,0.000290672,-0.00281266,0.000687892,0.00480425,
-0.0174692,-0.014468,0.00184601,0.0996505,-0.00128316,0.00321816,0.000599885,0.000559063,
-0.0123396,-0.13904,0.0117881,-0.018869,-0.00580915,0.0031098,-0.00326084,0.00465943,
0.00497667,-0.0406402,-0.0183094,0.0352787,-0.00520107,0.00226015,-0.00208511,9.65387e-05,
-0.0131884,0.0673971,-0.0346517,-0.0519629,-0.00176791,-0.00174161,-0.00174581,-0.00126562,
-0.00316928,0.282406,0.0373592,0.0251713,0.00245799,-0.000931013,-0.000889392,0.00592665,
0.00174096,-0.0177385,0.0278273,-0.10666,-0.0158528,-0.00329411,0.0010039,-0.00264207,
0.00573038,-0.0398888,-0.0241583,-0.102327,0.00276784,0.00306672,0.000607475,-0.000672285,
-0.0121398,-0.0815816,0.00510149,-0.0886344,-0.000978503,0.000231501,0.00295524,-0.00348403,
-0.00301459,-0.0661452,-0.00552595,0.0351256,0.0140573,-0.00314225,0.0020768,0.00365277,
0.00628914,-0.00782616,-0.00455907,0.0586181,-0.00673173,0.000937683,-0.000254247,0,
0.00060311,-0.0454092,0.0022701,-0.13367,-0.00570846,0.00076438,0.00178481,0.000111695,
0.0168362,0.0187446,-0.00163698,0.0475102,0.00889551,-0.00107594,0.0030196,0.000413663,
0.0117941,-0.0294775,-0.00339879,-0.0621872,0.00452292,0.000237015,0.00164126,-0.000477358,
-0.00273892,-0.0852508,0.0133127,0.0810476,-0.00854615,-0.00117779,0.00196741,0.000297514,
0.00703585,-0.0191452,-0.00425774,-0.0292665,0.0173776,-0.000386909,-0.00209338,0.00163423,
0.0055504,-0.079536,0.00494256,-0.00113576,0.000768708,0.00157635,-0.00166921,-0.000466708,
-0.0108625,-0.0382114,0.012692,0.0234314,0.00419084,-0.00160842,0.00238154,-0.00198603,
0.00373562,-0.00822617,0.000982964,0.00763401,0.00257625,-0.00205697,6.24869e-05,0.00245807,
-0.00366652,0.0884439,0.0174412,-0.0480477,0.000357504,-0.00170991,0.000456228,0.00188343,
0.0121,0.0426335,0.00461972,0.0230568,-0.0072242,0.00241551,0.00190683,0.0011762,
0.00522822,0.0623208,-0.00137648,0.0981984,0.0157286,0.003441,0.00172387,0.00452222,
-0.00152064,0.0123494,-0.0058916,-0.0304159,-0.0036414,-0.000417933,-0.000324547,0.00087575,
0.000830825,0.0160556,0.0049773,0.0116834,0.00197379,0.000156039,-0.0019017,0.00241005,
0.00277148,-0.0161584,0.0044143,0.0077385,-0.00116464,0.000467483,0.00107707,-0.000239038,
0.0010346,0.0326003,-0.0054599,0.00871064,-0.00256188,-0.000204463,-0.00127978,-0.000761364,
0.00347256,0.00836647,-0.0025313,-0.00710587,0.00583022,0.000724716,0.000400466,-0.000568433,
0.00361741,-0.00449443,0.0119088,0.0101337,-0.00320188,0.000890303,0.000164818,-0.000464321,
0.000704274,0.0048529,-0.0102561,0.0105939,0.00391014,0.00189785,0.000648183,-3.70949e-05,
-0.00172095,0.0191928,-0.0012809,0.007144,0.000358247,0.000584499,-0.000936514,-0.000226919,
-0.00244416,-0.0116346,0.0043828,0.0110625,0.00239936,-0.000843823,-0.0014837,-8.34e-05,
0.00461035,-0.000737381,0.0035207,-0.00900276,9.46391e-05,-0.000573518,0.0011545,-0.000425126,
-0.000762964,-0.0206829,-0.00295758,-0.0164407,0.0010191,-0.00115347,-1.39932e-05,-0.00069224,
-0.000977224,0.0046054,0.00266834,-0.000784694,0.00168612,0.00174077,0.000383874,-0.0008073,
0,0.0185905,0.000102101,-0.0264856,-0.00130957,-0.00106511,0.00123057,0.000612639,
-0.000420691,0.0082092,0.000515397,-0.0160515,-0.00156408,-0.000328995,-0.000134949,-0.000311374,
-0.000693872,-0.00658201,0.00136423,-0.0242947,-0.0034529,-0.000440227,0,-0.000292824,
0.00212096,-0.0149764,-0.00231609,-0.00500161,-0.00187407,-0.00126175,0.000496342,-0.000595943,
0.00230504,-0.00199124,-0.00224711,-0.00110829,0.000536564,0.000415215,0.000964919,-0.000571735,
-0.00438218,0.000688138,-0.00316898,-0.00269968,0.0047931,-0.000345765,0.000101662,-0.000190882,
-0.000692796,0.0123765,-0.00542924,0.00821604,-0.00159141,0.000779771,0.000109221,7.68194e-05,
0.00194727,0.00702636,-0.00275035,-0.00972582,-0.00502617,-0.001757,-0.00181263,0.000154786,
-0.00192364,-0.00255632,0.00857242,-0.0104561,0.00415097,-0.000604898,-0.000621445,-0.000937706,
-0.0052672,-0.00833404,0.00169634,-0.0148879,-0.00688303,-0.00065542,0.000507472,-0.000722438,
-0.0116932,0.00103711,0.00843127,0.00962815,-0.00608529,-0.00143874,0.00067965,0,
0.00479809,-0.00579377,-0.00111913,-0.00214546,-0.0115422,-0.000693762,0,-0.00165783,
-0.00829706,-0.00801199,0.00210143,0.00821354,-0.0158024,0.00257235,0.00215033,0.000253208,
0.00568738,0.00923904,0.0044551,-0.00223992,-0.00988601,-0.00114645,-0.00068566,-0.000487215,
-0.00890341,0.00151605,-0.0022589,0.000947072,-0.00355081,0.00080909,0.000829729,-0.00118502,
0.00213751,0.00243058,-0.000771126,-0.00135891,-0.00392343,0.000166206,-0.00190542,-0.00153224,
0.00131316,-0.000197078,-5.24987e-05,0.000758639,-0.0144733,0.000231228,-0.00191511,-0.00166323,
0.00164739,-0.000963684,-0.000489625,-0.00779966,0.00385627,-0.000413505,0.000679486,-0.00156696,
0.00185512,0.00233453,0.000750687,-0.00179897,-0.00537203,0.000802713,-0.000489501,-0.00203105,
-0.0154775,0.00155693,-0.00150964,0.000704474,-7.6323e-06,0.00326092,-0.00190677,-0.00148606,
-0.00794317,0.00183659,-0.00206891,-0.0170552,0.000702627,-0.00269598,0.00121833,0.000151142,
-0.00254957,0.0045722,-0.00178018,-0.00973472,-0.00334914,-0.00052215,0.0021988,0.0013891,
-0.00212019,0.00664083,-0.000828371,0.00229065,-0.00108456,-0.0019021,-0.00360463,-0.00152164,
0.0114998,-0.00982431,-0.000105775,-0.00696363,-0.0277865,0.00111866,-0.000413446,-0.000558035,
0.0197326,-0.00260314,0.0011512,-0.00636356,0.00106717,-0.000260798,0.0041142,0.000637871,
0.0131936,-0.00187447,0.00182665,-0.00550077,-0.015955,-0.00137423,0.000668996,-0.00424237,
0.00454734,-0.00627501,-0.00173159,-0.00434944,-0.0165107,-3.22511e-05,-0.00399913,-0.0027386,
-0.00409825,-0.00400211,-0.00431482,-0.00118456,-0.000563026,0.00444312,-0.000828314,0.00257377,
-0.00534909,-0.00394055,-0.00259891,0.00151037,-0.0126141,0.00249376,-0.000826914,0.00180758,
-0.01166,-0.00787544,0.00397297,-0.000436334,-0.00233896,-0.000269284,-0.00220284,-0.000589372,
-0.00355613,-0.00550394,-0.00717431,-5.22122e-05,0.000248472,-0.00051393,-0.0031473,-0.00513955,
-0.00683501,0.00301074,-0.00680766,-0.000424587,0.00996642,-0.000949523,-0.000948662,-0.00161917,
-0.0244862,-4.11603e-05,-0.000221677,-0.00122844,-0.000871778,-0.000710079,0.00364183,0.000583247,
0.00923414,0.0111514,0.000567974,0.00211253,0.00317855,0.00145923,0.000847588,-0.00115532,
8.19573e-05,-0.00802389,-0.00535564,-6.14542e-05,-0.00355089,-0.000827904,-0.00324042,-0.000379046,
0.0217353,0.00409871,0.00127149,-1.44418e-05,-0.00287757,-0.00229439,0.00198612,-0.000449337,
0.00520486,0.00326826,-0.00251619,0.000742582,-0.000449567,-0.00195426,0.00196442,-0.000126037,
-0.0236835,-0.0075564,-0.00268784,-0.00383931,-0.0129307,-0.0012923,-0.00283922,0.000429717,
0.00544819,0.00293326,0.000755297,-0.00181688,0.00576317,0.00117314,0.000229589,0.000501082,
0.00654326,-0.000655707,-0.0044274,-0.00786682,-0.00527983,-0.0032058,-0.00413704,-0.00347813,
-7.30036e-05,-0.00361105,-0.00447897,0.00186465,-0.00688276,-0.00172403,0.00118577,-0.00373413,
0.00853453,0.00097951,-0.00372471,-0.00430636,-0.0135789,0.000836858,0.00225193,-0.00188954,
0.00623666,-0.00216188,-0.00272597,-0.00154942,-0.0193387,-0.00450442,-0.00260769,3.32491e-05,
0.00477267,0.00130398,0.00325988,-0.00713354,0.00433771,0.00160649,0.00158001,0.00142728,
0.00277961,-0.00158563,0.00143985,-0.000976001,0.000801299,-0.000613402,0.00157181,0.000513048,
-0.00148893,-5.30861e-05,-0.00100163,0.000661405,0.00486547,0.00116966,-0.00514668,-0.00194406,
-0.0125139,0.00117699,-0.00218079,-0.00176561,-0.00382958,0.00107586,-0.00203897,-0.000744127,
-0.00171529,-0.00618545,-0.00176404,-0.000450799,0.00137798,0.000546276,-0.00109799,-0.000420625,
0.000586424,-0.00134367,0.000208951,-0.00127647,-0.00260682,-0.000291632,0.000391762,-0.000669348,
-0.00702158,0.00140516,0.000765554,0.000305997,0.0107531,-0.00199353,-0.000894908,-0.00197189,
-0.00390872,-0.000581077,0.00142852,-0.000472925,0.00148743,-0.000342509,-0.00227845,0.000246826,
-0.00801162,-0.000568161,0.000847454,0.000363357,0.00223707,0.000480367,-0.000105034,0.000213619,
-0.00380409,-0.00139089,-0.000437002,-0.000601156,-0.00836381,-0.000358018,-0.000490858,0.000104127,
-0.00246849,0.0017867,0.00189555,0.00177105,0.00460263,-0.000747271,-0.00113894,-0.000465079,
0.00740507,-0.000925947,0.000944249,-0.00132778,-0.00124366,0,-0.000585076,-0.000938111,
-0.00234758,-0.00158435,-0.00151207,-0.000175769,-0.00312801,-0.000227146,0.000654246,-0.000262689,
0.00034089,-0.000569359,0.0016505,-0.000206971,0.00203911,-0.00037466,4.59043e-06,-0.000498787,
0,-0.00143269,-0.00201985,0.000344287,-0.00149092,0,-0.00163356,0,
-0.00241575,0.000134601,-0.000534062,0,0.000579547,-0.000624599,-0.00191973,-0.000200949,
-0.00392979,-0.000896148,0.000308983,-0.000621045,0.000270506,0.000481083,0.00174809,0.000146418,
-0.000938015,0.00038509,-0.00208855,-0.00121825,-0.00117148,-0.00164133,6.81019e-05,0,
-0.000974124,0.00128285,0.000456278,-0.000837549,0.000192729,-0.000942042,-0.00119713,6.03681e-05,
0,-0.00021464,0.000841575,0.000342809,0,-0.000713176,-0.00174762,-0.000517183,
0.00401139,-0.000285072,0.00191984,0.00104333,0.000153237,0.000171722,0.000225108,-0.000510464,
0.00128774,0.00175636,0.000671704,0.000150982,-0.000893083,0.00108904,0.000597943,-0.000377469,
0.000584462,0.000543753,0.000432558,-0.0010703,-0.00112398,-0.000439883,0.00165086,0.000213799,
0.00105209,-0.00477715,0.000873775,-0.00104677,0.00346716,0.000264384,0.000468992,-0.000197388,
0.00619755,0.0182214,-0.000757542,-0.0250258,0.00885727,-0.000771308,0.00120414,0.000921593,
0.00254429,0.0174159,-0.000568322,-0.0276649,0.00181544,-0.00087496,0.000892151,0.000117057,
0.00452271,0.0008247,0.000687194,0.0111958,-0.0020245,0.00122406,7.37755e-05,0.0024146,
0.00424934,0.0373168,-0.00128307,-0.0455815,-0.00260752,-0.000650419,-0.00085646,0.000560349,
-0.00376954,-0.0312539,0.0254759,0.0472285,0.000807354,0.00109726,0.00207985,-9.57902e-05,
0.0168429,0.00789315,-0.00790657,0.0238724,0.00180476,-0.000215503,0.00028951,-0.000362693,
-0.00636246,0.0318689,-0.00442807,-0.0276708,0.000197565,-0.000571098,0.000731785,0.000223605,
-0.00278914,-0.00110829,-0.0142428,-0.00536599,0.00271648,0.00427907,-0.00091495,-0.000263846,
0.00497611,0.0336981,-0.00516241,-0.0308795,-0.00454595,0.00434723,6.48146e-05,0.00313165,
-0.0145035,-0.108177,-0.00904335,-0.172496,0.00750373,-6.72366e-05,0.00140289,0.00380571,
-0.00649736,-0.0180431,-0.00804862,0.104621,0.00407986,-0.00108802,0.000689609,0.00210408,
-0.0123982,-0.0269143,-0.0110205,-0.0445565,0.00388591,-0.00193079,-0.000123134,-0.000271732,
0.000705583,-0.0353606,-0.0199127,0.0330626,0.0013784,-0.00429146,0.000246271,0.001108,
0.00506732,0.182513,-0.0163925,-0.143634,-0.000238338,-0.000246617,0.000186373,0.00213557,
-0.0111464,-0.020971,0.00463321,0.0318412,0.015509,-0.00493316,0.00195803,0.0026993,
0.0129248,-0.0614318,-0.0291592,0.00986347,-0.00423111,-0.00120876,0.00173096,-0.000145603,
-0.00169204,0.00490977,0.00271696,-0.134741,0.0200939,-0.000665649,0.00131109,0.00225425,
0.00205706,-0.0626699,0.0174285,-0.158294,0.0106951,0.00788129,0.00341127,0.000338077,
0.023739,0.0577478,-0.0133403,0.0514681,0.0161392,0.00289802,0.000546691,0.000807983,
0.00768903,-0.0294261,-0.021448,-0.157961,0.00138989,0.00435612,0.000461608,0.00309021,
-0.00950294,-0.156319,0.00286405,0.117441,0.00448793,0.00393824,-0.0011544,0.00119058,
-0.0303091,0.185471,0.020879,-0.0196962,0.0019164,-0.00297541,-0.00151371,0.00553471,
-0.0132297,-0.0125351,-0.029533,0.0701298,-0.00784519,-0.00172702,0.00309643,0.00350547,
-0.00627678,-0.0998558,-0.0388398,0.0394917,-0.00350974,-0.000541223,0.00143905,0.00170336,
0.00530325,0.145609,0.00443342,0.0295063,0.00199888,0.00521126,0.00374607,-0.00128177,
-0.00168796,0.224597,0.000873088,-0.220095,-0.00466883,-0.00455109,-0.000320094,-0.00219085,
0.0197608,-0.22404,0.020715,-0.2445,0.0299895,0.00754077,-0.00359813,-0.000284148,
0.0060457,0.0818877,0.0567432,-0.18919,-0.0161427,0.00288919,0.00147445,0.00282567,
0.00262874,-0.0404234,-0.0096086,-0.264893,-0.00263915,0.00112763,0.000228688,0.00166059,
0.00677518,-0.155304,-0.0406921,0.0564246,0.0241329,0.00904191,0.000380939,0.00234868,
0.00489242,0.0368541,-0.0506001,-0.14131,0.00157727,-0.00143948,-0.000374157,-0.00100163,
0.00162751,-0.0135523,0.0279251,-0.169156,0.00439016,0.000216482,-0.00043954,0.00143151,
-0.00182192,-0.0716269,-0.0159328,-0.0975434,0.000759745,0.00158007,-0.00137297,0.00108,
0.00352368,-0.131903,-0.0210653,0.184148,-0.00614011,0.00456819,-0.00119302,0.00128527,
0.0143951,-0.0201828,0.0341376,0.181517,0.0263961,-0.0004967,0.00217087,-0.00199505,
-0.0138747,-0.0208401,-0.0122608,-0.113999,-0.000423301,0.000927701,0.00126973,0.00260926,
0.0493538,0.0373305,0.0182203,-0.0624462,0.00399415,-0.000156409,0.00155678,0.000600322,
0.00669265,-0.0548228,0.0154421,0.00175451,-0.0110439,-0.00125693,0.00324608,-0.000445641,
0.0116139,0.0391722,-0.00359508,-0.00361085,-0.00312176,0.00240765,0.00490593,0.000816076,
0.0350948,-0.0150498,0.00194293,0.0736265,-0.00187862,-0.00283394,0.000337589,-0.000239384,
0.0166109,0.068354,0.0203655,0.0961125,0.00361041,0.00213264,0.000517793,0.000578751,
0.0359567,0.0756702,0.000256673,-0.118189,-0.000661246,0.00354388,0.000925531,-0.00229701,
-0.0265577,0.125852,0.00301199,-0.0829771,-0.00527945,0.000424986,-3.49473e-05,0.000361633,
-0.0157021,0.0489798,0.0178592,-0.0579091,0.00482288,-0.00133735,-0.00076113,0.00229489,
-0.00286962,0.00834263,-0.014467,0.100016,-0.0021363,-0.000865373,0.003331,-0.000288587,
0.0140062,0.0261603,0.0107516,0.00931016,0.00469856,-0.001268,-0.00136912,-0.00173143,
-0.0102742,0.124765,0.00603063,-0.0471519,-0.00167917,0.00250124,-0.00174973,0.000698339,
-0.00371374,-0.0240938,0.0117346,-0.0504235,0.00107223,0.00143445,-0.00272868,0.00166905,
0.00239291,0.0353318,0.0177279,-0.0166813,0.00444527,0.000460723,-0.000321537,-0.000767728,
0.0044045,-0.0117962,0.00178805,-0.0253078,0.00322464,-0.000764971,-3.09676e-05,-0.000835506,
-9.44846e-05,0.0172885,0.00357271,0.0406441,0.000494731,-0.00160714,-0.000788256,0.000177901,
1.42097e-06,0.00453115,-0.00571704,0.0413722,-0.00270627,-0.000362477,0.00197263,-0.00052997,
-0.00219062,-0.00725965,0.00811591,0.0417103,-0.000344888,-2.04711e-05,0.00104131,-0.000377715,
-0.0016988,-0.00173223,-0.00507274,-0.0072861,0.00355467,-0.00166831,0.000379103,8.16955e-05,
-0.00260002,0.00535088,-0.00181905,0.00677872,0.00106936,0.000335613,0.000104101,0.000132289,
0.00801429,-0.00534096,-0.00264902,-0.00846548,-0.00200975,0.000585988,-0.000353889,-0.00024859,
-0.00140988,0.000231589,0.00244103,-0.0117982,-0.00082015,0,0.000683956,-0.000537043,
-0.00249323,-0.0169368,-0.0102329,0.0202686,0,0.000696665,0.00142307,-6.75147e-05,
-0.000862404,0.0157193,-0.00729982,0.0331971,-8.33286e-06,0.000402924,-0.000206269,-0.000450595,
0.00285667,-0.0062985,-0.00686368,-0.0334756,0.00103973,0.000491782,-0.000726347,-0.000114941,
-0.00306139,0.0263414,-0.000914839,-0.0160691,0.00113569,-0.00136921,-0.00245526,6.06104e-05,
0.00290436,0.0351522,0.00319131,-0.0394459,-0.00384308,0.00112177,0.000951619,0.000282302,
0.00192295,0.00346655,-0.000959486,0.0112952,0.000477591,-0.00145859,0.000107481,-0.000777396,
-0.00185667,-0.00014056,-0.000385282,-0.00677448,-0.00306036,-0.00102385,-0.00067252,-0.000366503,
-0.00351234,-0.00292362,0.000991896,-0.00286915,0.00116231,0.00226577,-0.00129811,-0.000143922,
0.00230307,-0.00132742,-0.000539933,-0.00119881,0.00561152,-0.00207542,0.000409773,-0.000136441,
-0.00221197,-0.00628028,0.000448591,0.00024358,0.00684508,-0.000419489,0.000369841,-0.000623733,
-0.00164281,0.0147832,0,0.00831673,0.010442,0.00084774,-0.00211525,-0.000262596,
0.000629333,-0.00764792,0.00476388,0.00621648,0.0111418,0.000447186,-0.00188668,-0.00107443,
-0.00106551,0.0337371,-0.000563837,-0.0121774,-0.0110478,0.00039352,-0.000852852,-0.000606969,
-0.00274355,0.00351058,0.0150724,-0.00899688,-0.0017671,0.00101612,0.000272349,-0.000910062,
0.00153341,0.00628435,-0.0130889,0.00240758,0.00158939,-0.0023054,-0.000651947,-0.000987625,
-0.00142489,-0.0108238,0.000849995,0.00365904,0.00399345,0.00238683,-0.000124621,-0.000569766,
-0.0152612,0.0150219,0.00518322,-0.00268699,0.00107887,-0.00103194,-0.00142199,-0.000367648,
-0.000667403,-0.00887075,-0.00101445,0.00571093,0.000698035,-0.000441228,0.00149239,-0.00187905,
0.00286498,-0.00195405,-0.00220889,0.000929231,0.00461948,-0.00353077,-0.000569575,0.00063809,
-0.0123363,-0.00394204,-0.000359149,-0.000129929,-0.00204872,0.00113348,-0.00299989,-0.000306962,
-0.00323494,-0.00461742,-0.000347887,0.00343509,-0.00569896,-0.00291993,-0.0043573,-0.00179473,
0.00112826,-0.0043103,-0.000921636,0.00256076,-0.0148184,-0.00258662,-0.00339124,0.000146767,
-0.0276553,-0.00264153,0.000340257,0.00143646,0.00521272,-0.00081757,-0.000194064,-0.00517985,
-0.00490981,-0.0108998,0.00148015,-0.00906811,-0.00220837,-0.000445406,-0.00167721,-0.00324055,
0.00125306,0.0138478,0.000855298,-0.00832681,-0.0147305,-0.000811965,-0.00679875,-0.00119402,
0.0170565,0.0104289,0.00246202,-0.0117662,-0.000516729,-0.00192789,-0.00554767,-0.000640433,
-0.00292173,0.000475804,-0.00154831,-0.0182812,-0.00392605,-9.24862e-06,-0.0103198,-0.00162478,
0.00622926,0.00969558,-0.00287136,0.00613819,-0.00472417,0.00196556,0.00275966,0.000256656,
0.00839382,-0.000729066,-0.00457295,-0.000899989,-0.0144446,-0.00153077,-0.00273761,0.000784877,
0.00505627,-0.00285701,-0.00166531,-0.00228234,-0.00516664,-0.00200902,0.00128847,-0.00237645,
0.0143639,0.000521729,0.000988975,7.04005e-05,0.000570967,9.86142e-05,-0.00300294,-0.00144825,
0.00327357,-0.00114337,-0.00892688,0.002194,-0.00984316,-0.00410972,-0.000184959,0.000287046,
-0.0144116,0.00449657,0.000194292,0.000653082,-0.00818821,-0.000842639,0.00256051,-1.26557e-05,
0.00483053,-0.00139272,-0.0060506,0.0058796,0.00358973,-3.29806e-05,0.00383177,0.000442874,
0.000762903,0.00592465,-0.00191905,0.00132115,0.00582986,-0.00473013,0.0013015,-0.00114915,
-0.00690288,-0.0112557,0.0045223,-0.00118381,-0.000713594,0.000995249,-0.00201771,-0.00128208,
-0.0180353,0.0003187,0.00523205,0.00192873,0.00849199,-0.000264888,-0.000677096,0.000866082,
-0.0108522,-0.00236439,0.00109409,0.000913548,0.0037783,-0.00398609,-0.00245756,-0.000143142,
0.00680312,0.0070953,-0.000220642,-0.000897777,-0.0107191,-0.00352624,-0.00290161,-0.00310968,
1.46939e-06,0.00464367,-0.00149367,-0.000486831,-0.00542638,-0.00491901,-0.00338491,-0.0020627,
0.00141325,0.00705066,0.000262044,0.000642668,0.000442451,-0.00170357,0.000130219,-0.00277343,
0.00127036,-0.00376319,0.000258801,-0.00294311,-0.0113157,0.00219672,0.00238325,-0.00157241,
0.0141828,-0.00251399,-0.00290214,-0.000765204,-0.0113459,-0.00186486,0.0013136,-1.20024e-05,
-0.000366476,-0.00123738,-0.00106854,-0.00158942,-0.00687058,0.000218575,-0.00375289,-0.00177283,
-0.00620909,-7.9559e-05,0.00284996,-0.00301829,0.00161687,-0.00167462,-7.31538e-05,-0.0020688,
-0.00701376,0.00210702,-0.00419315,-0.00341725,0.00114578,-0.00381639,-0.00135864,-0.00160257,
-0.0105528,0.000674783,0.000369089,-0.00231994,-0.00212013,-0.000763491,0.000544214,-0.000609215,
-0.0122182,-0.00667187,-0.000202385,-0.00432982,-0.00268092,0.00273876,-0.00179929,-0.000318624,
0.00503205,-0.00382888,0.00110851,0.00190335,0.00136751,-0.000665754,0.00185002,-0.000416442,
-0.00461107,-0.00308994,0.00060401,-0.00315451,0.00139724,-0.00225308,-0.000235339,-0.00123941,
-0.0204135,3.21974e-05,4.84131e-05,-0.000485571,0.00918466,-0.000513905,0.0019027,0.000104989,
-0.0110033,-0.00144466,-0.000636666,-0.000675672,-0.00239829,-0.000158779,-0.000749532,-0.000241444,
-0.0117626,-0.000755156,0.0010186,-0.000165283,0.0041061,-0.00106705,-0.000665745,-0.00122293,
0.0049294,0.00147229,0.0014127,0.00134154,-0.00114809,-0.000651005,0.000877992,-0.000683542,
0.00505236,-1.65322e-05,0.000533622,-0.000284758,0.00424716,0.00196865,0.00136993,-0.000437802,
-0.000214197,0.000615761,0.00193567,-0.00176171,-0.000811606,0.000280096,0.00137064,-0.00047428,
-0.00193529,0.000518969,-0.000268309,0.00215252,0.000227836,-0.000437413,0.000278203,0.000129789,
-0.00280917,0.000738512,0.0017829,-0.00093647,-0.000371716,-0.000555796,-0.000466621,-0.000779852,
0.00220998,0.00118783,-0.000404838,0.00130908,0.00264448,-0.000857608,0.000903321,-0.000569708,
0.001831,-0.000581203,-0.000133499,-0.00102851,0.001384,-0.000233172,0.000233728,4.17949e-05,
0.00123272,0.00178163,0.000568792,0.000104935,-9.95783e-05,0,0.000897371,-0.000643301,
0.00117087,0.000145442,0.00036053,-0.000768042,0.00184372,-0.000978318,0.00071249,-2.20041e-05,
0.000828745,-0.00215382,-0.000338628,0.000131173,0.00226042,-0.000478471,-0.00142901,0.000337632,
-0.00102579,-0.0164388,0.000547258,0.0102257,-0.00444785,0.000517971,-0.000488344,2.00724e-05,
0.000987786,-0.00316723,-0.000358811,-0.00663721,0.00111842,0.000958984,-0.000201727,7.30049e-05,
-0.00396337,-0.0296868,0.000225455,-0.0390238,-0.00218289,0.0012195,0.000436599,-0.000234035,
0.00365443,-0.00014318,0.00153625,-0.00969001,-0.000365923,-0.00100434,-0.00109884,0.000420583,
-0.000955967,-0.00412173,0,-0.0400704,-0.00375442,0.000134955,0.00144057,-0.000279324,
-0.000828186,-0.0406154,-0.00877655,-0.0168275,0.00116896,0.00127969,0.000259979,0.000985206,
-0.00549464,-0.0352987,-0.0029315,-0.0239475,-0.00446595,-0.00230809,0.000463812,0.00113074,
0.000838178,0.037634,-0.0150472,-0.0628872,-0.00283079,0.000283073,-0.00160192,0.00213238,
0.00404931,-0.0385186,-0.00227918,0.0199019,-0.00533325,0.000284413,0.00129307,-5.64448e-05,
0,0.113122,-0.00786296,-0.164752,0.00504585,0.000437869,-0.00354537,0.000692622,
0.00645239,-0.0323525,-0.0175647,0.0521598,-0.00421516,4.15164e-05,0.0010491,-0.00121856,
0.00779852,-0.00802814,0.0131845,0.0734552,-0.00316669,0.0028388,0.000309241,-0.00214532,
-0.00750655,0.00210726,-0.00242846,0.0896002,-0.00576896,0.0062225,-0.0014738,0.00342879,
0.0137402,0.00471916,-0.00161608,0.0885728,0.0160056,0.00133741,0.00160292,-0.00214829,
-0.000206821,-0.150644,0.0351021,0.0614578,0.0055278,0.000309415,-9.38442e-05,0.000671634,
0.00496598,-0.0743154,0.0267902,-0.02861,-0.00309708,0.00285945,-0.000505297,0.000144141,
0.00992978,0.0749974,-0.0456105,-0.0638891,-0.00253891,-0.000271705,0.00016112,0.000913901,
-0.0576713,-0.0342905,0.00360974,0.153304,-0.00587965,0.00369763,-0.00076565,0.000812257,
0.0412764,0.0719343,0.0195325,0.117601,0.00318553,7.82386e-05,-0.00287283,0.00147855,
0.0135115,0.0878065,-0.022846,0.0919194,-0.0109028,-0.00325847,-0.000276166,0,
-0.103691,0.074846,0.0297488,-0.271582,-0.010709,0.00229863,-0.000114402,0.0018027,
-0.0508207,-0.0575488,-0.000438241,-0.105547,0.000770136,0.000774729,-0.000839158,0.00307364,
-0.0161046,-0.178463,0.00850613,0.0105554,0.00626385,-2.49121e-05,-0.00076413,7.05174e-06,
0.00583054,-0.235632,0.0397344,-0.560312,0.00177689,0.000283504,0.00144367,-0.000297081,
0.0489297,0.0934204,0.00457944,-0.24324,0.0123821,0.00369304,0.000166201,0.00241973,
0.084196,0.0245765,0.0458046,-0.100933,0.00211515,-0.00247741,0.00275961,0.000574882,
0.0289525,0.0236298,-0.00319891,0.118804,0.000890377,0,0.0005088,0.000359857,
0.0779903,-0.0409418,-0.0545775,-0.256905,0.00554793,0.00025848,0.000603965,-0.00187658,
-0.0373608,-0.162483,-0.0249525,-0.398971,0.00572674,-0.00125773,0.00290231,0.00201936,
0.0934416,-0.0591421,-0.0181353,0.0531523,0.00876287,-0.000202339,-0.00186113,-0.00168996,
0.0517017,0.0665733,0.0436063,-0.142962,0.0151713,0.00482269,0.00433017,-0.00290748,
0.0640963,0.15207,0.0368363,-0.220418,0.015523,0.000838308,0.000604751,-0.00218102,
-0.138268,0.00589781,0.00392654,0.143609,-0.0109928,0.000360174,-0.0021426,0.00281261,
0.0774503,0.0261748,-0.0381706,0.125644,-0.00111823,0.00416009,0.00185357,-0.000859327,
0.0836776,0.13829,0.0379753,0.28384,0.000250675,-0.000391217,0.0043772,-0.000745174,
-0.0330058,-0.00336631,0.070087,0.0206204,0.00960195,-0.00277743,0.0014468,0.000979997,
-0.0664858,0.017393,-0.0147356,-0.186338,0.00864391,-0.000870426,0.00161845,-0.00134401,
0.0148644,0.173622,0.0505495,0.0446702,-0.00772405,-0.000826902,0.00367337,-0.000246263,
0.0138107,-0.0508001,-0.0390792,0.0816883,0,-5.97395e-05,0.00101636,0.00185248,
0.0377113,-0.122355,-0.0401187,-0.0939361,-0.00437439,-0.0016289,0.000496074,0.000812995,
0.0125377,-0.0484639,0.00246948,-0.352708,0.00986708,-0.0040945,0.00328831,-0.00190536,
0.0210062,-0.213279,-0.00261411,0.182017,0.000786068,-0.00217931,0,1.89117e-05,
0.0116787,-0.0449474,0.0178877,-0.121933,0.00495273,0.00361722,0,0.00540491,
0.0106368,-0.0248537,-0.0226641,-0.0174365,0.00687765,-0.00183699,0.000363789,-0.000806951,
-0.00383024,0.0424261,-0.00142422,-0.0805821,-0.00440605,0.00208384,0.000412437,0.000754723,
0.0100307,-0.00258942,0.0124662,0.0514131,-0.000403287,0.000687189,-0.00111919,0.00049767,
0.0091007,-0.0374436,-0.0232591,0.226084,0.00887805,-0.00237112,-0.000264059,-9.38477e-05,
-0.0300552,0.0918622,-0.0150005,-0.0777366,-0.00880078,0.00383664,0.00425017,0.000352635,
0.0296492,-0.10553,0.00879947,-0.0387459,0.000483939,-0.000802573,-0.000157269,0.000794949,
0.0762226,-0.0195219,-0.0159793,0.00110234,0.00110403,-0.0013968,0.000300951,0.000542324,
-0.00490539,-0.0200247,0.00141793,-0.0621073,0.00265333,-0.000673317,0.00234035,0.000620456,
0.011228,0.0570401,0.00114835,0.0309349,-0.00388789,0.00190254,0.000569577,0.00099015,
0.0327102,0.160208,-0.0142368,0.0174159,0.000350912,0.00135873,-0.000783761,-0.000648228,
0.0193278,0.035281,-0.020571,0.0664858,0.00254235,-0.00150635,-0.000762804,0.000124538,
-0.00736144,-0.0270209,0.0146481,-0.00594978,-0.00505905,0.000306805,0.00138554,0.000440908,
-0.0206795,0.071714,0.00443465,-0.0301418,0.00775053,0.00233909,-0.00201217,-0.000340402,
-0.00241283,0.100253,0.00692249,-0.0822885,-0.0024704,0.00111418,0.000597459,0.000516579,
-0.00938336,0.00758934,0.0392535,0.0386345,0.00302198,0.00144842,0.00192169,0.000505544,
0.00538306,0.0677263,0.00485506,-0.00976424,0.000664442,-0.000697643,0.000466164,-0.000187562,
0,0.0893619,0.0178069,-0.0210001,0.00102532,-0.000207226,-0.00184265,-0.00017094,
-0.00143647,0.0397773,-0.00297916,0.0615162,-9.7991e-05,0.00136666,0.000236012,-0.000240348,
0.0208464,0.00102505,0.0027027,0.00867162,-0.000517788,0.000676765,-0.000692671,-0.000307851,
-0.0174297,0.0017962,0.0070243,-0.000565199,-0.000174493,0.000331992,0.00308014,7.27075e-05,
-0.011712,0.0137828,-0.0253895,-2.26514e-05,-0.000777684,-0.00102433,-0.00199458,0.000419795,
-0.0215548,-0.00255377,0.0201511,0.0137715,0.00303737,-0.00117739,-0.000471471,3.5296e-05,
0.00489116,-0.00243271,0.0173179,0.00460535,0.00283817,0,-0.00103644,-0.000637601,
-0.0152657,-0.00902114,-0.00144387,-0.0172447,0.00067222,-0.00056739,0.0011898,0.000958808,
0.0206935,-0.0480856,0.00235955,0.0215157,0.000415415,0.000163427,-0.000261501,4.10646e-05,
0.00572203,0.00615817,-0.0184947,-0.00955335,0.00187132,0.00114395,0.00036051,-0.000311433,
0.00402934,-0.0422096,0.00334361,-0.0279291,-0.0102206,-0.0034222,0,-0.000853807,
0.00456104,-0.00639224,-0.00301058,-0.038473,-0.000686454,-0.00229091,-0.000647174,-0.000463888,
-0.00870377,-0.0172585,0.00347257,0.0191708,-0.00134159,0.000666364,0.000413585,0.000359653,
0.00143857,-0.0189923,-0.00117322,-0.00227392,-0.0047521,-0.000316753,-0.00296023,0.00159703,
0.00218617,-0.000962096,0.00218391,0.000477527,-0.0108042,-0.00148716,-0.000297062,-0.00014834,
-0.00226357,0.000597836,-0.00530586,0.00105004,-0.000779052,-0.000695513,0.00319649,-0.000826056,
-0.00281192,0.00630147,0.00556639,0.00143047,-0.00170984,0,-0.00077329,-0.00254494,
-0.0025411,0.00703692,-0.0023574,0.00228625,-0.0143002,-0.00166594,-0.00265776,0.000199743,
-0.000741602,0.0221208,0.00759829,0.00643688,0.0113291,-0.003,0.00352592,-0.00240602,
0.000321515,0.0107173,-0.0058551,-0.00843579,0.000533654,-0.0024528,-0.00298501,-0.000902419,
0.000200386,0.0234531,-0.00416,0.00586047,0.00500904,-0.00317745,-0.00218565,-0.000102921,
0.00219388,-0.00744046,0.00759364,-0.00546567,0.00631608,0.000853924,0.0024761,-0.00212172,
9.65153e-06,0.00875637,0.00796529,0.00864108,0.00109624,-0.00266807,-0.000247471,-0.00130319,
0.0103561,0.00468361,-0.00588642,0.000595765,-0.00206796,-0.000207868,-0.00138798,-0.000834005,
-0.0352823,-0.0128661,-0.00462525,-0.000470481,0.00111595,0.000240879,-0.00209893,0.000450416,
-0.00137876,-0.00873644,0.00214781,-0.0174043,-0.000834581,2.24393e-05,0.00184786,-0.000326333,
-0.0127003,-0.000326661,0.00396259,-0.0149857,-0.00579362,0.00169421,0.00173006,-0.00277188,
-0.00091477,-0.00166012,1.35162e-05,0.00727075,-0.00489159,0.00172359,-0.00569237,6.09052e-05,
0.000270623,-0.00804916,-0.000401926,-0.0116397,-0.0051703,0.000907589,0.00345886,-0.00165139,
0.00337536,0.000608202,0.000980989,-0.00954422,0.0142222,-0.00101599,-0.00085657,-0.00205981,
0.00319315,-0.00062648,-0.00134477,0.00864927,-0.0176758,0.00360174,-0.0072717,-0.00118632,
-0.00603999,-0.0101415,0.000590027,-0.0174878,0.0155328,0.000450159,-0.000305213,0.00206645,
0.00386163,-0.00344564,0.00230246,-0.0115774,-0.00325121,0.00018683,-0.00567365,0.00102336,
-0.007446,-0.00183794,-0.00482835,-0.00061645,0.0108912,-0.000829949,-0.000729277,-0.00191628,
0.0198588,0.000221328,0.00049233,-0.00437166,0.00401846,-0.000836369,-0.000142232,-0.00340664,
0.00265079,-0.00221401,-0.00324029,-0.0004667,0.0038942,0.00191519,-0.00159292,0.000569635,
-0.00598027,-0.000927828,-0.00538202,0.00289367,0.00132914,-0.00825742,0.00156126,0.00193158,
-0.0116761,-0.00516098,0.00264733,0.000575933,-0.00251974,-0.00263411,-0.00122891,-0.00165588,
-0.0279295,-0.00671168,-0.00441505,-0.00373012,-0.00602656,0.000948772,0.000436984,-0.00195512,
-0.00555959,0.000220645,-0.0057584,0.00982498,-0.00820371,-0.00413614,-0.00461982,-0.000875699,
-0.00390983,-0.00182371,0.00354406,0.000974593,-0.00874289,-3.16503e-05,0.00205278,0.000326739,
0.00233075,-0.0132451,0.00490756,0.00211734,0.00543107,-0.000365079,-0.00342982,-0.00242124,
-0.0179447,0.00492004,0.00719786,-0.000174552,0.00279187,0.000562065,0.00272636,7.61408e-05,
-0.00403622,-0.00294117,-0.00672504,0.00274058,-0.0101309,0,-0.00472105,-0.00116368,
0.00329901,0.000213578,-0.000657454,0.000768945,-0.0100901,-0.0006246,0.00306844,-0.000665936,
-0.0121365,-0.00392424,0.00568636,0.000138582,-0.00799957,-0.00274637,-0.000496696,-0.00166184,
-0.000293785,-0.000297806,-0.00331286,-0.00512808,-0.00568345,0.00205262,0.00155192,0.000686581,
0.00609633,0.00304812,-0.00175082,-0.00586791,0.000717351,0.000307444,-0.000604529,-0.000601946,
-0.00199896,-0.00454802,0.00472932,-0.00352327,-0.00113609,-0.000577241,-0.0037953,-0.000551082,
-0.0157216,-0.000960237,0.000332225,-0.00145981,0.00882355,-0.0010088,-0.00155094,0.000444367,
-0.00504954,0.00280625,-0.00138645,-0.0050456,0.0058277,8.75799e-05,0.00155318,-0.000394425,
-0.00438782,-0.00462083,0.00136863,0.00183483,-0.00387377,-0.000688648,-0.00125687,0.000302333,
-0.000923762,-0.00129864,0.00302026,-0.00540676,0.00616244,-0.00201995,-0.000801165,-9.87536e-05,
-0.0100326,0.000136143,-0.00209751,-0.00209152,0.00330764,-0.0011766,-0.0035036,0.000673343,
0.0060504,-0.00334489,0.00120688,-0.00128557,0.000987483,-6.51281e-05,-0.00351465,-0.00102878,
0.00204093,-0.00672001,-2.72254e-05,4.10684e-05,0.00266845,0,-0.00307947,-0.000921266,
-0.00526896,-0.000447051,0.00110402,-0.000342283,0.00526884,0.000359237,0.00295694,-6.98776e-05,
0.000705484,-0.00869399,-0.000431903,0.000365008,0.00510707,0.00113111,0.000473994,-0.000573628,
0.00201266,-0.0059203,-0.000845968,0.00155737,-0.000520471,-0.00185252,-0.00229501,-0.000183683,
-0.000928457,-0.00467964,-0.00024651,0.00108487,0.000702703,-0.00125652,0,-0.000163183,
0.000202218,0.00146852,0.00113465,-0.0001093,4.53599e-05,-0.00119585,0.00045834,-0.00188165,
0.00289061,3.57465e-05,0.00106061,0.00467847,-0.00230407,0.000905125,-0.000178813,-3.05291e-05,
-0.00114128,-0.000881263,0.000957278,0.00352199,-0.000547245,0.000554932,-0.000633213,-0.000430408,
-0.000561092,-0.00876472,-0.00130366,-0.000488342,0.00161952,-0.00108942,-0.000854429,-0.000352723,
-0.000148643,-0.0160512,-0.0028597,-0.0177668,0,-0.000172463,0.00187939,0.000773403,
0.00208731,-0.0126657,-0.00108505,-0.0131805,-0.00244284,0.0002137,-0.00188729,-0.000381786,
-0.00041931,-0.00695476,0.00132236,-0.0336447,0.00169514,0.00214491,-0.0011,-0.000221678,
0.00137522,0.00336519,0.00227907,-0.000399973,0.00142483,-0.00116136,1.48618e-05,0,
0.00108828,0.0331835,0.00298495,-0.0142495,0.00384027,3.13015e-06,-0.000614995,0.000688848,
0.00154238,0.0133782,-0.00573514,-0.0319763,0.000655607,-8.31617e-05,1.75941e-05,-0.000108772,
-0.00234547,-0.0150206,-0.00435976,-0.0346639,0.00281115,-0.00182895,0.000734891,0.000814561,
-0.00214122,-0.0544342,0.00805788,0.0267757,-0.00162644,0.0013922,-0.000179685,0.000221458,
0.00254677,-0.0193907,-0.0130738,-0.0143267,0.00285865,-0.00204871,-0.000394781,-0.000909222,
0.00528411,-0.185399,-0.00871093,0.0649204,-0.00149614,0.000929005,0.000449507,0.000524963,
0.00388328,0.0308488,0.00724043,0.0850916,-0.00364531,0.00165043,0.00103462,0.000880244,
0.00261439,-0.0754701,0.0104942,0.0731916,0.000828146,-0.000614935,0.000125985,0.00203079,
0.00690642,0.109383,0.0353181,-0.24701,0.0036359,0,-0.00144186,0,
0.00441396,0.0610175,-0.0370525,0.0310648,0.00238793,0.000118029,0.00101451,-0.000436692,
0.000685744,0.0100384,-0.0165942,0.00551669,-0.00159237,-0.00266399,3.59942e-05,0.000779715,
-0.0282862,0.0413001,-0.0160341,0.0838778,0.0055067,0.000208345,0.00319159,-0.00109745,
-0.129875,0.0589013,-0.0112905,-0.195482,0.00215884,0.00152374,0.00249893,-0.000844668,
-0.00220479,-0.00982226,0.0270447,-0.0368023,-0.00886102,0.00134773,0.000253217,-0.000894687,
0.0168821,-0.147878,-0.00669551,-0.348381,-0.00975168,-0.00248932,0.00172847,0.00487039,
-0.135268,0.0643855,-0.0107179,-0.445031,0.000399759,-7.74733e-05,0.00157373,0.00278449,
0.0727457,0.0753161,-0.0418714,-0.225506,0.000830614,-0.00116152,-0.00114035,-0.000410344,
-0.144928,0.00313568,0.00337825,-0.219242,0.000753783,0.00306215,0.00131161,-0.00233992,
0.0606914,0.0272307,-0.0100512,-0.285065,-0.00287126,0.000792394,0,-0.000796896,
0.148866,0.053811,-0.0132699,-0.0167767,0.0111321,-0.00401128,0,0.00295792,
0.0547409,0.0366381,-0.0332778,-0.0886243,0.00366458,0.00178442,0.00165253,-0.000550182,
-0.0627276,-0.0139502,0.0545685,0.169281,0.0108075,0.000530432,0.00138127,0.0010991,
-0.0833365,0.0917304,0.063364,-0.366757,-0.00611307,0.00403491,-0.00190499,-0.0011756,
-0.0485773,-0.143641,0.0320664,0.134428,0.000976235,-0.0045617,0.00111726,0.000437381,
0.000645071,-0.195039,0.0538964,0.0915817,0.00439478,0.00806548,0.00362255,0.00327469,
-0.290354,-0.0708766,-0.055876,0.225095,0.00108191,0.00111723,-0.000993207,0.00115305,
-0.153357,-0.0643993,0.0796425,-0.470461,0.000102741,-0.00176573,0.000250407,0.00302107,
-0.0168484,0.129162,-0.00903908,0.0238452,-0.000738634,0.00289748,0.000750718,0.000320237,
-0.160772,0.0113858,0.00590617,-0.111147,-0.0196768,0.00680972,0.000383946,0.0019437,
0.0711201,0.256307,-0.0677459,-0.336512,0.00313603,0.00905442,0.000327204,0.00123083,
-0.088377,0.108304,0.0549138,0.0874898,-0.0143967,0.0023402,0.00179836,0.00142673,
-0.204092,-0.0123532,-0.0667888,-0.196921,-0.00887449,-0.00452003,0.00184955,0.00193002,
0.0673235,-0.078214,-0.0611392,0.000357234,0.00552751,0.000498025,0.00203948,-0.00125475,
-0.0954049,-0.0867631,0.0103359,-0.169234,0.0161386,-0.00211076,0.000127654,-3.78966e-05,
-0.0867494,0.0215151,-0.0489819,-0.0673063,-0.00256951,0.00356297,-0.00217537,0.00325111,
-0.0370463,-0.178597,-0.0584339,-0.327747,-0.00418415,0.0010107,0.00133365,-0.00227816,
-0.0577661,-0.029971,-0.0577438,-0.264353,-0.00393655,0.000591458,0.00141083,0.000896293,
0.0456717,-0.0754708,-0.0422671,0.0294078,0.0131902,0.00088182,-0.000471574,0.000978676,
0.0225271,-0.0787832,-0.038999,0.0853996,-0.00401412,0.000915778,0.0012253,-0.00276496,
0.0116156,0.0895578,0.0781402,0.20442,-0.00970099,0.00405274,0.00125368,-0.000137618,
-0.0598532,-0.0553947,0.0881169,0.0288597,-0.00574258,0.00175548,-7.08935e-05,0.000644374,
-0.0436718,-0.062385,0.0383594,0.140203,-0.00481416,-0.00299084,-0.000665105,0.000868938,
0.00116265,-0.079843,0.0887374,-0.143987,-0.00129197,-0.00126365,0.000878772,0.00331588,
0.00700235,-0.190695,0.0621027,-0.194964,-0.00692724,-0.00193493,0.00203798,-8.51745e-05,
0.0207021,0.132883,0.0211215,-0.14459,-0.0166339,0.000212503,0.00250452,-2.73995e-05,
0.0334896,-0.0557435,-0.0447703,-0.162786,-0.00407387,0.00218885,-0.00152896,-0.00164205,
-0.00187708,-0.0981141,0.0595001,0.00581909,0.0103697,0.000771203,0.000780686,0.000516111,
-0.0043924,-0.0859137,0.00207307,0.376616,-0.00513289,0.001644,-0.000339283,-0.000929148,
-0.0079398,-0.0175469,-0.00209983,0.127522,-0.0114837,0.00328785,0,-0.000414839,
0.0103684,-0.0442047,-0.0116948,-0.086742,0.00364593,0.000369883,0,0.00141526,
-0.0107764,-0.0151756,0.00345416,-0.0516949,0.0048386,-0.000354385,0.000735673,7.14017e-05,
-0.0103154,0.0581641,-0.00653081,-0.0408822,-0.00306484,0.0016874,-0.00154455,0.00129124,
0.0221933,0.0938425,-0.0255988,-0.0174644,0.00125611,0.000606078,-0.00111672,0.000268523,
-0.0295687,0.0365534,0.00900165,0.0896072,-0.00567907,-0.000991874,-0.000921716,0.00134336,
-0.00612837,0.0146628,0.000864565,-0.0158945,0.00358236,-0.00223531,0.00166367,-5.64634e-05,
-0.0168056,-0.0177754,0.0202873,0.00302828,0.00597,-0.00132012,0.00058004,-0.000509702,
-0.0301088,-0.0490087,0.00510456,0.0509665,-0.000469786,-0.000655724,-0.000411567,-0.000252556,
-0.043507,0.0921192,0.00839119,-0.0314665,0.00156085,-0.000812576,-0.000950709,-0.000517216,
0.00341246,-0.00358593,0.00443489,-0.00976021,-0.00202862,0.000465333,-0.00167169,0.000194326,
-0.000688364,0.0656699,-0.000568319,0.0171652,-0.000169051,5.59216e-05,-0.000587308,0.000317863,
-0.0148547,0.0204795,0.0104476,-0.00377784,0.000432295,-0.00058934,0.00145284,-1.08298e-05,
-0.0025449,-0.0172815,-0.00937979,0.00399411,-2.17025e-05,0.00118757,0.000807738,-0.000217481,
-0.0201684,0.000877268,0.0055544,0.00336674,-0.00104523,-0.00123514,0.00140623,0.000825148,
0.0113323,0.00219992,-0.0118113,0.0045401,-0.00132192,-0.000437533,-0.00124117,3.71951e-05,
-0.0109594,0.00399477,-0.00596644,0.00419564,-0.00210812,0.00020943,-0.000210659,-0.000384294,
-0.0198634,-0.0107794,-0.00792218,-3.33576e-05,0.00173129,-0.000814896,0.00128166,-0.000746793,
-0.0150482,-0.0236221,-0.00466496,-0.0133899,-0.00210491,-0.000492785,-0.000251649,-0.00025112,
-0.0191672,0.00532007,-0.015719,-0.0105382,0.00158031,-0.00049633,0.000194329,-0.000329692,
0.00297659,-0.0328719,-0.00996928,-0.0272097,-0.00051601,-0.000162424,-0.000756041,-0.000691096,
0.0405073,-0.0520244,-0.0140463,-0.0224308,0.00200692,-0.000735307,0.000119467,-0.000654493,
-0.00559801,-0.0213325,-0.00155486,0.0152029,0.00632853,-0.00144985,0.000520346,0.000807275,
-0.00268977,-0.0078834,-0.00661731,-0.0127403,0.00104725,-0.00165165,-0.000737431,-0.000742512,
-0.000244773,0.00468866,-0.00571192,-0.0158619,0.00858205,-0.00205923,0.000278638,-0.00115964,
0.0163172,0.00295253,0.00735244,-0.00962086,-0.0131399,0.000851419,-0.00187629,1.77649e-05,
0.004914,-0.000157866,0.00122895,0.000131136,-0.0110463,-0.00097126,-0.000811231,-0.00139967,
0.0041891,0.000376089,-0.00394354,-0.0012509,0.00231774,0.00015384,-0.00379416,-5.71872e-05,
-0.00423439,0.00973477,0.0172403,0.000133952,-0.00635537,-0.00128123,-0.00333595,0.000270496,
-0.00350571,0.01335,0.00198091,0.0126161,-0.00756004,0.00182803,-0.000838026,0.000295053,
-0.00176153,-0.00888852,-0.007113,-0.00824469,0.00333254,0.00237999,0.00386369,-0.000216325,
-0.002355,-0.0125025,0.0294297,0.0207929,-0.00505277,-0.00204377,-0.00193105,0.000594584,
-0.0004569,-0.00225896,0.00852136,0.000528674,-0.00140039,-0.000746376,0.00179991,3.40065e-05,
-0.00382942,0.016684,0.000825538,0.0323304,-0.00137171,-0.00293454,0.000951087,0.000527985,
-0.00405111,0.00563817,0.00561782,-0.00632125,-0.00409732,0.0008827,0.000314233,-0.00267235,
0.0113164,-0.000633311,-0.00331911,0.00296505,0.0104878,-0.00197515,-0.00765268,-0.000109414,
-0.00184429,0.0020274,0.00483553,0.000409188,0.00869485,0.000517607,-0.00378436,-0.00344813,
0.0166987,-0.00264797,-0.0016012,-0.00863375,-0.00142574,-0.00249923,-0.00301187,-0.00111223,
0.00893583,0.00266766,-0.00273404,-0.00918903,-0.000414948,0.000640894,-0.000350663,0.000946888,
0.000361956,-0.00359939,-0.00171784,0.0150721,0.00505874,-0.00395151,0.000583883,-0.00272633,
-0.0072679,0.00558685,-0.00263536,0.00146594,-0.0172245,-6.93298e-05,-0.000310571,0.000247432,
0.0325536,-0.00546706,-0.000238572,-0.024242,-0.0077832,-0.000225444,-0.004117,-0.0041426,
-0.00549283,-0.00254542,-0.0029639,0.0034762,-0.0017078,-0.00231526,0.000566442,0.000657419,
-0.011842,-0.00451743,-0.00730162,0.00173027,-0.00896463,-0.0030875,0.00167159,-0.00143671,
-0.00435835,-0.0141666,0.000736241,-0.0155331,0.0120561,-0.000111154,0.000633774,-0.00504824,
0.00585921,-0.00891207,-0.00654019,-0.00527234,-0.00941661,-0.000313485,0.00382113,0.00144589,
-0.00662312,0.00900687,0.000742059,-0.00349819,-0.0228281,-0.00623912,-0.00615841,0.000141819,
0.0217628,-0.00505812,-0.00103591,0.00120988,-0.00845765,-0.000469917,-0.000861881,-3.16319e-06,
0.00162229,-0.00375426,-0.000822734,-0.000585123,0.00818215,-0.000255239,0.000619163,0.00109612,
-0.0112074,0.000337262,0.000633573,0.00394464,0.00342246,-0.00327419,0.000703222,-0.000336648,
0.00157637,0.00111663,-0.00125613,0.00130615,0.00155183,-0.00217393,0.00172652,0.00136686,
0.000184833,-0.00134595,0.000505875,0.0134802,-0.00939555,0.000963108,-0.000826616,-0.0022062,
7.93377e-05,0.00104533,0.000397812,0.0138974,-0.0161851,-0.000590799,-0.00192061,-0.0019534,
-0.0143053,-0.000324603,0.00265063,0.000593159,0.00874904,0.00176738,-0.00220457,-0.00164905,
0.00185163,0.00300849,-0.00301691,0.000426956,-0.00848129,-0.000251085,0.000771523,-0.000526284,
-0.00255816,-0.00792525,-0.00492462,0.00171613,0.0075933,-0.00378947,0.000532276,-0.00145001,
0.000726424,0.00418586,0.000660008,0.00429125,-0.00877818,-0.000734582,-0.00226477,-0.00174121,
0.0010866,0.00447103,0.00353751,-0.00129029,-0.0025061,0.000440323,-0.00212961,-7.76833e-05,
-0.000235371,0.00291697,0.00125805,-0.00207295,0.00187523,-0.00176641,-0.00040376,0,
0.00343434,0.00153759,-0.00297464,-0.00374417,0.011021,-0.000650543,-0.00412779,-0.000152267,
0.00168942,0.00249961,-0.00153488,-0.00400337,-0.00782329,-0.00402252,0.00131005,-0.00172645,
0.000669945,-0.000723613,0.00252685,-0.00290661,0.00181414,0.00280487,-0.000653611,-0.00241593,
0.00538026,-0.00116094,-0.00112368,0.00589508,-0.00782953,0.000670716,0.000390904,-0.000889062,
-0.00467689,0.000488071,0.00191288,0.000238536,-0.001506,0.00187806,-0.000829459,5.98963e-06,
0.00427548,0.00137414,0.00017177,-0.00231583,0.00337195,0.000530974,0.00160006,-0.00176108,
-0.000329592,0.00551669,-0.000289636,-0.0013553,0.00040262,-0.00283733,0.00084156,-0.00101114,
0.00190162,-0.00406055,-0.00223848,0.000434797,-0.00756608,-0.00241484,-0.00215398,-0.00112175,
0.00045972,-0.000653703,-0.000689826,0.00050376,0.00030594,-0.00075293,0,-0.000899384,
-0.00382274,0.00281242,0.00174635,5.94511e-07,0.00130822,0.000740366,-0.00103691,-0.000584205,
-0.00074711,-0.00172375,-0.00412862,0.00104236,0.00173418,-0.00129206,-0.0013419,-0.000841892,
-0.00233894,-0.0205863,0.00289934,-0.01128,-0.00313759,-0.000100607,0.00123529,-0.000826487,
-0.000288243,-0.0269041,-0.00103082,0.00555164,-0.000258005,0.000490385,-0.00062099,-0.00018323,
-0.0026268,-0.0629378,0.000468059,-0.0205772,-0.000379021,0.00125241,0.000488186,-0.000391717,
0.000821387,0.00252611,0.00264832,-0.00682782,0.00122175,-7.19156e-07,-0.00144454,-0.000295696,
0.00102816,0.0275447,-0.01243,0.0213198,-0.00128259,0.00195856,0.000127024,2.29355e-05,
0,0.0346302,-0.0119527,0.00783583,0.00165633,0.000892201,0.00211557,0,
-0.000349636,0.0506704,-0.00246857,-0.0452388,-0.000137941,0.000880138,0.000506143,0.000790332,
0.00455742,-0.0352989,0.011138,-0.081757,-0.00198134,-0.000193378,-0.000997808,9.28238e-05,
-0.000946964,-0.0664189,-0.00212656,-0.0774223,0.00357018,-0.00100878,0.000284998,6.67105e-06,
-0.00300975,0.133213,-0.0119676,0.102815,0.00227112,0.0005867,0.000306495,0.00087363,
0.00550914,0.0305999,-0.0466452,-0.00429007,-0.000428167,0.00114451,0.000887756,0.000843384,
-0.000409299,0.0196022,0.0120512,0.152399,0.00559472,0.00063251,-0.000225858,0.00180195,
0.00890328,-0.132153,0.0332727,-0.159875,-0.00718038,6.6797e-05,-0.000459281,-0.000166552,
0.00643589,-0.162092,-0.0433027,-0.0595749,-0.00156053,-0.00235033,1.54215e-05,0.000430122,
0.0114779,-0.242834,-0.0318993,0.0271451,0.014388,0.000552768,-0.00106829,-0.000134544,
-0.0292364,-0.105428,-0.0662381,-0.016478,-0.00226162,-0.000936792,-0.00137545,0.00251006,
-0.125578,-0.0627855,-0.00953461,-0.0986937,-0.00027938,-0.000856724,0.00123544,-0.000339038,
-0.0630892,0.135869,0.0496076,0.0881512,0.00680146,0.00242667,-0.000954004,0.00259371,
-0.0918186,-0.0287988,0.0265668,0.148985,0.00167683,0.000832938,-0.00261848,0.00193243,
-0.0499825,0.178419,-0.0429888,-0.224933,0.00351847,0.00331027,0.00118096,0.00020387,
-0.0604777,-0.058834,-0.0130453,0.127604,0.00375222,-0.0017142,0.00204018,-0.00136644,
0.0628627,-0.0824826,0.040781,0.182368,0.0049694,0.0013391,0.00135498,0.000139145,
0.0621384,-0.27232,0.0115703,0.0244567,0.00885077,0.00517794,0.000330454,0.0001748,
0.0674791,-0.161864,0.00927327,-0.1611,0.00334002,0.00112519,-0.00249838,0.00198825,
0.0709065,-0.128405,-0.0221299,-0.179562,0.0103279,0.00565309,0.000524272,0.00178528,
-0.160111,-0.13366,0.0602715,0.153516,0.0224658,-0.00107066,4.74812e-06,-0.00194319,
-0.304109,-0.0753677,-0.0295362,0.0774396,0.0182247,-0.000323256,0.00274239,0.00425508,
-0.0180645,0.0602512,0.0100488,-0.143333,-6.69295e-05,0.00341477,-0.0016909,0.00416207,
0.196535,0.0648662,-0.0293653,-0.119697,0.00819694,-0.00140778,3.79768e-05,0.00150837,
0.0382915,-0.188694,-0.115823,-0.360452,0.00551675,-2.12097e-05,0.00193246,0.00195561,
0.0489247,-0.0606509,-0.0302634,-0.0778364,-0.0116138,0.00330278,-8.05994e-05,-0.000254515,
-0.280759,0.045187,-0.0130879,-0.301415,0.0279294,0.00098763,0.00032261,0.00570542,
-0.0958627,-0.358781,-0.026693,-0.279843,-0.001865,0.00556168,-0.000411906,0.00208189,
-0.0277864,-0.0519892,0.00707935,0.317673,-0.0182756,0.00219992,0.00507077,0.000310642,
0.05435,0.0959692,0.0560633,0.243963,0.00180497,-0.00377048,0.000205563,0.00214145,
0.0961107,-0.0658299,-0.114535,0.272602,-0.00565891,0.00393842,0.00155774,0.00125274,
-0.0567728,-0.138385,-0.0420711,-0.196896,0.0061318,-0.00421124,-0.00110955,0.00195289,
-0.0283538,0.161693,0.0948575,-0.151208,-0.00783401,-0.00145631,0.000396597,0.00152082,
-0.19963,-0.0878924,-0.00361671,0.408617,0.0281359,0.00130429,0.00109208,0.00283724,
0.323863,0.194493,-0.0559815,-0.460486,-0.0167822,0.00277183,0.00139529,0.000205792,
-0.12529,-0.081838,0.132334,0.141737,-0.00531908,0.00490519,-0.00162948,0.000562321,
0.0339134,0.0344572,0.0349794,-0.234021,0.00174798,0.000847756,-2.19483e-05,0.000612811,
-0.0179598,-0.0882474,-0.00514617,-0.222969,0.00229634,0.00430772,0.000710906,0.0011457,
-0.0294651,-0.0515865,0.0554619,-0.33078,0.00516939,-0.00265616,0.00160467,0.00206302,
-0.102186,0.067444,0.0175957,-0.0637919,0.0153698,-0.000164541,-0.000151866,-0.000424349,
0.059525,-0.0226579,0.0808752,0.0475985,-0.00378738,0.00275314,0.000505659,0.000985922,
-0.00191008,0.0565309,-0.0622145,0.106684,-0.00505537,-0.00364143,-0.000342303,0.000466222,
0.0649964,0.131283,-0.0261516,-0.0385204,0.00144248,0.00197554,-8.03438e-05,-0.000291981,
0.121568,-0.0719758,0.0503539,-0.0473878,0.00106209,0.00357413,0.000622572,0.000220175,
0.14317,-0.0947847,-0.00140085,-0.0430484,0.00794917,9.25509e-05,-0.000940019,0.000609815,
-0.0202444,-0.166831,-0.000258634,-0.0477989,-0.00179602,-0.000434285,0.00368026,0.00109236,
0.0323785,-0.0354823,-0.0246774,0.0994556,-3.01858e-05,-0.000904301,0.000442067,0.000160726,
0.0284862,0.0203779,-0.0653574,0.0359536,0.00185558,0.00255061,-0.000179163,0.00213829,
-0.0239527,0.16865,-0.0124927,0.205112,0.00595449,-0.00302165,0.000806126,0.000312021,
0.0682271,-0.0335875,0.0245982,-0.0629534,-0.00230535,-0.00012657,-0.00200139,0.000691959,
-0.0438343,0.063663,0.00431054,-0.236518,0.00575831,-0.00147296,0.00222035,0.0010293,
0.0469881,0.0168431,-0.00227121,-0.192172,-0.00118392,-0.000599865,-0.00123109,-0.000282076,
-0.00995871,-0.00572803,0.0469626,0.0805717,0.00407566,-0.000681868,0.00245375,0.000190491,
-0.0620334,-0.0610444,0.00622226,0.0452418,0.00659143,0.000447018,0.000206195,0.000190809,
-0.0115901,0.0649862,0.029097,0.00200443,-0.00285777,-0.000556313,0.000501164,0.000264695,
-0.0249893,0.105058,0.0235425,0.0823612,0.00221096,-0.00170787,0.00166961,-7.09165e-05,
0.00803677,0.0296196,0.0371577,0.040046,-0.0020203,-0.000883291,0.00082461,0.00045455,
-0.0133679,-0.141475,0.0247934,0.0677314,0.00632426,-0.000434463,0.00213464,-0.000490162,
0.0450152,0.0389888,-0.018473,0.065432,0.000985322,0.00058298,0.000827408,-0.000172929,
-0.0101311,0.0278754,0.00811704,-0.00274129,-0.00134252,-0.00099806,0.00147926,0.000117084,
-0.00544953,-0.091913,-0.010661,0.0618181,0,0.000424396,0,-0.000285879,
0.00119956,-0.00272529,-0.00220921,-0.0288023,0,-0.00120235,0.000499032,0.000102947,
-0.00482721,0.0166984,-0.0103526,0.0077183,0.000667387,-0.000964051,-0.000591421,-0.000507326,
-0.00958082,-0.0101269,0.0108555,-0.0397174,0,-0.000636556,-0.000323309,-0.00106524,
-0.012442,0.0262186,0.0101896,0.0646087,0.000163781,0.00192851,0.00129818,-0.000730438,
0.0166546,-5.59759e-05,-0.00344252,0.0100053,-0.00133815,-0.000745022,0.000173333,-0.000249029,
-0.0238484,-0.00509886,-0.0064866,0.0131155,0.00102745,0,0.000577481,-0.000403959,
-0.00325286,-0.00421388,0.012675,0.000205464,0.00124074,0.000862496,0.00052002,0.000732207,
0.00634927,-0.0103271,0.00279177,-0.00685878,-0.00113164,4.26713e-05,-0.000183913,-0.000630291,
-0.00144819,-0.0174551,-0.00593023,-0.0279051,-0.00344243,-0.00156842,-0.000503002,-0.000374305,
-0.00114397,-0.00718558,0.00248488,-0.00506578,-0.00112868,0.000142533,0.000597451,7.02986e-05,
-0.0447284,-0.0265945,-0.0145124,-0.017948,0.00607833,-2.82456e-05,0.00130503,0.000264847,
-0.00789498,0.0342863,-0.0111722,-0.00108798,0.00468124,9.59622e-05,0.00107951,-0.000437926,
-0.0161694,0.0200617,-0.0182165,-0.0104356,0.00244177,-0.000200059,0,-0.00159508,
0.0119983,-0.00657838,-0.00838029,-0.0101995,-0.00490971,-0.00244433,-0.00158044,0.000128895,
-0.0144652,-0.00524047,0.00108214,-0.0243103,0.001966,-0.00323565,-0.000307619,0.000518399,
0.022204,0.000422999,-0.0116596,0.000124492,0.00876378,-0.00177045,0.000395707,-2.81171e-06,
0.0267004,0.000706967,0.00581917,-0.00323009,-0.00443925,-0.00214047,-0.000329014,-0.00185503,
0.0152554,-0.00204193,-0.00272667,-0.00111248,-0.00658143,-0.000219021,0.00160899,0.000523508,
-0.000895369,0.00681342,-0.000841882,-0.00807682,0.0156174,0.0003699,0.00195262,-0.000254175,
-0.000781223,0.0133599,-0.0141513,0.0107825,-0.00229546,0.00137331,-0.00115407,-0.00358872,
0.00240384,-0.00942659,-0.0185644,-0.0102502,0.00901741,-0.00289456,-0.00300533,0.000150126,
0.00175739,0.0123449,0.00431046,0.00459653,-0.0160363,-0.00160627,0.00190879,-0.00022686,
-0.000744695,0.0127242,-0.0209312,0.0407632,-0.0189883,-0.00237015,-0.00312095,-0.00167723,
0.00403512,-0.000192436,0.00701312,0.00772632,-0.00262319,0.00153337,-0.0012267,0.00098372,
0.000194872,0.0156904,0.00073741,0.0172831,-0.0227093,-0.00232967,-0.001737,-0.0023332,
0.00494293,0.0345349,0.0202594,0.00668179,-0.00912195,-0.000118825,-0.000501492,-0.0030932,
-0.00337054,0.00629738,-0.00466396,0.00221436,0.00372657,0.00217515,-0.00587008,-0.000466329,
-0.0149618,0.00016615,0.00639575,-4.752e-05,-0.0124607,0.0016892,0.00129243,-0.00177355,
0.00357625,-0.000469494,-0.00403439,0.00357052,-0.0205325,-0.00270828,0.00148376,0.00117927,
0.0161482,-0.00481636,0.00131004,0.00796951,-0.00627495,-0.000648377,-0.00202979,-0.000538128,
-0.00540577,0.00336355,-0.000228653,0.0114396,-0.00445003,-0.00442511,0.00177389,-0.00249459,
0.00672538,-0.00246714,0.000109973,-0.0338616,0.0146839,0.000394614,0.00122182,0.000798206,
0.0130569,0.0017145,-0.00218931,-9.48757e-05,-0.0086957,-0.000142746,-0.0057202,0.00201541,
-0.0241464,-0.000983091,-0.0101017,-0.0193741,0.00666936,-0.00178612,-0.0040316,-0.00439417,
0.00320893,0.00535542,0.00546676,-0.00215076,-0.0146525,0.000821504,-0.000877357,-0.000236905,
-0.0254958,0.00188737,-0.00149234,-0.000992831,-0.000169437,-0.00187232,-0.00153468,-0.0029604,
-0.0169811,-0.0130699,-0.00434441,0.00137542,0.00106261,-0.00141776,-0.00077686,-0.000932123,
0.00236023,-0.0047815,-0.0150958,-0.00130855,-0.000373017,0.000641753,-0.000695904,-0.0019426,
-0.00409731,0.00647046,-0.00187779,-0.000384025,-0.00593675,0.000889721,-0.000793351,-0.00136633,
-0.00897022,-0.00177165,-0.00576038,0.000656618,0.00312636,0.0019908,-0.00178194,-0.00129101,
0.00304888,-4.73604e-05,-7.35428e-05,0.00288047,-0.00597577,-0.000447073,7.85822e-05,-0.00060074,
-0.00595868,0.00318088,-0.00253454,-0.000723045,0.00582188,-0.00419407,-0.000627723,0.00170165,
-0.00970258,0.00219978,-0.0033735,-0.000560124,-0.0102544,-0.0049422,-0.00148853,-0.0017945,
0.0151256,0.00661901,0.00301845,0.00145988,-0.00227996,-0.0038277,-0.000697165,-0.00139747,
-0.0128342,0.00237125,-0.00637335,-0.00324019,-0.0116687,-0.00454278,-6.08831e-05,-0.000474435,
0.0116923,-0.000130306,0.000138672,-0.00374834,-0.00709001,-0.00125169,0.00330157,-0.000408939,
-0.0138006,0.00392239,-0.00579449,0.00177813,-0.00488399,-0.00257298,0.00137759,-0.00237373,
0.0143606,-0.00496488,0.00238831,-0.00266023,-0.00164796,-0.000719795,0.00436583,-0.000934422,
0.00506593,-0.00875991,0.00574131,0.000142153,-0.00960634,-0.00154236,-0.00218756,-0.000505154,
0.00177946,-0.00511429,0.00198935,-0.00234969,0.00767625,0.00195493,0,-0.00167615,
0.000782258,0.00133831,0.00425437,-0.00401569,-0.000888204,-0.00173877,-0.000181997,0.000425649,
-0.00109093,-0.00463516,-0.00390657,0.000751106,0.00582428,0.000920369,0.00229632,-0.000429393,
-0.00134357,-0.000410279,-0.000556004,-0.00460809,-0.00963074,0.000754397,-0.00204345,0.000131513,
-0.00445997,-0.00221249,-0.00181374,0.000522437,0.00738023,0.00124447,5.75825e-05,-0.00122129,
-0.00441638,-0.00302881,0.00168035,-0.00420059,-0.0028227,0.00132037,0.00196454,-0.00153405,
0.000392922,0.00326083,-0.000635747,0.0025931,0.00418899,-0.000263279,0.000945095,-0.000807651,
0.0040625,0.00308027,0.000864025,-0.00465401,-0.00293885,-0.00104931,-0.00141049,0,
0,-0.0200036,0.000539854,-0.0102148,0.0041937,-0.000527002,-0.000704745,0.000562328,
0.00302266,-0.0226665,-0.00103541,0.00519097,0.00295716,0.000629765,-0.000556774,-0.000533467,
-0.000917336,-0.0231545,-0.00410665,0.0162408,-0.00119349,0.00129642,-0.000260902,-0.000346853,
-0.00101632,-0.0232324,-0.00425914,-0.0133696,0.00104919,3.65605e-05,-0.000329852,-0.000364175,
-0.00192377,-0.00821108,0.00196729,-0.0207674,0.00103365,0,0.00155504,-0.000291721,
0.00276548,0.0213759,-0.022169,-0.00732063,-0.000449938,-0.000861653,0.000653853,0,
5.17429e-05,0.0386461,0.0072036,-0.076121,-0.000193192,-0.000744069,-0.00114414,-0.000148768,
-0.00164028,0.0342978,-0.00559398,0.0256796,0.000540345,7.91937e-05,-0.000721101,-0.000323698,
-0.000790027,-0.15679,-0.00886794,-0.0137233,0.00210188,-0.000404782,0.000682778,0.000975617,
0.00545124,0.0113285,-0.0167831,0.132074,-0.00110022,0.000620637,-0.000305722,0.000682386,
0.00104194,-0.0476819,0.00988421,-0.0286595,-0.000167818,-9.82482e-05,-7.23494e-06,-0.000125462,
0.00302162,0.0280434,0.0263884,-0.0978789,0.000560131,0.000107976,0.000732394,-6.53345e-05,
-0.00110745,-0.039167,0.0461249,-0.0451254,-0.00252393,7.71151e-05,-0.00121734,0.000176588,
-0.0550279,-0.070241,0.00478051,-0.19431,-0.000470612,-0.00270694,0.000211634,0.000983187,
0.0238044,0.13409,0.0873432,0.120176,0.00562047,0.00158338,0.000549044,1.62651e-05,
0.0705145,-0.209259,0.0681628,-0.0438525,0.00323481,-0.00025662,-0.000444367,-0.000316973,
-0.040398,0.146068,-0.0617282,0.0688429,0.0036165,-0.00240837,0.0019458,0.000411867,
0.0272834,-0.11196,-0.0751519,0.264655,0.00408635,-0.000459747,0.000564612,0.00147717,
0.0644594,0.0113592,-0.00789531,-0.135577,-0.00360353,0.00129183,-0.00149838,0,
-0.0816347,-0.0995198,0.0613524,-0.262123,0.00995766,-0.000768709,-0.000895306,0.00206334,
-0.029781,-0.136664,-0.0422425,0.286707,0.0144666,0.00159488,0.00192152,0.00163244,
-0.129047,0.0287214,0.0686746,-0.246502,0.0195088,-0.0014428,0.00168783,0.00214956,
-0.274786,0.209064,-0.0898571,0.0403453,-0.00186038,-0.00185478,-0.00128156,-0.000960042,
0.0151554,0.11009,-0.033902,-0.288168,0.00018895,-0.0048876,0.00128085,-0.0023386,
-0.137278,-0.0373123,0.0223674,-0.266357,0.00541996,0.000493385,0.00429428,0.00310804,
-0.100256,0.0128859,0.00894567,-0.378341,0.00460075,-0.00441488,0.0007065,-0.00291589,
0.204748,0.0560342,0.0720662,-0.12244,0.0133571,0.00141611,0.00235237,-0.0014758,
-0.165085,0.0508055,-0.0665728,-0.205765,-0.0220883,-0.0011852,0.0020081,0.00399488,
0.0139105,-0.129963,0.0178621,-0.0289161,0.00294269,0.00203088,0.00224644,-5.73492e-05,
0.106401,0.261543,0.0192684,-0.217183,0.0105939,0,0.00100672,-0.00121452,
0.023399,0.0674207,-0.0280328,0.115406,0.00383314,0.00459133,0.00201144,-0.00153601,
0.0259057,-0.178875,-0.0964817,0.0490295,-0.000489232,0.00706953,-5.52879e-05,0.00358479,
0.320183,0.145553,0.0444334,0.569398,-0.00968817,0.00427568,-0.000204203,0.000192961,
0.0863004,-0.0534615,-0.0736286,0.286479,-0.0057581,0.000406959,0.000826612,0.00139615,
-0.238346,-0.0170108,-0.051592,-0.258821,-0.00191216,-0.000316859,0.000532517,-0.00186937,
-0.119638,-0.086667,0.114141,-0.10405,-0.00446888,0.0044951,-0.000359816,-0.0012156,
0.322042,-0.190097,0.115064,-0.310325,0.0259976,-0.00107828,0.00282997,-0.00124673,
0.0959988,0.0670728,-0.0240794,0.159027,-0.00605091,0.00505683,-0.000778954,0.000410391,
-0.0952447,-0.0532001,-0.107775,-0.378067,-0.00415959,0.0019754,0.0014979,0.000769003,
-0.023807,-0.0999052,0.143188,-0.618864,0.00305713,0.0003285,0,0.00381607,
-0.0185033,0.0518504,0.0607726,-0.263015,0.00157899,-0.00110268,-0.000914288,0.000436703,
0.0259091,-0.0591654,-0.0150656,-0.101858,0.000640186,0.00208352,0.00100233,-0.00151351,
-0.314216,-0.145681,-0.0580086,-0.042773,0.0170127,0.00283452,0.00115796,-0.000143866,
-0.00102603,0.191686,-0.0505584,-0.323995,0.00614145,-0.00159473,0,0.00265819,
0.14351,-0.30481,0.0179306,-0.301826,-0.0123293,0.000174605,-0.000427815,0.00271353,
-0.115958,0.0676531,-0.0565135,0.143169,-0.00556789,0.00038122,-0.000584858,0.00111398,
-0.314908,-0.238019,-0.0369367,-0.310638,0.00152391,-0.000654984,-0.000810768,-0.00163202,
0.383182,-0.134713,-0.0944149,0.0139183,0.00179476,0.000961052,0.00171634,-0.00117741,
-0.086059,-0.135435,0.00414823,0.0257771,0.000408871,-0.00330055,-0.000431743,-0.000850864,
0.0840183,0.239906,0.0295278,0.0269964,-7.8555e-05,0.00304602,0.000814109,2.23861e-05,
0.0489763,0.229924,0.0369037,0.213327,0.00896422,0.00574017,0.00260661,0.00322068,
-0.103685,-0.10877,-0.0109296,-0.180315,0.0221032,-0.00215717,0.00102749,1.60673e-05,
0.195069,0.167559,-0.0208023,-0.417352,0.00249483,0.000295184,0.000875333,-0.000791966,
0.0972148,-0.0215486,0.0597326,0.131042,-0.00389158,0.00194211,-0.000581855,0.000473296,
-0.0451436,0.230222,0.0234412,0.06622,-0.00197263,-0.00207856,0.00294668,0.00176556,
-0.0321644,0.105323,0.036141,0.0739893,-0.00505176,0.0013905,0.000683029,-0.000949097,
-0.0173096,0.0705208,-0.0130566,0.0840672,0.00704945,0.00134661,-0.000485219,0.00149394,
0.047536,0.0961792,-0.0680848,-0.0437057,0.0060155,0.00153311,0.0017606,-0.000215449,
-0.0525275,0.202626,0.0279736,-0.114905,0.0118725,0.00169947,-0.000262621,0.0014526,
0.0264608,0.206464,0.00662004,-0.217317,-0.000141812,0.000549854,0.000223181,0.000579341,
-0.00319973,-0.0997244,0.0150648,0.0904514,0.00403393,0.000421571,1.25574e-05,0.000286357,
-0.0229187,0.124673,0.0617551,-0.129729,-0.00507196,0.000512941,0.00138957,0.000285668,
0.00831105,0.130193,-0.0242129,-0.0908562,0.00753277,-9.8785e-05,0.000127326,-0.000122027,
0.00600296,-0.0971131,-0.0236815,-0.099736,0.00348458,0.00272838,0.00060392,-0.000263661,
-0.00428978,0.0742499,0.0255757,-0.0199824,0.000470491,0.00181723,0.000213172,-0.000806684,
0.00125774,-0.0606137,-0.0263393,0.100912,-0.000878493,0.00028673,0.000552091,-0.000213894,
-0.0126428,0.13217,-0.0158453,-0.0759089,0.000283908,0.000501968,-0.000584031,0.000508459,
-0.0390097,-0.0571105,0.0179382,-0.00487223,0.00313914,0.00312889,0.00220291,0.000508108,
0.0391085,0.0854143,-0.014469,0.0508773,-0.000764994,0.000266428,0.00112033,0,
0.00519171,-0.0409837,0.0262034,0.11687,-0.000864407,0.000332834,0.00164141,4.78529e-05,
0.015723,0.143972,0.00877664,0.0701723,-0.00147452,0.000910939,0.00115294,-0.000632437,
-0.0299327,0.0780322,0.00793999,-0.0281904,0.0028084,0.000335461,-0.00118104,0.00054872,
-0.0258048,0.0262589,0.00505779,-0.0734735,-0.000783147,-0.000320016,-0.00115543,-7.47149e-05,
0.03142,0.108375,-0.00375356,0.075695,-0.00169936,-0.000815183,-0.000119175,-7.87637e-06,
-0.00209148,-0.0162334,0.00533692,-0.00857225,-0.000148914,0.00060935,0.000564085,-0.000395982,
-0.0443366,-0.00408962,-0.00100549,0.00161628,0.00153426,-0.000327955,-0.000829485,4.38455e-05,
-0.000911649,0.00552985,-0.000117804,-0.0039381,-0.00338639,-0.000243436,0.00076756,-0.000135435,
-0.0189105,0.00429957,0.00167698,0.00111535,-0.00163351,-0.0012378,-0.000762188,-0.0015348,
-0.0198621,-0.00359696,-0.00818332,0.00496539,-0.00246484,0,-0.00075465,-1.03602e-05,
0.0228555,0.0111103,-0.00337297,-0.00457605,-0.00722119,-0.000111716,-0.00028031,0.000451595,
-0.028612,-0.0320933,-0.0107345,0.00314085,-0.0019331,-0.000161603,0.000254387,4.4662e-05,
0.00276846,-0.0410844,0.00449264,-0.0313745,-0.00284044,-0.00151499,0,-0.000277361,
0.0380253,-0.038201,-0.00210586,0.0183159,-0.00563507,-0.00117763,-0.00268551,-0.00229251,
0.0202077,-0.0314749,-0.0282928,-0.0600168,0.00427115,-0.00149242,0,-0.00193352,
0.01464,-0.00620899,-0.00856866,-0.0187437,0.00156827,0.00108465,0.000667458,-0.0010484,
-0.00401932,0.0110395,-0.00605835,-0.00273974,-0.000261411,-0.000590611,9.04658e-06,-0.00121168,
-0.011355,0.00541551,-0.00543709,0.00130745,0.00518102,-0.00480879,-0.0013471,-0.00102904,
-0.0254519,-0.00451769,-0.00292812,-0.00108268,-0.0062885,0.00175397,0.000566276,-0.000597699,
-0.000561017,-0.00461951,0.00542455,-0.00397802,-0.0101989,-0.000466248,-0.000812429,0.000603031,
7.32105e-05,0.00392815,-0.00472026,0.0188858,-0.00540823,-0.00268782,-0.00137644,0.000801461,
-0.0161135,5.9146e-05,-0.00614864,0.000575341,-0.00695253,0.000227076,-0.0009715,0.000877824,
-0.000450423,-0.00957135,0.00731831,0.0227132,0.0141352,-0.000779727,-0.00212305,7.70945e-05,
0.000126255,-0.00606746,0.0192832,0.0143181,-0.00958139,0.00166008,0.00256173,-0.00282971,
0.00101168,-0.0053386,-0.0255491,0.0110547,-0.00095762,0.000585812,0.00241731,-0.00436139,
0.00727931,-0.00800691,-0.00444938,0.0143729,0.00683521,0.0012722,0.00379077,-0.000627315,
0.00540486,-0.00266582,0.0051651,0.00866139,0.0013703,-0.00246415,0.0038065,-0.00289813,
-8.74425e-05,0.00781032,0.0100271,0.00485844,-0.00247152,-0.00409843,0.000305994,-0.000358826,
-0.0118392,0.00281563,0.00463141,0.000645663,0.00677966,-0.00091872,-0.00315032,-0.000919492,
