-7.50458e+15,6.01393e-36,6.94983e-36,20.7996,6.09178,0.606774,17.5814,18.687,
0.00386387,0.00206715,0.000903554,-0.0004085,0.00610419,0.00186356,0.000201269,0.000916036,
0.011553,0.00258191,0.00453145,0.00111096,0.00388429,0.00451787,0.00382417,0.00262229,
0.0059036,0.00549166,0.0050139,0.00159757,0.0231183,0.00467327,0.00535532,0.000983168,
0.0425912,0.0098923,0.0111288,0.00392631,0.0237268,0.0137977,0.00573019,0.00682748,
0.01438,0.00287841,0.0123626,0.00265271,0.0238023,0.00568724,0.0113508,0.00640162,
0.0549756,0.00359093,0.0141776,0.00445905,0.00514821,0.0163692,0.0208994,0.00260463,
0.117157,0.0333619,0.0298806,0.00660596,0.076835,-0.000246023,0.00941183,0.0182895,
0.0758289,0.0125089,0.0333338,0.00691717,0.0680788,0.0170762,0.0272394,0.00655316,
0.0951738,0.0160833,0.0186725,0.00740667,0.0336528,0.0403522,0.0230671,0.00754949,
0.0642886,0.018321,0.0194219,0.0195238,0.0991436,0.0310028,0.0636535,0.00397457,
0.0058146,0.0116863,0.0452454,0.00894955,0.0755867,0.0189424,0.0221177,0.0109879,
0.0791409,0.0232093,0.00781979,0.000313467,0.0543229,0.017748,0.024471,0.00984491,
0.0259166,0.0209872,0.0579591,0.00351267,0.0769601,0.0212861,0.00975277,0.00508424,
0.0835475,0.0268173,0.0141792,0.00312451,0.00545482,0.00926425,0.0193942,0.00380996,
0.0219813,0.0214501,0.0283527,0.00396149,0.0876742,0.0139077,0.0190769,0.00292259,
0.0741465,0.0111512,0.0130299,0.00156249,-0.000748377,0.0149569,0.0205206,0.00587765,
0.0337329,0.0306698,0.0207738,0.00228302,0.0713764,0.0194104,0.0169706,0.00108881,
0.0481987,0.0174467,0.0404381,-0.000642012,0.0613306,0.0160911,0.0148203,0.00274053,
0.0306405,0.0100886,0.0244725,0.000681666,0.00633462,0.00212031,0.0108113,0.000366855,
0.0184875,-0.00185379,0.00057304,-7.28017e-05,0.0333026,0.0113818,0.0128213,6.4827e-05,
0.0187772,0.00344154,0.0129593,-5.58596e-05,0.027726,0.00331683,0.0066455,-0.000588078,
0.00774154,0.00411619,0.00747844,-0.000759235,0.00367592,0.00226,0.00783358,-0.000652904,
0.00457976,0.00204661,0.00735629,-0.000329837,0.00890327,0.00184229,0.00640237,-0.00051027,
0.00472242,4.35965e-05,0.0051622,0.000472529,0.00860689,0.000536877,0.00403814,0.000100717,
0.00571837,-0.00181193,0.00110695,-5.89665e-05,0.00267593,-0.000204549,0.00253731,-0.000137817,
-0.000709575,0.00110928,-0.00538683,0.00060944,0.00049042,-0.00258148,0.00277089,0.00174369,
-0.00280593,0.00162352,0.000665975,0.00104957,-0.000268093,0.00120539,-0.0033021,0.000975081,
-0.00058424,0.000323371,0.00256572,0.0029586,-0.00291439,0.000486054,-0.000678221,0.00180092,
-0.000769426,0.000139099,-0.00571646,-0.000767108,7.34886e-05,0.00112955,-0.00390233,0.00140011,
-0.00762075,0.000865345,-0.00596234,0.00305593,-0.00440769,0.001375,-0.00206216,0.00462191,
-0.00144792,0.00283639,-0.00699629,0.000886818,-0.0001738,0.00150954,-0.00409323,0.00126968,
-0.00871537,0.00198116,1.40762e-05,0.00318593,-0.00155671,0.001478,-0.00682037,0.000593553,
-0.00194038,0.00224546,-0.0072485,-3.92542e-05,-0.00495142,0.00199358,-0.00289328,0.00147072,
-0.00330086,0.00259664,-0.00225726,0.000738031,-0.00723111,0.0021684,-0.00465324,0.0013655,
-0.00148697,0.00170156,-0.00156665,0.000143604,-0.000524493,0.00209954,-0.00186281,0.000311249,
-0.000693047,0.000671652,-0.00391353,-1.73116e-05,-0.00193005,0.0022066,-0.00655768,-0.000235664,
0.000164396,-0.000359451,-0.00151044,-0.000481357,-0.0038396,7.60697e-05,-0.00343171,-3.7683e-05,
-0.00500058,-0.00264927,-0.00292999,0.000934871,-0.00265662,-0.000667404,-0.00278436,-0.000235602,
-0.0126293,-0.00298405,-0.00756084,-0.000699981,-0.0132547,-0.00207627,-0.00453375,-0.00171761,
-0.010732,-0.00992406,-0.00411413,-0.00139325,-0.0179983,-0.00238315,-0.00117524,-0.00227544,
-0.0125195,-0.00866452,-0.0100435,-0.00652318,-0.0149789,-0.00432415,-0.00898629,-0.000358206,
-0.0174124,-0.00742087,-0.00251918,-0.00196632,-0.0140556,-0.00372778,-0.00902448,-0.00291101,
-0.0210226,-0.0119639,-0.00931369,-0.00156249,-0.0273981,-0.0147266,-0.00650909,-0.00305679,
-0.00554969,-0.0218814,-0.0180119,-0.00187384,-0.0283606,-0.00363023,-0.0107878,-0.00061524,
-0.0105471,-0.00956464,-0.0093513,0.00548489,-0.0424783,-0.0107907,-0.0232276,0.000626471,
-0.0266112,-0.00802521,-0.0139336,0.00174044,-0.0259923,-0.0156921,-0.00999607,-0.00378232,
-0.0331895,-0.00340912,-0.0108594,-0.00517183,-0.0404395,-0.0333268,-0.0185663,-0.0131084,
-0.0268095,-0.00623818,-0.0133535,-0.00112268,-0.0455565,-0.010749,-0.0239771,0.00111714,
-0.0537357,0.0478568,-0.0242858,-0.00849976,-0.0290669,-0.0240847,-0.00627106,-0.00191477,
-0.0570485,0.0630548,-0.020994,-0.0473483,-0.0246284,-0.0077602,-0.0224666,-0.00130172,
-0.0542117,0.102221,-0.00709932,0.0421115,-0.0318033,-0.0259824,-0.0127246,-0.0012392,
-0.0402524,0.108701,-0.011286,0.0851909,-0.0432196,-0.0105327,-0.034562,-0.00542038,
-0.0684092,0.16383,-0.0333275,0.0887332,-0.0203329,-0.0288591,-0.0347763,0.00113285,
-0.0467419,0.151635,-0.0153359,0.0163699,-0.0103006,-0.0105981,-0.0308253,-0.00105244,
-0.0567502,0.0530692,-0.0195887,0.120622,-0.0464313,-0.0236653,-0.0372796,-0.00587303,
-0.0389245,0.179403,-0.0239061,-0.00201624,-0.100975,-0.00573354,0.000485894,-0.00808237,
-0.0646038,0.0156848,-0.0351023,0.0832302,-0.0434778,-0.0164992,-0.0253752,0.000879499,
-0.0409808,0.27855,-0.00700319,0.126938,-0.0617385,-0.0169229,-0.0346249,-0.00447308,
-0.0539363,0.135116,-0.026406,0.0154117,-0.0201777,-0.0302764,-0.0188825,-0.0100111,
-0.0559832,0.0650731,-0.0190101,0.167852,-0.0371835,-0.0227896,-0.0196428,-0.00178325,
-0.0532421,0.14511,0.00455892,0.132876,-0.0351321,-0.00371803,-0.0210446,-0.00120362,
-0.0534198,0.272159,-0.012711,0.076299,-0.0412482,-0.0147145,0.00326994,-0.00957383,
-0.0683095,0.305509,-0.0129049,0.2047,-0.068483,0.0012963,-0.0121295,-0.000498089,
-0.0544535,0.236214,-0.00745298,0.140179,-0.0359269,-0.00546375,-0.0302107,-0.00117622,
-0.0614664,0.0848508,-0.0202676,0.105363,-0.0446267,-0.0101005,-0.00606414,-0.00657274,
-0.0412454,0.182336,-0.0203412,0.226767,-0.0406323,-0.0185958,-0.0129608,0.00650339,
-0.0429586,0.153561,-0.0156673,0.0938326,-0.026467,-0.0203434,-0.0259929,0.000604991,
-0.0500408,0.327368,-0.0176212,0.0419473,-0.0540264,-0.0162763,-0.0213794,0.00112009,
-0.0586941,0.104198,-0.0646696,0.0369534,-0.0690252,-0.0107142,-0.0189088,-0.00713468,
-0.0218049,0.0853065,-0.0108932,0.092259,-0.0437109,-0.0219986,-0.0160408,-0.00425034,
-0.0396412,0.247296,-0.02224,0.0320522,-0.0417673,-0.0197703,-0.0108867,-0.00315634,
-0.0507013,0.0933717,-0.00164813,0.122356,-0.0164155,-0.0328564,-0.0206284,-0.00167239,
-0.0540986,0.105354,-0.0170405,0.0665122,-0.044863,-0.0121263,-0.0244392,-0.0111796,
-0.0417307,0.0405284,-0.0413072,0.0247413,-0.0236175,-0.00776986,-0.0193579,-0.0135015,
-0.0450162,0.0383165,-0.064581,0.0178324,-0.0348731,-0.0152312,-0.0155529,-0.00150883,
-0.0785676,0.022065,-0.0568809,0.000112033,-0.0453933,-0.0148028,-0.0209872,-0.000131755,
-0.0324922,0.00206913,-0.0406398,-0.00850167,-0.0320706,-0.0191577,-0.0100853,-0.00289728,
-0.0381533,-0.025721,-0.013084,-0.039466,-0.02647,-0.0183529,-0.0174111,0.00164919,
-0.0310919,-0.0869522,-0.0323816,-0.00122688,-0.0224785,-0.00852518,-0.00720617,-0.00518024,
-0.0294545,-0.0338107,-0.011644,-0.0226019,-0.0360331,-0.0113112,-0.0167948,-0.00160379,
-0.0286444,-0.0571001,-0.0132617,-0.0321005,-0.0386775,-0.0101151,-0.017593,-0.0123377,
-0.0288199,-0.0666834,-0.00756834,-0.000745471,-0.0301486,-0.0142118,-0.0147664,-0.00585539,
-0.0188089,-0.0182917,-0.000694995,-0.0212977,-0.0209202,-0.00543513,-0.0107776,-0.00453252,
-0.0340075,-0.0421927,-0.00305306,-0.0130377,-0.020957,-0.00563126,-0.0194616,0.00137621,
-0.0331757,-0.096095,0.000332866,-0.0064607,-0.0365889,-0.00445025,-0.0016665,-0.0063374,
-0.0172735,-0.0444132,0.00241461,0.00167702,-0.0188053,-0.0151631,-0.0141608,-0.00326422,
-0.00972579,-0.0494775,-0.000468338,0.00273744,-0.0179237,-0.0020647,3.00054e-05,0.00201634,
-0.0258855,-0.0193941,0.00338066,0.00726781,-0.0128425,-0.00861398,-0.00583606,6.98278e-05,
-0.0131281,-0.0129358,0.0136953,0.00736519,-0.0132531,-0.00297289,-0.010989,-0.00172688,
-0.00927095,-0.0011788,0.00956223,0.00457123,-0.00446736,-0.00318867,-0.013059,-0.000391697,
-0.00339533,-0.00108863,0.00806218,0.00238539,-0.00138254,0.000773841,-0.000351117,-0.00054048,
-0.00141717,0.0115507,0.00228698,-0.0156076,-0.00190739,-0.00133883,0.00149388,-0.000625351,
-0.00163736,0.0301662,0.00132335,-0.00399886,0.0025997,0.00164491,0.000289677,0.000232626,
0.00456672,0.0249496,0.00237199,0.00562321,0.00364859,0.00211924,0.000665336,7.02387e-06,
0.0043772,0.0246709,0.00144155,-0.0114489,0.00422126,0.00117123,0.00127057,-6.90154e-05,
0.00852839,0.0212327,-0.000594958,-0.011198,0.00985294,0.0022647,0.00476971,0.00026073,
0.0182561,0.0421402,-0.00080461,-0.0144216,0.0111733,0.00372594,0.00702272,-0.000391163,
0.00793678,0.0295907,-0.00157466,-0.00173136,0.0117489,0.00350355,0.00659925,0.000749057,
0.0141422,0.0128519,0.0030021,-0.0057522,0.0179272,0.00393005,0.00713189,0.000381324,
0.0102882,0.00459591,0.000970673,-0.00526201,0.0259524,0.00236191,0.00671949,0.00244641,
0.0192095,0.0117214,0.00110936,-0.00119516,0.0118503,0.00661019,0.014229,0.00272802,
0.0156136,0.00961725,0.00149596,-0.000513392,0.0202835,0.00306624,0.0103273,0.00138092,
0.0386155,0.001143,0.00282484,0.00106969,0.0134338,0.00117136,0.0068596,4.75023e-05,
0.0194095,-0.00351521,0.00490424,0.00935962,0.0167935,0.0119063,0.00689202,0.00402127,
0.0234155,-0.00407402,0.00925422,0.00919621,0.0339435,0.00619096,0.0152082,0.00133791,
0.0145914,-0.00618058,0.0103031,0.0076078,0.0230729,0.00552651,0.0200281,-0.00173781,
0.045531,3.26904e-05,0.0107297,0.00696945,0.0163841,0.00950791,0.0211431,0.000447613,
0.011982,-0.00571116,0.0178023,0.0192655,0.00219949,0.0161578,0.0187132,0.000327539,
0.0160328,-0.0117873,0.0115276,0.00920994,0.00711114,0.00832786,0.026703,0.00360487,
0.0129284,0.00135697,0.030347,0.0144879,0.0440557,0.0180824,-0.000885756,0.0018459,
0.0266346,0.00509774,0.0121685,0.00203886,0.0242718,0.018508,0.0139713,0.00397626,
0.0266593,0.00466838,0.0296307,0.00642301,0.0449079,0.00530336,0.00802615,0.00426084,
0.0197419,0.00570194,0.0258987,0.00500699,0.0226246,0.00771678,0.0179646,0.00304217,
0.0169791,0.0225209,0.029193,-0.00294646,0.052931,0.00682932,0.0106742,0.00431173,
-0.000234812,0.0183864,0.0123414,0.0010786,0.0910397,0.0145547,0.0121983,0.00294068,
0.0482772,0.0173796,0.0310629,-0.00344195,0.0351168,0.0264233,0.00391604,0.00627208,
0.0614668,0.0118795,0.0123489,-0.00376438,0.060421,0.0310365,0.0210795,0.0032079,
0.0800293,0.0109876,0.0156312,-0.00307666,0.0368204,0.0216826,0.0145541,0.00422229,
0.0448774,0.0164808,0.011754,-0.00392155,0.058849,0.0195877,0.0162454,0.00832367,
0.0825979,0.00749648,0.0211564,-0.000273773,0.0691951,0.00837238,0.025476,0.0108674,
-0.00487719,0.00773858,0.010374,0.00274133,0.0329209,0.0148942,0.021106,0.00469832,
0.0556368,0.00795165,0.00950451,0.000614414,0.0323538,0.0121223,0.0241722,0.00795832,
0.0671206,0.0113321,0.0171007,0.0141979,0.0569537,0.0112291,0.0136301,0.00577532,
0.0343295,0.0138156,0.0138454,0.0149169,0.0295601,0.00869885,0.0345477,0.00244567,
0.062562,0.015536,0.011964,0.00710359,0.0983464,0.0142882,0.00875038,0.00824091,
0.069169,0.00892336,0.0123141,0.00960152,0.0677084,0.0140577,0.0255697,0.00622731,
0.0580279,0.0115734,0.0140181,0.00990581,0.0939025,0.0153929,0.0104191,0.00504006,
0.133545,0.00800005,0.0212514,0.00860604,0.0355352,0.0236325,0.026083,0.00602141,
0.0746948,0.0123147,0.0171937,0.00818164,0.0735232,0.0114453,0.0131714,0.00437212,
0.0404539,0.00404045,0.0201457,0.00669759,0.0236679,0.015191,0.0114201,0.00961265,
0.0246162,0.00956029,0.0113471,0.00975276,0.0304549,0.00794962,0.0226251,0.00372936,
0.0223282,0.00723897,0.0231204,0.0126878,0.0283016,0.0247688,-0.00718719,0.00336047,
0.00889814,0.00492526,0.0102749,0.0107466,0.0387372,0.00889604,0.0103997,0.00763754,
0.0551663,0.0055993,0.018479,0.00950445,0.0993657,0.0167571,0.0191534,0.00385546,
0.0641172,0.00487929,0.0257706,0.00270082,0.0710488,0.0102521,0.0341421,0.000360333,
0.0226391,0.0101185,0.0266279,0.00321281,0.00869666,0.0164431,0.0342278,0.00381964,
0.0222341,0.0144442,0.0354224,0.00250903,0.0339014,0.00713267,0.0247091,-0.000531992,
0.0351285,0.0122233,0.0325421,-0.00225106,0.0711344,0.0130803,0.0255099,0.0037395,
0.0983417,0.00802641,0.0272895,0.00272839,0.0111853,0.00994056,0.0107237,0.00395899,
0.0579071,0.0112481,0.0114802,-0.00111479,-0.00145935,0.00824946,0.00620943,-0.00297084,
0.0370607,0.014073,0.0249193,0.00201573,0.0376693,0.0266623,0.0037261,0.00309191,
0.0114528,0.00259833,0.0245916,-0.000230412,0.0340016,0.0119526,0.016802,0.00144403,
0.0258779,0.00778006,0.0124228,9.33853e-05,0.0300326,0.0141163,0.018241,0.00134269,
0.0119425,0.0101782,0.039747,3.86336e-06,0.0153433,0.00378261,0.0340696,0.00337533,
0.0604237,0.0154007,0.0113062,0.00117034,0.0420469,0.00562304,0.0154502,0.00309954,
0.0404249,0.00186059,0.00282529,0.00434411,0.0145132,0.00959913,0.008035,0.0016212,
0.025861,0.00818762,0.0151686,0.00161107,0.0170028,0.00380967,0.00946185,0.000727896,
0.0314434,0.00636912,0.0094207,0.00227086,0.042808,0.00565822,0.0186721,0.0014222,
0.0247557,0.00240379,0.00657334,0.00348895,0.0247326,0.00365747,0.0111523,0.00628497,
0.0163511,0.00697148,0.00803838,0.00183059,0.00898229,0.0072935,0.0086042,0.00179181,
0.019424,0.00816683,0.00573254,0.00212633,0.0134596,0.00283249,0.00695709,0.00169066,
0.0151281,0.00810022,0.00685336,0.00246058,0.0130591,0.00612239,0.00697659,0.000365118,
0.00447385,0.00233524,0.00429822,0.000990533,0.00641572,0.00515638,0.00623461,0.00128319,
0.00562467,0.00242726,0.00286087,0.00103456,0.00981971,0.00222497,0.0026314,0.000801106,
0.00582211,-0.000760585,0.00349148,-6.75764e-05,0.00899728,0.00231329,0.00381232,0.000616701,
0.00528822,-0.000942442,-0.000788208,-9.43417e-05,0.00327154,0.00158756,0.000672142,0.000402211,
0.00207167,-0.00467959,-0.00254267,-0.000313575,0.00252946,0.000428398,0.000190639,0.000209961,
0.00167431,-0.00264472,-0.00038054,-4.38216e-05,0.000331816,0.00107775,0.000383419,-8.47963e-05,
-0.00228446,-0.00189691,-0.00422462,-0.000442962,0.000560436,-0.000620948,-0.00371042,-0.000609426,
-0.00917663,-0.00429872,-0.00396363,-0.000499901,-0.0031936,-0.000654967,-0.00487868,-0.00143614,
-0.012008,-0.00599297,-0.00748799,-0.000530072,-0.00692272,-0.00356632,-0.00827801,-0.000654935,
-0.0128091,-0.00377402,-0.00289508,0.000193989,-0.0148575,-0.00262185,-0.00886263,-0.00165559,
-0.0171708,-0.00321568,-0.00513902,-0.00022338,-0.0101985,-0.006033,-0.0118603,-0.00159093,
-0.0129473,-0.0103324,-0.00372581,-0.0011019,-0.0160993,-0.0128909,-0.00185103,9.4167e-05,
-0.015347,-0.0138206,-0.00920906,-0.000621748,-0.0206892,-0.0118845,-0.00776163,-0.000111375,
-0.015567,-0.00520645,3.20163e-05,-0.00608105,-0.00854247,-0.0126766,-0.00556072,-0.00424441,
-0.0211892,-0.00354765,-0.0147157,-0.00741837,-0.0369749,-0.00598213,-0.00736199,-8.76118e-06,
-0.0183515,-0.00260021,-0.0162254,-0.00314659,-0.0260265,-0.00769364,-0.00834489,-0.00774104,
-0.0288099,0.0727758,-0.0139901,-0.00390968,-0.0276164,-0.00959093,-0.0117945,-0.00391495,
-0.0180995,0.187852,-0.0107077,0.0753207,-0.0258677,-0.0209378,-0.033429,0.000640129,
-0.0380368,0.101563,-0.000345104,0.0901242,-0.0283554,-0.00962505,-0.016608,-0.00504706,
-0.0292315,0.187978,9.03099e-05,0.12682,-0.0166162,-0.0213227,-0.0157015,0.000412258,
-0.0414901,0.142309,0.00115605,0.0779307,-0.01964,-0.00963491,-0.0184687,-0.00019535,
-0.0310013,0.197689,-0.0155867,0.0889725,-0.0303345,-0.00713203,-0.0243024,-0.0079202,
-0.0205729,0.254078,-0.00976138,0.0976694,-0.0182534,-0.0169061,-0.0129648,0.000784701,
-0.0461883,0.136951,0.0516911,0.101807,-0.0379401,-0.00641158,-0.0223019,-0.000969294,
-0.0166205,0.392884,0.0583138,0.151164,-0.039361,-0.00644253,-0.0211961,-0.00560476,
-0.0575588,0.246336,0.0808278,0.147625,-0.00805756,-0.0148439,-0.00118109,-0.00538253,
-0.0502484,0.569599,0.0953763,0.322853,-0.053167,-0.0169236,-0.0178226,-0.0133584,
-0.0299488,0.0607739,0.0805706,0.203957,-0.0451222,-0.0164282,-0.00100833,0.00392887,
-0.0648637,0.442169,0.0511602,0.144996,-0.0265397,-0.0165595,-0.0394812,-0.0024861,
-0.0479328,0.503363,0.032902,0.235244,-0.0423266,-0.0127852,-0.0201236,-0.00374937,
-0.0483959,0.450453,0.0907999,0.325257,-0.0269411,-0.0243412,-0.0174313,-0.00338584,
-0.0374045,0.331497,0.0633157,0.382902,-0.0425948,-0.021105,-0.0272394,0.0011883,
-0.0659358,0.458833,0.0937582,0.453124,-0.0573536,-0.0232914,-0.0235553,-0.00786384,
-0.0420832,0.453726,0.0862101,0.0820315,-0.0515493,-0.00744352,-0.00542119,-0.00533921,
-0.092025,0.451945,0.115595,0.249278,-0.0543916,-0.0122487,-0.0274002,-0.00378764,
-0.0656532,0.430657,0.114701,0.167883,-0.0511232,-0.0205169,-0.0264302,-0.00159081,
-0.0417731,0.464869,0.125265,0.141129,-0.0299597,-0.0253299,-0.0119306,-0.00736047,
-0.0595781,0.173179,0.0865778,0.312714,-0.0847488,-0.0116117,-0.0043685,-0.00500317,
-0.0448479,0.232084,0.0936646,0.487801,-0.0513541,-0.0178857,-0.00922864,-0.00363113,
-0.0272112,0.299808,0.137656,0.381221,-0.0372952,-0.0131473,-0.0229511,-8.45652e-05,
-0.077165,0.16465,0.139209,0.21906,-0.0465032,-0.01553,-0.0209718,-0.00971441,
-0.0670335,0.269387,0.0897639,0.211819,-0.0337787,-0.00634911,-0.016282,-0.0116251,
-0.0417929,0.419808,0.0531242,0.0763523,-0.0667442,-0.00794136,-0.0232274,-0.00862694,
-0.0365962,0.208608,0.0254687,0.153786,-0.0399736,-0.0106122,-0.0115254,-0.00153895,
-0.0397793,0.214784,0.0794516,0.178652,-0.0456883,-0.0163959,-0.0211957,-0.00190628,
-0.0457161,0.193279,0.0321869,0.228005,-0.0504343,-0.0324273,-0.019112,-0.00150926,
-0.0188426,0.271032,0.00758496,0.28547,-0.0593548,-0.00843769,-0.0230497,-0.0032801,
-0.0239755,0.170789,-0.000842813,0.131629,-0.0271257,-0.00447204,-0.047334,-0.00240572,
-0.0174146,0.154659,-0.00653188,0.144685,-0.0473414,-0.0256702,-0.0219164,-0.00549362,
-0.0251314,0.180551,-0.0382065,0.138784,-0.0468088,-0.00264198,-0.0185557,-0.00641862,
-0.0351893,0.0391589,-0.0477857,0.0440155,-0.0418072,-0.00479279,-0.0190558,-0.00425119,
-0.0483701,0.151878,-0.013851,0.045561,-0.0567448,-0.00739575,-0.0112289,-0.0070456,
-0.0413031,0.0668582,-0.0779723,0.0366142,-0.0229002,-0.0188808,-0.0203671,-0.000581197,
-0.0262429,0.0366719,-0.0709568,0.0107851,-0.0246432,-0.0204849,-0.0112429,-0.0016138,
-0.0317839,0.0105672,-0.0544434,-0.00994832,-0.0209798,-0.0106869,-0.00421829,-0.00212362,
-0.0152563,-0.034869,-0.0303102,-0.0244962,-0.0133311,-0.00651403,-0.0149359,-0.000366323,
-0.026615,-0.0344272,-0.0960926,-0.00834534,-0.00985748,-0.0108875,-0.0227451,-0.0026631,
-0.0106257,-0.0500596,-0.0744304,-0.0152426,-0.0385221,-0.0066446,-0.00754333,3.21212e-05,
-0.0158785,-0.0443523,-0.0353789,0.0219895,-0.0199269,-0.0055018,-0.0187103,9.57533e-05,
-0.0141075,-0.0243587,-0.0277707,0.00610552,-0.00864396,-0.00118773,-0.00220691,6.12544e-05,
-0.014554,-0.0485164,-0.0260925,0.0114065,-0.0167687,-0.00632809,-0.00149638,-0.00385189,
-0.00571116,-0.0934987,0.00231784,-0.0367705,-0.0209576,-0.00752079,-0.006672,-0.00185832,
-0.00226166,-0.0923829,-0.000280544,0.0178583,-0.0111223,-0.00229629,-0.00814443,-0.00282368,
-0.00348527,-0.0560934,0.00194415,0.0357604,-0.00104567,-0.00257873,-0.00308324,0.000200969,
0.00327309,-0.0149266,0.0141719,0.00643842,-0.00110814,-0.0010179,-0.00214571,-0.000732857,
-8.26211e-05,-0.0245049,0.0306572,0.0279939,0.00058221,-7.67515e-05,0.00380094,-0.000108141,
0.00201769,-0.00146592,0.0195773,0.0170271,0.00291103,0.00187767,-0.00131521,0.000265537,
0.00547626,0.0120656,0.0638871,0.00908774,0.00373623,0.00198361,0.000388384,6.71601e-05,
0.00623664,0.0321045,0.0487947,-0.00270057,0.00956844,0.00337812,0.00337061,0.000438408,
0.00539672,0.0180818,0.0452323,-0.0138394,0.0141049,0.00245539,0.00472407,0.00071854,
0.00475283,0.0187647,0.0351278,-0.00732467,0.00700899,0.00605901,0.004542,0.000598034,
0.0133465,0.0646578,0.0142053,-0.0255696,0.0142639,0.00248792,0.0054272,0.0024875,
0.0209179,0.0207359,0.0182811,-0.0199589,0.0322848,0.00956282,0.00516254,0.00196937,
0.0130263,0.075165,0.0250953,-0.0173413,0.0196981,0.0109951,0.0148199,0.00169828,
0.0049437,0.0203494,0.00238731,-0.0136837,0.0390309,0.00702512,0.00602305,0.000276772,
0.0202513,0.0111547,0.00591317,-0.0298837,0.0449927,0.0132355,0.0197162,0.000921403,
0.0130728,-0.000501478,0.00442985,-0.0150252,0.0240856,0.0112621,0.0172919,0.000892967,
0.0283445,0.0034442,0.00463767,-0.00505167,0.0112807,0.0113354,0.00610535,0.00386318,
0.0189458,-0.0146164,0.00231499,-0.0025786,0.0292848,0.0112653,0.0266847,0.00148085,
0.0396676,-0.00263828,-0.000331266,0.00595333,0.0146965,0.0139898,0.0222786,0.00225699,
0.0165926,0.00086313,-0.00239728,0.0117487,0.0363001,0.00950161,0.0216993,0.00387703,
0.0445903,-0.00495838,-0.00754415,0.0211858,0.00708956,0.0135158,0.0197149,0.00482123,
0.080368,-0.00603502,0.000192968,0.0258019,0.0632127,0.00501532,0.0331681,0.00550362,
0.052657,-0.003186,-0.00252696,0.015651,0.0410463,0.00121887,0.0221268,0.00190764,
0.04324,-0.0123965,0.000180885,0.023873,0.00997106,0.0142969,0.0330635,0.00247701,
0.0245247,0.0152008,0.00113848,0.0373268,0.0392984,0.00391456,0.0225057,0.002399,
0.0886307,0.00687468,0.00539357,0.0213431,0.0292308,0.00668908,0.0357767,0.00405742,
0.031559,0.0125623,0.00587431,0.00922594,0.0473056,0.0135966,0.0235687,0.0018291,
0.037926,0.00831114,0.00928936,0.0151062,0.042661,0.00913878,0.00110301,0.0026512,
0.0128583,0.0157206,0.0139248,0.0105353,0.0213661,0.0199325,0.0196571,0.0054937,
0.0546369,0.0142197,0.0287541,0.0016942,0.00796359,0.00919442,0.0129058,0.005204,
0.0655995,0.0282562,0.018368,-0.000768177,0.0198161,0.0202328,0.0142553,0.00509397,
0.0468327,0.0161619,0.033351,-0.0124701,0.0835509,0.0139335,0.0175605,0.00528067,
0.0739518,0.0531621,0.0574557,-0.0155154,0.0829951,0.0138413,0.0124738,0.0120072,
0.0770407,0.0228889,0.0277818,-0.00825704,0.0138064,0.00818706,0.0391736,0.00880686,
0.000812411,0.0214671,0.00810424,-0.0187121,0.0123484,0.0180508,0.0242101,0.00411627,
0.0200711,0.0271723,0.013128,-0.010176,0.0925858,0.0171187,0.0114082,0.00145891,
0.0505294,0.0266643,0.0571825,-0.00573055,0.0190125,0.0167628,0.0234858,0.0112654,
0.0821797,-0.00596935,0.0328318,-0.000671263,-0.0393904,0.0152581,0.0277222,0.01067,
0.0750843,0.0224797,0.0268093,-0.000145411,0.0480792,0.0109375,0.0250259,0.0013831,
-0.00897563,0.0186441,0.0168387,0.00723813,0.0358762,0.00566042,0.0136428,0.00612377,
-0.000951283,0.0135438,0.0189678,0.00901896,0.0130344,0.0142286,0.00319875,0.00336859,
0.0174865,0.0143537,0.0363243,0.011768,0.0273469,0.0101446,0.0332286,0.00320053,
0.032084,0.0174324,0.00733075,0.0124749,0.0505323,0.00293782,0.0131792,-7.09132e-05,
0.0401235,-0.00397766,0.0064591,0.0100075,0.066262,0.00754465,-0.00190745,0.00564321,
0.056357,0.0160422,0.0138562,0.0182951,0.0478482,0.00927486,0.0128236,0.0011182,
0.00117961,0.00874241,0.03335,0.0201062,0.0394429,0.020496,0.0396973,0.00175407,
0.0268457,0.00459115,0.00791169,0.00897072,0.0488049,0.0266198,0.00931814,0.00291149,
0.0174248,0.00612512,0.00747344,0.0185024,0.00823672,0.00888133,0.011719,0.00537612,
0.0607306,0.00843786,0.0128033,0.00315662,0.00761969,0.0195966,0.0282384,0.00429896,
0.00570843,0.0152742,0.01409,0.00216214,0.0281567,-7.10147e-05,0.0178526,0.0023342,
0.0385757,0.0119179,0.00650031,0.00579655,0.0137647,0.00838913,0.0115737,0.0041114,
0.0184027,0.0079031,0.0102445,-0.00225073,-0.00272564,0.015293,0.00951719,0.00807854,
0.0474807,0.0175791,0.00775115,-0.00265482,0.0419713,0.00962373,0.0120039,-0.000213759,
0.023117,0.0103947,0.00265623,-0.00728514,0.0565739,0.00865057,0.00919352,0.00460824,
0.0114745,0.00958745,0.0110207,-0.00563175,0.0515132,0.00731866,0.0103832,0.00257753,
0.0233824,0.0183345,0.0198995,-0.00352644,0.0336342,0.00969191,0.00109046,0.00393257,
0.0106976,0.00601227,0.0135428,-0.00186102,0.0399958,0.00797044,0.0112544,0.000182013,
0.0173367,0.0118524,0.0180573,0.00244814,0.0438671,0.00718468,0.012675,0.00185867,
0.0138953,0.012134,0.0146793,0.00229886,0.0170392,0.00825946,0.0119945,9.60996e-05,
0.0170254,0.00424021,0.00626623,0.000765302,0.0111313,0.00590427,0.00973435,0.00019037,
0.0187107,0.0197224,0.00424789,0.00406296,0.0221134,0.0166396,0.00805601,0.00365211,
0.0223703,0.0208006,0.0195274,0.00319774,0.0173591,-0.00138704,0.00282499,0.00178776,
0.0216862,0.00733174,0.0104365,0.00311481,0.0166557,0.00379909,0.00887376,-0.000516118,
0.0189953,0.0189261,0.00424455,0.00239955,0.011184,0.000845236,0.00870938,0.00197618,
0.00558059,0.0126644,0.00284437,0.00387857,0.0193788,0.00387846,0.00685718,0.000500101,
0.0097224,0.00262573,0.00393056,0.00292354,0.0108191,0.00216469,0.00625137,0.000245218,
0.00589448,0.00498988,0.00749204,0.000798508,0.00244701,0.00289846,0.00241232,8.98607e-05,
0.00384984,0.00354183,0.00283294,0.000479186,0.00466894,0.0012308,0.0022231,0.00069234,
0.00195707,0.000406267,0.00199464,0.00157276,0.00241263,0.000463379,-0.000857804,7.42131e-05,
-0.00167371,0.000828227,0.000297625,0.000542233,-8.28612e-05,-0.000958438,-0.00181917,0.000237427,
-0.000379661,-0.00398453,-0.00138341,-0.000531135,-0.00199076,-0.000869871,-0.000525244,-0.000226567,
-0.00155637,-0.00168826,-0.00460712,-0.000115247,-0.00138881,-0.00080778,-0.00145896,-0.000501039,
-0.00902091,-0.00323614,-0.00741553,-0.00095863,-0.00897611,-0.000885984,-0.00192525,-0.000390412,
-0.00823026,-0.0107654,-0.0101447,-0.00078392,-0.00913903,-0.00447219,-0.00442251,0.000476611,
-0.00914753,-0.00504733,-0.00555336,-0.00241434,-0.00981185,-0.00841138,-0.00562761,-0.000476884,
-0.0236142,-0.0185879,-0.00772133,-0.000428643,-0.00965596,-0.0100706,-0.00298208,-0.0021291,
-0.0173798,0.0771635,-0.0149797,6.97077e-05,-0.0134966,-0.00564776,-0.00162217,-9.35198e-05,
-0.0185009,0.204602,-0.0164381,0.11571,-0.0216854,-0.00347108,-0.00558152,-0.00668487,
-0.0302359,0.155053,-0.0022017,0.0971722,-0.0245027,-0.00321214,-0.0166641,-0.00156417,
-0.0373451,0.094901,-0.0100842,0.134096,-0.0158845,-0.00770224,-0.0173224,-0.00226744,
-0.0223741,0.0854573,-0.0103477,0.122452,-0.0235587,-0.0113544,-0.0025172,-0.00335126,
-0.0351162,0.129218,0.0293919,-0.0120804,-0.0372016,-0.0105915,-0.0227679,0.002967,
-0.0160908,0.171555,0.140683,0.0848807,-0.0230322,-0.00715808,-0.0290111,-0.00890127,
-0.0490107,0.207693,0.149955,0.0877622,-0.0279283,-0.00606429,-0.025523,-0.00109059,
-0.0343978,0.263883,0.130772,0.0637556,-0.0266454,-0.0170959,-0.0183321,-0.00495388,
-0.0259174,0.591259,0.0724479,0.158792,-0.0309092,0.000115806,-0.022718,-0.00523313,
-0.03678,0.203814,0.152149,0.461723,-0.0216723,-0.0117892,-0.00673431,-0.00214342,
-0.0259871,0.378757,0.147048,0.472659,-0.052837,-0.00881589,-0.0113287,-0.00347276,
-0.0428221,0.459137,0.14383,0.361546,-0.0402622,-0.0179964,-0.0143293,-0.0122898,
-0.0295205,0.492265,0.0695155,0.361937,-0.0297074,-0.0154147,-0.0157232,-0.00553091,
-0.0351577,0.454298,0.327513,0.16261,-0.0534365,-0.0199267,-0.0125009,-0.00855772,
-0.0358353,0.48752,0.209937,0.317855,-0.0316848,-0.0154277,-0.0276457,0.00156239,
-0.0514922,0.382301,0.15946,-0.0136844,-0.0411509,-0.0199258,-0.0310488,-0.0127384,
-0.0511955,0.486471,0.202712,0.226097,-0.0542196,-0.00847107,-0.0175814,-0.000789036,
-0.0211292,0.310399,0.305151,0.317573,-0.0821737,-0.00897902,-0.0434491,0.00248396,
-0.0422891,0.384245,0.162475,0.329069,-0.047267,-0.0098779,-0.0261462,0.00254419,
-0.0250863,0.88143,0.198096,-0.121202,-0.0315149,-0.0163545,-0.00700816,-0.00411485,
-0.0635799,0.571258,0.323486,0.547446,-0.0604402,-0.011052,-0.0216513,-0.00744385,
-0.0392858,0.496208,0.34931,0.177453,-0.029245,-0.00865048,-0.01375,-0.0181632,
-0.05174,0.444043,0.141848,0.495142,-0.0670773,-0.0218716,-0.017595,-0.00505311,
-0.0480127,0.381576,0.0907075,0.216295,-0.0390143,-0.0133919,-0.00186282,-0.00528225,
-0.0421044,0.622,0.398101,0.467389,-0.0483025,-0.0259899,-0.00317448,-0.00631125,
-0.0624266,0.348511,0.0634828,0.208033,-0.0366342,-0.0108106,-0.0183146,0.00317966,
-0.0252899,0.477363,0.229037,0.150139,-0.0403862,-0.00942852,-0.0212691,-0.013892,
-0.0296026,0.59106,0.335901,0.320226,-0.0621039,-0.0104893,-0.0259644,0.00111602,
-0.0459522,0.315785,0.0911697,0.189128,-0.0470879,-0.0201406,-0.0269949,0.00183742,
-0.0503117,0.345188,0.115754,0.205233,-0.0539499,-0.0118699,-0.0371341,0.00361681,
-0.0225815,0.660044,0.251203,0.511009,-0.0276978,-0.0143702,-0.00811405,-0.0165487,
-0.0363089,0.451745,0.0814612,0.364243,-0.0501586,-0.024026,-0.0078129,-0.00824244,
-0.0223642,0.270542,0.159934,0.11925,-0.063336,-0.00920908,-0.0310195,-0.00081121,
-0.0361449,0.519781,0.138581,0.211558,-0.034502,-0.0104187,-0.0170171,-0.0037717,
-0.0458707,0.294899,0.132268,0.10778,-0.0317736,-0.0107853,-0.0194933,0.00091405,
-0.0243343,0.437859,0.0672997,0.247756,-0.0428714,-0.0124744,-0.0196332,-0.0032365,
-0.0224237,0.326122,0.0743942,0.127074,-0.0508338,-0.00904813,-0.00584742,-0.00674283,
-0.061963,0.444096,0.0240964,0.124715,-0.0269153,-0.0178769,0.00428125,-0.00499478,
-0.0152687,0.485838,0.026533,0.115477,-0.0498777,-0.00853018,-0.0177696,0.00329139,
-0.0339577,0.170592,0.015287,0.145429,-0.040296,-0.0100532,-0.00753441,-0.00777935,
-0.0530231,0.136553,-0.011762,0.103546,-0.036396,-0.00463326,-0.0184327,-0.00176795,
-0.0293689,0.110486,-0.0652161,0.101067,-0.0246187,-0.01357,-0.0148375,-0.00527174,
-0.0226492,0.116983,-0.03566,-0.00908189,-0.0399525,-0.0199654,-0.0154924,-0.012257,
-0.0219812,0.084031,-0.0354231,0.00289879,-0.00425302,-0.00633455,-0.00717713,-0.00228222,
-0.0390125,0.0575556,-0.0659033,0.000460107,-0.0204558,-0.00326275,-0.00569476,-0.00542008,
-0.0139607,-0.00640788,-0.0775708,-0.0152804,-0.0157555,-0.0080889,0.00563774,-0.00118402,
-0.0123653,-0.0176672,-0.0197829,-0.028921,-0.0238254,-0.00621261,-0.00632384,-0.00217289,
-0.0141792,-0.0536741,-0.0242538,-0.014674,-0.0156743,-0.00872794,-0.0105998,0.000250905,
-0.0153114,-0.0117217,-0.10125,-0.0549662,-0.0100395,-0.00608116,-0.00271683,-0.000869018,
-0.0118248,-0.0310962,-0.00899728,-0.0388583,-0.0067602,-0.00221473,-0.0102388,-0.000944606,
-0.00633072,-0.080703,-0.0234132,-0.0556134,-0.00634872,-0.00286385,-0.0017498,0.000104503,
-0.00360615,-0.0138307,-0.025518,-0.0269326,-0.00392221,-0.000309966,-0.0010893,-0.00019818,
0.00116237,-0.0769992,-0.0290952,-0.00871479,-0.000357472,0.00168967,-0.00168643,0.000288073,
0.00381165,0.0457335,-0.000397504,0.0508072,0.00421261,0.00092382,0.000407532,-0.000308443,
0.00505649,0.00612081,0.00200118,0.0393403,0.00439056,0.00135233,0.000669874,0.000325502,
0.0064481,0.0200298,0.00487862,0.0429634,0.00593661,0.00265941,0.00138331,5.98258e-06,
0.00435776,0.0237452,0.0187781,0.0396733,0.0118258,0.00527362,0.00177498,0.000427795,
0.00572138,0.0311176,0.0182471,0.0304596,0.0130773,0.00824188,0.00386085,0.000979699,
0.00464033,0.0325081,0.0663586,0.0251884,0.0139461,0.00632393,0.00434333,0.000253588,
0.015567,0.0278428,0.0351959,0.00564512,0.0170669,0.00388781,0.0058181,0.00158515,
0.0358772,0.0228882,0.0553491,0.0114469,0.0174375,0.0125812,0.00374018,0.00145793,
0.00953059,0.0120286,0.0432159,-0.0181384,0.0339362,0.00896243,0.005377,0.00030017,
0.011559,-0.00630949,0.0211379,-0.0233985,0.0112875,0.0148368,0.0151462,0.00111497,
0.0199212,0.0351925,0.00450525,-0.0350544,0.0231198,0.0160547,0.0149305,0.000622015,
0.0174496,0.0177846,0.0198071,-0.0135374,0.0564156,0.00913712,0.0143074,0.0023947,
0.0559379,0.0287355,-0.00621713,-0.0434812,0.0412231,0.0101185,0.0132638,0.000980854,
0.0304866,0.00381653,0.00278713,-0.0260881,0.0341498,0.00526893,0.0125006,0.00480145,
0.0658485,-4.37908e-05,0.00107834,-0.0264779,0.0313252,0.00601223,0.0131377,0.00103293,
0.01865,-0.000397723,-0.00424866,-0.0201803,0.0287611,0.0167931,0.00580135,1.17552e-05,
0.0502445,-0.0258579,0.00369194,-0.00520151,0.0179881,0.00516111,0.00683231,0.00207095,
0.0387736,-0.00203341,0.00340253,0.00676581,0.0255417,0.00724564,0.0162473,0.00238785,
0.0333245,0.00101524,0.00153219,0.0117002,0.0206224,0.00730054,0.0249611,0.00569342,
0.0305868,0.000882339,0.000179847,0.0254911,0.0379265,0.0155343,0.0299721,0.0048325,
0.00375371,0.00244822,-0.00152509,0.0301158,0.0303594,0.0175725,0.0268185,0.00083895,
0.0863298,0.00943261,0.00230211,0.0467277,0.0330895,0.00131195,0.011772,0.00753287,
0.0255472,0.00959612,0.00104736,0.0633897,0.0231894,0.0253046,0.000312512,0.00766902,
0.039645,0.0322856,0.00650862,0.0586946,0.0323757,0.0101819,0.0187063,0.00250155,
0.0086404,0.0085802,0.00621478,0.0303592,0.0186028,0.0192363,0.00736267,0.00485522,
0.0623494,0.0315607,0.0129729,0.0377633,0.0619782,0.00372134,0.0200574,0.00368475,
-0.0183585,0.0259825,0.0104967,0.0160265,0.0409901,0.00450953,0.00585549,0.0103156,
0.0297132,0.0249291,0.0126109,0.0171816,0.0815376,0.016906,0.0175349,0.00859411,
0.0780441,0.0312239,0.00954266,0.00588455,0.0466744,0.014118,0.0198141,0.00508945,
0.0280403,0.0251211,0.0392939,-0.00855979,0.0185519,0.00696703,0.0166822,0.00523559,
0.0676436,0.0116871,0.0289481,-0.0191041,0.019955,0.0106587,0.0344776,0.00196408,
0.0575128,0.0331716,0.00875104,-0.019344,0.0324869,0.0162404,0.0321073,0.0068602,
0.0251311,0.0395867,0.0499276,-0.0194757,0.032642,0.0127986,0.0196819,0.0110779,
0.065132,0.00982602,0.0377183,-0.0119076,0.0293042,0.014515,0.0307255,0.010429,
0.0551087,0.0119493,0.0288147,-0.0214804,0.019543,0.0176892,9.18287e-05,0.00235749,
0.0234128,-0.0122487,0.0247288,-0.0140953,0.0580639,0.00756525,0.00721868,0.00350571,
0.066835,-0.000212828,0.0290046,-0.00654647,-0.00407757,0.0236137,0.0209497,0.00166526,
0.0312991,-0.018075,0.0245203,-0.000480793,0.0761785,0.0140262,0.00947733,0.0101826,
0.0263149,-0.00625154,0.0151929,0.00433401,0.0681263,0.00610135,0.00412636,0.0031645,
0.0966385,-0.00721196,0.0337684,0.0102501,0.0452925,0.0123907,0.0288377,0.00298579,
0.0211959,0.0081813,0.0195904,0.0142396,0.0373868,0.00359291,0.01455,0.00485075,
0.0185586,0.0159199,0.0545757,0.0186117,0.103512,0.0115193,0.0228868,0.00967103,
-0.00247732,0.0126096,0.03039,0.0114261,0.0719488,0.0152985,0.0138426,0.00714003,
0.0571613,0.00890836,0.0251636,0.0153531,0.0352928,0.00296716,0.0133432,0.00285557,
0.014101,0.0106957,0.0239883,0.0165039,0.0844206,0.0206213,0.0248423,0.00287425,
0.0185828,0.0140847,0.0119661,0.0129999,0.0240012,0.00578214,0.00632612,0.00171098,
0.00814893,0.0150745,0.00654704,0.0111406,0.024828,0.0209938,0.0167646,0.00318988,
0.0575655,0.017655,0.0137723,0.00514908,0.0201478,0.0119245,0.0231456,0.00681822,
0.0650477,0.0105534,0.0112201,0.0077097,0.043587,0.00367671,0.0131296,-1.79284e-05,
0.0114538,0.0126552,0.0129339,-0.000733198,0.0445595,0.00466338,0.0155856,0.000218459,
0.0350513,0.011735,0.00730626,0.000213787,0.016276,0.00817563,0.0127532,0.00153527,
0.0345164,0.00667262,0.00388556,-0.00467728,-0.00427767,0.0182415,0.00934515,0.00361385,
0.025999,0.00685955,0.000789927,-0.00221808,0.0109821,0.00857963,0.0149086,0.00282324,
0.0375369,0.0108092,0.00703619,-0.00125741,0.00936259,0.00235476,0.00904079,0.00177627,
0.0524664,0.0145158,0.00900108,-0.00343768,0.0389751,0.00931552,0.00413754,9.21292e-05,
0.0210468,0.0098811,0.00824294,-0.00703225,0.0170026,0.00944006,0.0124464,0.00063513,
0.00854004,0.00774227,0.00511266,-0.00107863,0.0208635,0.002957,0.0125445,0.00145862,
0.0160631,0.0144246,0.00414491,0.00023151,0.0257149,0.00587979,0.0105654,0.000414838,
0.0100845,0.0118604,0.00607424,-0.000605452,0.0142153,0.0108914,0.0074743,0.000400229,
0.0103733,0.0180348,0.00340533,-0.000120804,0.0149171,0.00318837,0.00519939,-1.08415e-05,
0.00707364,0.00232938,0.00811331,0.00113435,0.00600906,0.00287943,0.00484318,0.00126629,
0.0068202,0.00420308,0.00509602,0.00198408,0.00778365,0.00194478,0.00390109,0.000616515,
0.00278807,4.67276e-05,0.0065868,0.0022542,0.00394568,0.00304752,0.00236772,0.000271926,
0.00333676,0.00326594,0.00674396,0.000525862,0.00292528,0.000808129,0.000122952,0.00021451,
0.000868882,0.00130718,0.00317249,-0.0027894,0.000678324,-0.000874321,0.00103627,-0.00012318,
-0.00365409,0.000216805,0.00229952,0.00114721,-0.00190325,-0.00158923,-0.000904389,-5.46853e-05,
-0.00382556,-0.00330232,0.000384075,0.000844108,-0.00118098,-0.00419082,-0.00202361,-0.000776706,
-0.0068088,0.138213,-0.00329818,-0.000274524,-0.00887618,-0.00266869,-0.00435174,-2.70952e-05,
-0.00614578,0.148497,-0.00448073,0.0679277,-0.00930856,-0.00378468,-0.00257672,-0.00011394,
-0.018569,0.0599644,-0.00235537,0.184233,-0.0203659,-0.00380496,-0.00658017,-0.000693934,
-0.0145749,0.107727,-0.00525468,0.103691,-0.00794373,-0.0086193,-0.00986182,-0.00121468,
-0.0085513,0.213884,-0.00646755,0.146792,-0.0101857,-0.00727447,-0.00466739,-0.00518224,
-0.0239752,0.459165,0.107866,0.165601,-0.011989,-0.0121328,-0.0119317,-0.00423788,
-0.010409,0.132205,0.0960474,0.177328,-0.0171814,-0.0139011,-0.0300845,-0.000108873,
-0.0167499,0.349575,0.101442,0.194088,-0.0348359,-0.0205498,-0.0141439,-0.00310655,
-0.00999537,0.296457,0.166449,0.100413,-0.0315302,-0.00125649,-0.00705555,7.38641e-05,
-0.0325704,0.297558,0.164638,0.408943,-0.0277061,-0.015103,-0.000430668,-0.00131335,
-0.0292408,0.434585,0.0525776,0.165939,-0.0146868,-0.0197495,-0.0194859,-0.00882534,
-0.0225494,0.263895,0.320016,0.194759,-0.0351273,-0.013965,-0.0144791,-0.00794,
-0.0331941,0.544594,0.233459,0.285424,-0.0263998,-0.00959633,-0.00500532,-0.0084762,
-0.0499459,0.992407,0.1929,0.281649,-0.0271298,-0.00697334,-0.0134233,-0.00193897,
-0.080296,0.490024,0.137078,0.232549,-0.0326155,-0.00861179,-0.0241477,-0.0074123,
-0.061064,0.667285,0.283284,0.231531,-0.0563322,-0.021144,-0.0113488,-0.0040255,
-0.0291824,0.565732,0.31388,0.247545,-0.0506941,0.00307265,-0.023066,-0.00639623,
-0.0284746,0.835028,0.445931,0.0262814,-0.0137108,-0.0125595,-0.0155725,0.00178541,
-0.0435806,0.356129,0.13183,0.50895,-0.0703524,-0.00331993,-0.0233304,-0.0127434,
-0.0850732,0.563524,0.070888,0.72605,-0.0465875,-0.0207072,-0.0145221,-0.00392142,
-0.0453205,0.631659,0.242685,0.26528,-0.0508348,-0.0129946,-0.0201956,0.00274851,
-0.0229474,0.772815,0.0696571,0.159735,-0.048437,-0.0263271,-0.0198584,-0.00979684,
0.125277,0.556142,0.28459,0.620492,-0.069553,-0.0200006,-0.0240287,-0.00128707,
0.100173,0.601433,0.157462,0.646331,-0.0273888,-0.00232464,-0.00746807,-0.0150998,
0.112997,0.750877,0.382297,0.51374,-0.0558332,-0.012157,-0.0207348,-0.00568273,
0.113846,0.566105,0.243206,0.313199,-0.0503427,-0.0143349,-0.0267678,-0.0125229,
0.0806112,0.622219,0.240795,0.666318,-0.031999,-0.0253877,-0.0411701,0.000826695,
0.0608576,0.478466,0.371326,0.430047,-0.0604169,-0.00745346,-0.0147707,-0.0038597,
0.0425725,0.572455,0.333118,0.214498,-0.0622714,-0.0245868,0.0062775,-0.00606939,
0.0250639,0.581138,0.201724,0.401154,-0.0816792,-0.0105717,-0.0288026,-0.00966961,
0.0267505,0.534698,0.522625,0.413308,-0.0329843,-0.0142496,-0.0220831,-0.00563448,
0.00856677,0.631267,0.306671,0.288415,-0.0354676,-0.0205548,-0.0210294,-0.000854427,
0.00759934,0.502232,0.606983,0.352731,-0.0149432,-0.00427337,-0.00855684,0.000197812,
-0.0067543,0.935161,0.0774122,0.623937,-0.0464418,-0.0111934,0.00506498,-0.0147289,
-0.0127664,0.386769,0.365617,0.36937,-0.0258532,-0.00829388,-0.0103702,-0.0073261,
-0.0231168,0.311935,0.377258,0.376412,-0.046148,-0.0116913,-0.00245113,-0.00270354,
-0.0481942,0.382622,0.144247,0.392648,-0.0605797,-0.0132263,-0.0241783,-0.00295236,
-0.0467411,0.568951,0.183546,0.137612,-0.0302424,-0.025736,-0.016651,-0.00712872,
-0.0766346,0.638533,0.295136,0.306012,-0.0242317,-0.0301979,-0.0193147,-0.00549965,
-0.0670787,0.413179,0.106752,0.157589,-0.0225058,-0.00961103,-0.0264049,-0.00361634,
-0.0227657,0.321262,0.0839864,0.260429,-0.050138,-0.0187762,-0.0215305,-0.00230574,
-0.0928659,0.351481,0.197388,0.239132,-0.0141301,-0.0176085,-0.0110913,-0.00746588,
-0.0776836,0.366627,0.215029,0.0899955,-0.058192,-0.00952493,-0.0107879,-0.00444709,
-0.0593672,0.540746,0.128745,0.293972,-0.040475,-0.0113817,-0.02121,0.00527601,
-0.0997106,0.375539,0.0573371,0.280639,-0.0371079,-0.0045805,-0.0182758,-0.000146972,
-0.0837623,0.432414,0.0999902,0.114546,-0.0138114,-0.00574815,-0.00797746,-0.00497571,
-0.055678,0.365384,0.0526065,0.112098,-0.0172235,-0.00782061,-0.0138498,-0.00165587,
-0.00820305,0.111818,0.0287621,0.0399654,-0.0173546,-0.00908764,-0.00372888,0.00302122,
-0.0493808,0.136172,0.0141875,0.215511,-0.0158234,-0.00439305,-0.00505099,0.000230001,
-0.0281629,0.276842,-0.0218624,0.122027,-0.0168052,-0.00885373,0.000169073,-0.00339414,
-0.0103249,0.05162,-0.0270529,0.00827223,-0.020423,-0.0084227,-0.0051837,-0.00311329,
-0.00562969,0.0855331,-0.0332984,0.0324757,-0.0222539,-0.00479668,-0.0151583,0.00107285,
0.00147039,0.0463259,-0.0951205,-0.0605486,-0.00633765,9.96447e-05,-0.00661858,0.0012044,
0.00829707,0.00639946,-0.0648773,-0.0668229,-0.00175225,-0.00168411,-0.00443354,-0.00178052,
0.0101986,0.000514248,-0.106744,-0.0574836,-0.00553456,-0.00387146,-0.00363222,-0.00101938,
0.0146649,-0.0199908,-0.0504084,-0.0594943,-0.00503804,-0.00317131,-0.00676311,-0.00124692,
0.0134798,-0.00323361,-0.0922308,-0.051346,-0.000702036,-0.000788554,-0.00118624,-0.000173077,
0.0198864,-0.0173396,-0.0237385,-0.00136701,-4.94674e-05,-0.00114786,-0.0024162,0.000371095,
0.0190232,0.00983989,-0.0472765,0.0195,0.00211533,0.00093812,-0.000559919,-4.5082e-05,
0.0117308,-0.00451729,-0.0207279,0.0118905,0.00507591,0.00235169,0.000465444,0.000495975,
0.028327,0.00583435,-0.00430388,-0.0125104,0.00601305,0.000565168,0.00231826,-0.000153654,
0.0156259,0.0361966,0.00442658,0.076238,0.00979022,0.00311072,0.0042334,-0.000496262,
0.0152175,-0.00753042,0.0145111,0.0563158,0.00652306,0.00502524,0.00384324,7.56584e-05,
0.00370663,-0.0414137,0.0145644,0.103579,0.0200805,0.00653756,0.00486169,0.00108416,
0.00632831,-0.0152053,0.0198485,0.0534275,0.0142461,0.00519357,0.00972425,0.000704154,
0.00769261,0.0270765,0.0159068,0.0420714,0.0125923,0.0104165,0.00526348,0.000401424,
0.0205432,0.0216372,0.0270029,0.0319676,0.00958769,0.0066076,0.0141102,0.000370899,
0.0175164,0.0112327,0.00767004,0.01004,0.00707955,0.0132006,0.00932017,0.00254628,
0.0196917,0.0193131,0.0435032,-0.0120069,0.0220448,0.00470955,0.00786081,0.00246248,
0.0147077,-0.0140386,0.0494233,-0.028914,0.0139028,0.0168791,0.0167259,0.000574976,
0.0215519,-0.0216754,0.0200414,-0.0524642,0.00371063,0.0082784,0.00838931,0.00324672,
0.013917,0.035733,0.0720799,-0.0547312,0.0231666,0.0104143,0.0242539,0.00454048,
0.0194712,0.0142376,-0.0182631,-0.0747596,0.0362234,0.0135375,0.0208898,0.0014425,
0.0399841,-0.0646814,0.0382347,-0.0555418,0.00626534,0.00674584,0.02682,0.00571028,
0.0257931,0.0170502,0.000622971,-0.0595231,0.00279954,-0.00212587,0.0206483,0.00411197,
0.054696,-0.0214296,0.0248432,-0.0256109,0.000749983,0.00532783,0.0162761,0.00258916,
0.0440433,0.0108817,0.00549913,-0.051822,0.0436332,0.00763789,0.00908554,0.00520304,
0.0300909,0.0166702,0.00364661,-0.0118008,0.0194845,0.014222,0.0147987,0.00266815,
0.0824753,0.0105738,-0.00168592,0.00419338,0.00548278,0.0179542,0.0308141,0.00453073,
0.0324522,0.0314141,0.00334024,0.0224846,0.0116944,0.014801,0.028064,0.00653785,
0.0551622,0.0208755,0.00668444,0.0533037,0.0932651,0.013817,0.0223601,0.00223654,
0.0939245,0.0409523,0.00305309,0.0414652,0.0309213,0.0105733,0.0190453,0.00770938,
0.0581645,0.04358,0.000732697,0.0612506,0.0413666,0.0154726,0.0185244,0.00312897,
0.0717843,0.0221682,0.00458753,0.046166,0.0434343,0.0136164,0.0568417,0.00513497,
0.0154669,0.0338366,0.00324472,0.0535774,0.0392927,0.0116086,0.0319855,0.009133,
0.0106352,0.0389807,0.0119691,0.089392,0.0300905,0.00664724,0.048962,0.00654836,
0.0165839,0.0313532,0.0159751,0.0414748,0.0525216,0.0125373,0.0298189,0.003242,
0.024065,0.037177,0.0182889,0.0215474,0.0393849,0.0131746,0.033959,-0.00085392,
0.0314343,0.0183908,0.011963,0.0141589,0.0574017,0.0170428,0.00638226,0.00613065,
0.016554,0.0222104,0.0162398,-0.00601305,0.0359358,0.0284161,0.0267146,0.00362899,
0.0494952,0.00826356,0.0337659,-0.0133891,0.0623274,0.024647,0.00750353,0.00691961,
0.0174046,-0.00785443,0.0117609,-0.0189038,0.0723449,0.0198349,0.00134058,0.00293421,
0.0559641,0.00874434,0.0260572,-0.0378095,0.0467112,0.0140393,0.00444558,0.0039779,
0.055956,-0.00323726,0.0171385,-0.0158933,0.0535983,0.0219908,0.0148805,0.00765316,
0.040239,0.0106986,0.0117512,-0.0266959,0.039945,0.0122156,0.0334169,0.00252946,
0.0950242,0.0188357,-0.00308959,-0.0357957,0.0241442,0.0099346,0.0130653,0.00301882,
0.0592415,0.0292903,0.0249604,-0.0170981,0.0315364,0.029602,0.0281588,0.00285005,
0.0588429,-0.00124857,0.0174671,-0.00712517,0.0524637,0.0195442,0.0330283,0.00830233,
0.0166438,-0.00508857,0.0429278,-0.00288021,0.0532047,0.0302142,0.0234288,0.00357208,
0.0324845,-0.0047319,0.0242338,0.00314621,0.0372729,0.019799,0.00774982,0.00640566,
0.0310205,0.0201286,0.0305775,0.0117767,0.0494462,0.00265121,0.0120863,0.00384374,
0.00949017,0.0180275,0.020164,0.0173363,0.0656037,0.0132246,0.00761474,0.00566598,
0.0283242,0.0279577,0.0140605,0.0141882,0.0177305,0.0042648,0.0203504,0.00822575,
0.0334284,0.0136765,0.00528841,0.0317805,0.0078866,0.0078728,0.0204158,0.00711832,
0.0335017,0.023096,0.0259715,0.0229356,0.0212994,0.0194904,0.00967299,0.00228469,
0.0531003,0.0188914,0.00849865,0.0147254,0.0398794,0.0217252,0.00454552,0.000946094,
0.0695373,0.0281523,0.00806667,0.02056,0.0296197,0.00649601,0.0132098,0.00413441,
0.0224033,0.0202538,0.00922269,0.00850822,0.0172603,0.0167104,0.0164826,0.00254114,
0.0456061,0.0256141,0.009847,0.0104849,0.0291874,0.0113135,0.00472266,0.00245303,
0.0402108,0.00923731,0.008491,0.00562494,0.00105716,0.00925879,0.00758318,0.00161906,
0.0217463,0.0106004,0.00675052,0.00355551,0.0159738,0.00912808,0.0191748,0.000229897,
0.045895,0.00898926,0.00450685,-0.00141256,0.00277165,0.0136319,0.00522879,0.00208801,
0.0157875,0.00309099,0.00439793,-0.00538689,0.0204994,0.0125109,0.00885428,-1.78005e-05,
0.0163517,0.00238907,0.00432307,-0.00341751,0.0118407,0.00725252,0.00560629,-9.52359e-05,
0.0316457,0.00304079,0.00186275,-0.0107744,0.0263046,0.00737606,0.00856218,0.000972657,
0.0361155,0.00252831,0.00392567,-0.0062542,0.0127247,0.0114243,0.00315185,-0.000571724,
0.0139041,0.00322293,0.0028055,-0.00166513,0.0104524,0.00517034,0.00871378,0.00237666,
0.00675073,0.00475722,0.00389201,-0.00656839,0.00619921,0.00861395,0.00511158,0.000354851,
0.00513462,0.00456342,0.00205624,-0.00238466,0.00968803,0.00523556,0.0047086,0.000399224,
0.00493714,0.00521768,0.00418459,-0.00182751,0.00299695,0.00295238,0.00373679,0.00126415,
0.00365902,0.00360735,0.00146555,0.000957177,0.00403995,0.00146256,0.00125169,8.13997e-05,
0.00169311,0.00444445,0.00234662,0.00118239,0.00185614,0.000481786,2.32577e-05,0.000155549,
-0.000688098,0.162003,0.00361314,-0.0305068,-0.00183148,0.000542109,-0.001393,-0.000131706,
-0.0027979,0.155387,0.00255363,0.07457,-0.00288683,-0.000651928,-0.00186197,-0.000109274,
0.00265859,0.134699,0.00176634,0.121163,-0.00234167,-0.00273889,-0.000617969,0.000374767,
-0.0128555,0.216933,0.000370458,0.124479,-0.00757496,-0.002427,-0.00672428,-0.00153166,
-0.00825347,0.146874,-0.0017874,0.109397,-0.0116402,-0.00692212,-0.00455187,-0.00015959,
-0.0183343,0.356299,0.134575,0.149792,-0.00968547,-0.0107053,-0.0114121,-0.00244911,
-0.00556864,0.208871,0.121135,0.0371119,-0.0142197,-0.00349892,-0.00677132,-0.000755682,
-0.0140616,0.176224,0.219034,0.145127,-0.0276578,-0.00149378,-0.00376866,-0.00508188,
-0.0265892,0.385609,0.0904445,0.105473,-0.0279505,-0.00645906,-0.00777106,-0.00112477,
-0.024436,0.250688,0.174731,0.280165,-0.0247143,-0.00779363,-0.00465429,-0.000825486,
-0.0271369,0.452969,0.292113,0.26697,-0.0231479,-0.0152369,-0.0106445,0.000965608,
-0.0422413,0.276367,0.118255,0.213896,-0.0149438,-0.0195238,-0.010966,-0.00249612,
-0.0402379,0.378111,0.142361,0.268381,-0.0272301,-0.0184914,-0.00412188,-0.00913432,
-0.0456005,0.510859,0.420722,0.0990074,-0.0322972,-0.00822927,-0.019476,0.0020752,
-0.0274821,0.302616,0.26987,0.145531,-0.0425059,-0.0111199,-0.0116162,-0.000645977,
-0.0502588,0.167926,0.630272,0.61237,-0.0202129,-0.011656,-0.0211768,-0.00533078,
-0.0671156,0.72474,0.254547,0.342015,-0.00842862,-0.016829,-0.0154258,-0.00375034,
0.355459,0.891925,0.0100755,0.136241,-0.0380435,-0.0192471,-0.0181585,-0.010222,
0.312854,0.776856,0.426986,0.76627,-0.0523656,-0.00753508,-0.00469506,0.000600001,
0.402702,0.754035,0.306778,0.413191,-0.0543333,-0.0109759,-0.0140221,-0.0097101,
0.519851,0.464606,0.361222,0.393338,-0.0353375,-0.0169756,-0.0299186,-0.00185663,
0.477679,0.191385,0.10702,0.261387,-0.0616105,-0.0178005,-0.00749456,-0.0135794,
0.378565,0.31913,0.353841,0.176911,-0.0154578,-0.011767,-0.0157747,-0.001401,
0.693059,0.925139,0.156722,0.129979,-0.0827294,-0.017698,-0.0223647,-0.00458375,
0.253405,0.560132,0.449672,0.291301,-0.0609523,-0.0152046,-0.0104474,-0.00355204,
0.475002,0.481747,0.211181,0.673366,-0.054494,-0.0190046,-0.018741,-0.000547559,
0.433095,0.596401,0.228646,0.409246,-0.0441657,-0.0137883,-0.0128922,0.00105197,
0.427433,0.644695,0.679493,0.196545,-0.0295482,-0.0236433,-0.0143162,-0.00687955,
0.4053,0.79217,0.366071,0.565791,-0.0294796,-0.0130961,-0.0290005,-0.00408916,
0.309785,0.772319,0.34092,0.146607,-0.0615491,-0.0201144,-0.0114209,-0.00205431,
0.42778,0.634937,0.409299,0.384458,-0.0687487,-0.0281317,-0.0385566,-0.00234486,
0.337647,0.799381,0.373201,0.445291,-0.0508235,-0.0195726,-0.0163561,-0.00436836,
0.39209,0.841502,0.367603,0.536249,-0.0483097,-0.00800281,0.00307027,-0.0155362,
0.267021,0.721691,0.374058,0.783573,-0.0659104,-0.01227,-0.0179028,0.00158414,
0.408149,0.658358,0.613219,0.134374,-0.0476198,-0.0148162,-0.0353974,0.00427893,
0.317353,0.477034,0.478906,0.954603,-0.0670204,-0.00347311,-0.0154461,3.39633e-05,
0.257205,0.475575,0.393772,0.487292,-0.0332147,-0.0132578,-0.0271919,0.00243013,
0.344123,0.447857,0.265755,0.507599,-0.0613633,-0.0169927,-0.0262597,-0.0035144,
0.183439,0.8266,0.291134,0.280861,-0.0476003,-0.0105339,-0.0050683,-0.00101134,
0.20038,0.365318,0.189468,0.282143,-0.0597661,-0.0072283,-0.0318318,-0.00158137,
0.0634874,0.460244,0.391311,0.511376,-0.0498416,-0.00438002,-0.0236787,-0.00168108,
-0.00457225,0.570714,0.16527,0.705292,-0.051372,-0.00787349,-0.0218756,-0.00326725,
-0.0417352,0.244597,0.28049,0.489712,-0.0360096,-0.0238527,-0.0135956,-0.0117152,
-0.0600548,0.737218,0.154488,0.353053,-0.0492421,-0.00523751,-0.0133059,-0.0012128,
-0.136884,0.346808,0.240886,0.190829,-0.0254231,-0.0132826,-0.0152154,-0.00164983,
-0.0862863,0.314147,0.321187,0.370021,-0.0316418,-0.0104279,-0.0188115,-0.00350589,
-0.0627569,0.348305,0.290723,0.129626,-0.0491627,-0.0178128,-0.0117033,0.00147084,
-0.161786,0.216417,0.124912,0.621499,-0.0352293,-0.0159437,-0.0305526,-0.00159478,
-0.0820944,0.635548,0.134055,0.488271,-0.0304822,-0.00287361,-0.0166089,-0.00939556,
-0.113916,0.514519,0.071964,0.174388,-0.0181334,-0.0110719,-0.00174468,0.000752254,
-0.14237,0.15315,0.0553389,0.153671,-0.0296656,-0.00609234,-0.031672,-0.00593244,
-0.0220107,0.135111,0.176961,0.147752,-0.0240094,-0.00737515,-0.00794284,-0.00624198,
-0.0815316,0.243079,0.055488,0.120181,-0.0317983,-0.00789467,-0.00795832,0.00297816,
-0.0939047,0.184674,0.0498492,0.00158238,-0.026256,-0.00107001,-0.0196965,0.000535729,
-0.0180719,0.144982,0.00443267,0.0337169,-0.00905813,-0.00812042,-0.00455435,-0.0030834,
-0.0203366,0.136891,-0.00562601,-0.0391893,-0.0207154,-0.00650798,-0.00275848,0.000372457,
0.0110792,0.0975076,-0.0480186,-0.00356369,-0.00410489,-0.00203035,-0.0100274,-0.000452113,
0.0164591,0.00905662,-0.120623,-0.015714,-0.00393415,-0.00622984,-0.00177273,0.000528794,
0.0177817,-0.000539318,-0.0674388,-0.0838114,-0.0078982,-0.00323442,-0.00580724,-3.08835e-06,
0.0398891,-0.0314374,-0.0793457,-0.033221,-0.000356856,-0.00168409,-0.00677001,0.000519403,
0.0312015,-0.0530872,-0.0300952,-0.0490724,0.0018663,0.000793628,2.47525e-05,9.26318e-05,
0.0552935,-0.0347672,-0.117631,-0.0244779,0.00293291,0.0014588,-0.000863021,1.56685e-05,
0.0537628,-0.0371329,-0.0335258,-0.00707954,0.00503462,0.0016228,0.00193394,-8.95689e-05,
0.0628304,-0.0298309,0.0285176,0.0318634,0.00858707,0.00370678,0.00205439,0.000875499,
0.0697889,0.00147297,-0.0566959,0.037415,-0.00178764,0.00327569,0.00322406,-0.000173637,
0.0307838,0.0187157,-0.0784443,0.0527919,0.0116643,0.00220613,0.00874847,0.00191028,
0.0228238,0.0189489,-0.00450172,0.0549094,0.0207853,0.00603529,0.00525783,0.000516121,
-0.0187797,0.0797655,-0.00972794,0.0564107,0.0108849,0.0088964,0.00319336,0.000465345,
-0.00596,0.0482739,0.0264572,0.0582703,0.00675472,0.00408291,0.00742103,0.0012712,
-0.0254414,0.0974425,0.0199602,0.0638428,0.0412447,0.0104954,0.00955624,0.0017854,
-0.0190186,0.0508211,0.0635737,0.0689113,0.0189114,0.0126695,0.00822107,0.0010514,
0.00492713,0.0520959,0.0377677,0.0270202,0.0221149,0.00584282,0.00503142,-0.00143153,
-0.0157279,0.0534445,0.0430556,0.011712,0.039316,0.0138036,0.0142611,0.000585677,
-0.011168,0.0217134,0.0242078,-0.0148059,0.0213666,0.0137138,0.0160107,0.00154466,
0.00627785,0.0117086,0.0516645,-0.0617242,0.0347542,0.0101576,0.00446218,0.00199068,
0.0116615,0.0286092,0.0284485,-0.0409371,0.0195696,0.0130435,0.0118786,0.00371726,
0.00521755,0.023049,0.0501823,-0.0596697,0.06166,0.0107441,0.013155,0.00335067,
0.0225683,-0.023728,0.0289035,-0.05983,0.00807176,0.0158224,0.00677296,0.0052919,
0.018745,-0.0421501,0.0439386,-0.0681472,0.0194342,0.0270479,0.0259612,0.00717436,
0.0339079,-0.0382506,-0.00691826,-0.0634982,0.017829,0.0136085,0.0086167,0.00279288,
0.0586082,0.0125137,0.0438076,-0.0378337,0.0252287,0.0104652,0.000512886,0.0079629,
0.0745051,-0.0428959,-0.011847,-0.0540363,0.0468163,0.00715658,0.0152001,0.00827755,
0.066516,-0.00962507,0.0213286,-0.0184533,0.0542476,0.0110489,0.0107738,0.000961685,
0.101189,0.0124835,0.0114242,0.00632339,0.0180277,0.0218894,0.0170349,0.00074181,
0.114923,0.00650633,-0.0132408,0.0449811,0.00576747,0.00481011,0.00812359,0.00705678,
0.101542,-0.0108976,-0.00404652,0.0495784,0.0472456,-0.00100362,0.0116062,0.00956532,
0.0326294,0.0239376,-0.0054802,0.038944,0.0383045,-0.000179311,0.0246796,0.00867167,
0.0753172,0.0344201,-0.00314639,0.0716698,0.0269204,0.00380218,0.0102992,0.00678842,
0.0814987,0.0258203,-0.011842,0.0895253,-0.0151726,0.0190303,0.036778,0.00580062,
0.0311596,0.036025,0.00173954,0.0508985,0.0793136,0.00454707,0.0251698,0.00558488,
0.0605746,0.0727888,0.00451671,0.0826907,0.0349158,0.00334448,0.0206268,0.00177029,
0.0401487,0.0686636,0.00140795,0.0600941,0.0612413,0.0244209,0.043931,0.0069265,
0.0586333,0.0618504,0.0189048,0.018577,-0.0130703,0.0158863,0.0292956,0.00994206,
0.040958,0.0551739,0.0157329,0.0192881,0.0213316,0.0161297,0.0100087,0.0108775,
0.0330947,0.0506606,0.0125102,-0.00232215,0.0406657,0.00594657,0.00714369,0.00522945,
0.068675,0.0264473,0.0239803,-0.0220595,0.070145,0.0412936,0.0173595,0.00237002,
-0.0181819,0.0247681,0.0227732,-0.0228745,0.0467325,0.021937,0.0109757,0.00491996,
0.0865684,0.0332693,0.0310401,-0.0228465,0.029441,0.0173437,0.00868339,0.0115271,
0.0285262,0.0148682,0.0380459,-0.0528357,0.0220752,0.0180735,0.0341149,0.00345346,
-0.00330313,0.0149804,0.0165744,-0.044125,0.0558182,0.0173484,0.0048839,0.00461954,
0.0206489,0.032975,0.011047,-0.0331007,0.0730452,0.0108712,0.0251417,0.00715619,
0.0358715,-0.0195367,-0.010626,-0.0199465,0.00253272,0.00151637,0.0108279,0.0047729,
0.0312232,0.0135611,0.0250113,-0.0199899,0.0532939,0.0177094,0.0447682,0.00464304,
0.0293987,-0.0143121,0.0545768,-0.00255509,0.0757096,0.0100099,0.00940455,0.00792867,
0.0784686,-0.0174689,0.0215023,0.00475422,0.0287825,0.0255973,0.0141933,0.00662932,
0.0150937,0.000586838,0.0371269,0.0191355,0.0253611,0.0157156,0.0181822,5.91949e-05,
0.00324965,-0.00500611,0.05702,0.0145044,0.0359392,0.00499452,0.0191302,0.00617218,
0.0495846,0.0230553,0.00942633,0.0231255,0.0368259,0.00965843,0.0122645,0.00472898,
0.070604,0.0153422,0.0243842,0.0208569,0.018447,0.00667489,0.0160911,0.00197547,
0.0472642,0.00431268,0.0152645,0.0272727,0.0397403,0.0101951,0.00686607,0.00236425,
0.0335366,0.0166174,0.0086011,0.0189113,0.0474045,0.00994716,0.0154195,0.00130362,
0.0216142,0.0205265,0.0105838,0.0221786,0.0283397,0.0173329,0.0251802,-1.15085e-05,
0.0382769,0.0162068,0.0108337,0.012126,0.0182127,0.00939704,0.0143226,0.000882453,
0.0412596,0.0211943,0.00299847,0.00917093,0.0143494,0.0127024,0.0259691,0.00149069,
0.0190151,0.0244748,0.00357571,0.0051009,0.00809996,0.00770463,0.0139038,0.00224793,
0.0336501,0.0105599,0.00256794,0.00172927,0.0208981,0.0137722,0.00398806,0.00024022,
0.0164583,0.0144372,0.00164621,-0.00389841,0.0164589,0.00628812,0.0122299,0.00124048,
0.0230103,0.0116973,0.00181557,-0.00637621,0.0205571,0.0074799,0.00891421,0.00124121,
0.0127447,0.00605731,-0.00176987,-0.0104907,0.0139088,0.00685898,0.00616452,-8.87481e-05,
0.00984434,0.00107336,0.000572301,-0.00485688,0.014058,0.007562,0.00640511,0.000632921,
0.0062808,0.00223531,0.00238329,-0.0136406,0.0085285,0.00185749,0.00380744,0.00296806,
0.00601136,0.000738324,0.00111999,-0.0128449,0.00617208,0.00203958,0.00416588,0.000884307,
0.00529902,0.120098,-0.00190487,-0.00172848,0.00223411,0.00361382,0.00271227,0.000272891,
0.00805266,0.111518,-0.000491239,0.128116,0.00348297,0.00163236,0.00147107,0.00052575,
0.00131066,0.150024,0.00155204,0.0843965,0.00296279,0.000257438,0.000821582,0.00041058,
-0.00147845,0.0913784,-9.17024e-05,0.0814057,-0.000313587,0.000386072,0.00104351,-6.09249e-05,
-0.00332501,0.18641,0.0239926,0.0808086,-0.00321851,-0.00222064,-0.00279045,4.51259e-06,
-0.00828419,0.124376,0.0682306,0.0888249,-0.00900092,0.000897549,-0.00707172,-0.000951244,
-0.0111741,0.160705,0.164465,-0.0246525,-0.00817946,-0.00305145,-0.00205923,0.000908018,
-0.0107112,0.331063,0.0767572,0.0361413,-0.0103794,-0.00242226,-0.00777359,-0.00136947,
-0.018009,0.291049,0.11423,0.100632,-0.0147903,-0.00686149,-0.00546409,-0.00281954,
-0.00615509,0.200429,0.0494172,0.0595656,-0.0143757,-0.00426342,-0.00253124,0.000109155,
-0.0193665,0.850914,0.425204,0.200669,-0.0243656,-0.00797932,-0.0238019,-0.000487561,
-0.0198446,0.603164,0.208403,0.130408,-0.0250643,-0.00670435,-0.00641721,-0.000582279,
-0.0290763,0.444708,0.0852424,0.265052,-0.0118555,-0.006689,-0.0183193,-0.00680576,
-0.0289844,0.262703,0.312164,0.387277,-0.0135975,-0.00726696,-0.00982143,-1.52322e-05,
-0.02481,0.522481,0.299575,0.425902,-0.0311802,-0.00786682,-0.00954423,-0.000496073,
-0.0388332,0.662067,0.156132,0.443529,-0.0386314,-0.00745595,-0.013754,-0.00189366,
0.327897,0.601435,0.539545,0.177045,-0.0108045,-0.00191025,-0.0145313,0.00127286,
0.390002,0.298627,0.139776,0.502703,-0.0457433,-0.00935924,-0.0111569,0.000935373,
0.490502,0.977555,0.478782,0.271214,-0.0512281,-0.00835014,-0.020661,0.0022621,
0.588636,0.92437,0.400552,0.241849,-0.0257391,-0.00761434,-0.024672,-0.00686846,
0.523075,0.762075,0.502068,0.359797,-0.0202037,-0.00558395,-0.0227129,-0.00268638,
0.62789,0.941111,0.20185,0.744045,-0.0471546,-0.0160647,-0.0190687,-0.000613795,
0.709313,0.618136,0.389959,0.486511,-0.0378606,-0.0186515,-0.00918124,-0.00230061,
0.568516,0.692836,0.144864,0.244297,-0.0239701,-0.0169486,-0.0148266,-0.000335625,
0.653524,0.432919,0.605477,0.444071,-0.0602328,-0.00504369,-0.024086,-0.00523512,
0.642671,0.446908,0.419215,0.342388,-0.0429211,-0.0155907,-0.0154954,0.000325263,
0.680954,0.677552,0.280882,0.988551,-0.0557758,-0.00617108,-0.0352829,-0.00468258,
0.474346,0.621682,0.315209,0.637344,-0.0671981,-0.0161948,-0.0322101,-0.0085673,
0.46456,0.714532,0.48063,0.31657,-0.0409375,-0.00972559,-0.00683092,-0.00211927,
0.563801,0.854189,0.442575,0.279156,-0.0506767,-0.0302966,-0.0418046,-0.00603133,
0.776537,0.682285,0.469788,0.856925,-0.053714,-0.0135737,-0.0194753,-0.016465,
0.48437,0.659202,0.341691,0.368384,-0.0453146,-0.0135859,-0.0226513,-0.00933614,
0.576475,0.8269,0.38085,0.251279,-0.034955,-0.015027,-0.0313623,0.00371493,
0.523206,0.671891,0.266312,0.993967,-0.0502749,-0.0191602,-0.0190179,-0.00637186,
0.72672,0.64116,0.5276,0.306081,-0.0733033,-0.025775,-0.0281822,-0.00162717,
0.362574,0.539477,0.450202,0.0778783,-0.0332546,-0.0144908,-0.0272442,-0.010354,
0.493409,0.577007,0.188606,0.309521,-0.0402761,-0.0115956,-0.0184294,-0.00954222,
0.510285,0.833327,0.781349,0.515522,-0.0389616,-0.011229,-0.03222,-0.00168168,
0.441293,0.486993,0.618539,0.522376,-0.0406701,-0.00917366,-0.0147723,0.000566348,
0.36872,0.697261,0.492941,0.465741,-0.0531375,-0.0227762,-0.0184691,-0.0103615,
0.397016,0.791236,0.306477,0.455363,-0.0353995,-0.00151065,-0.00974328,-0.002236,
0.272773,0.420543,0.436118,0.551341,-0.07233,-0.00659324,-0.0343071,-0.000557851,
0.304106,0.697477,0.527343,0.577723,-0.057354,-0.00804543,-0.00471758,-0.00895274,
0.500009,0.786106,0.257721,1.02941,-0.039205,-0.0140541,-0.00923897,0.00100724,
0.206925,0.804961,0.23561,0.274135,-0.0399926,-0.0221246,-0.0130753,-0.000992767,
0.135204,0.558119,0.505276,0.128214,-0.056469,-0.00825054,-0.0120233,-0.00294332,
0.101659,0.769319,0.289774,0.152739,-0.0427131,-0.00223739,-0.00695459,-0.00696142,
-0.0371737,0.364231,0.4534,0.313142,-0.0359493,-0.00627947,-0.0116475,-0.0131241,
0.0355791,0.720915,0.293152,0.594,0.00201311,-0.00794271,-0.0327032,-0.00371582,
-0.068958,0.515356,0.296119,0.515973,-0.0242507,-0.0144086,-0.0132835,-0.00896102,
-0.146194,0.519837,0.240744,0.340751,-0.0295405,-0.0126886,-0.000217235,0.00451772,
-0.161475,0.436084,0.305088,0.139731,-0.0187249,-0.0139801,-0.0177283,-0.00263758,
-0.21321,0.38907,0.14698,-0.0215855,-0.0168469,-0.00594503,-0.0283194,-0.00222622,
-0.189166,0.511257,0.0756776,0.436665,-0.0101732,-0.019328,-0.012672,-8.6867e-05,
-0.0890195,0.175958,0.189682,0.177199,-0.0290794,-0.00500286,-0.0142975,-0.00219478,
-0.107168,0.314369,0.157327,0.0253995,-0.0101995,-0.00325539,-0.0223119,-0.00204533,
-0.0714245,0.209491,0.122137,0.0295529,-0.0111205,-0.0133886,-0.0102239,-0.00552431,
-0.141452,0.12375,0.0543352,-0.000335559,-0.0157653,-0.00947668,-0.0103148,0.00030816,
-0.123403,0.207214,0.00913525,0.0973117,-0.00560114,-0.0037014,-0.0169085,-0.00253239,
-0.0861216,0.0867643,0.0307486,-0.0609513,-0.00235465,-0.00399687,-0.0124993,-0.00164963,
0.0299553,0.130373,-0.0144253,-0.0922483,-0.00748729,-0.00304561,-0.00373743,-0.000177724,
0.00138372,0.0979677,-0.00598841,-0.039131,-0.00421784,0.000459344,-0.000240026,0.000411619,
0.0254325,0.0145494,-0.030765,-0.0689445,-0.00192105,-0.000364838,2.82591e-05,0.000519081,
0.0775601,0.0569171,-0.0502649,-0.0466662,-0.0024215,-3.83597e-05,-9.93217e-05,-1.39688e-05,
0.0668357,-0.0709663,-0.0627668,-0.0303314,0.00220859,0.000865251,-0.00262864,0.000336722,
0.109818,-0.0599909,-0.0316194,-0.034076,0.00745079,0.00226102,0.00183956,0.000126071,
0.114195,0.00583868,0.00391113,-0.0611926,0.00700638,0.00338864,0.00216827,-5.1941e-05,
0.0781221,-0.00395644,-0.0468636,-0.0534188,0.00603365,0.0043019,0.00245337,6.19892e-05,
0.0302602,-0.00113485,-0.0424393,-0.0140969,0.0170249,0.00354821,0.00341848,9.43898e-05,
0.0400428,-0.0117327,-0.026962,0.00118583,0.0104939,0.00462172,0.00419803,0.000866476,
0.0138905,0.00635976,-0.0116156,0.0147961,0.00960818,0.00295021,0.00492666,0.00168607,
0.0277782,0.0591602,-0.00134964,0.0890523,0.0150511,0.0100513,0.00397673,0.00117049,
0.0490881,-0.0684654,0.0284638,0.0708141,0.0154021,0.00676694,0.00521246,-0.000853808,
-0.0130149,0.120308,0.0185304,0.13105,0.0143146,0.0116892,0.0116147,0.00418625,
-0.0424342,0.0600611,0.0392697,0.0918799,0.0234212,0.00774347,0.00994826,0.00389135,
0.0134723,0.0307696,0.0185197,0.070603,0.0217847,0.00506187,0.0115732,0.00259793,
-0.0181657,0.0268612,0.0481471,0.0617424,0.0244123,0.0128369,0.0131712,0.00412099,
-0.0434728,0.0417558,0.0310123,0.0913403,0.0273326,0.0113425,0.0121183,0.00358565,
-0.0652913,0.0265462,0.020312,0.0414521,0.0341608,0.00684233,0.0129754,-0.000191378,
-0.0307473,0.0213805,0.0251062,-0.00348965,0.0281933,0.00684567,0.0312718,0.00166613,
-0.0287963,0.00606224,0.0146488,-0.0311525,0.0317703,0.0139921,0.0291874,0.00100698,
-0.0120508,-0.0139648,0.0551442,-0.0573087,0.042723,0.0182387,0.0220429,0.00109772,
-0.00338738,0.00128027,0.000549935,-0.104443,0.0214225,0.00213143,0.00868299,0.00158941,
0.0232764,-0.0305469,0.00685238,-0.0802982,0.0443489,0.0115635,0.00368197,0.00227424,
0.0279183,0.03166,-0.051233,-0.0791391,0.0133687,0.0220172,0.0251579,0.00150165,
0.0548605,0.0130431,-0.0190089,-0.0609073,0.0214048,0.00659367,0.0188744,-0.000942212,
0.0575447,-0.0220271,0.00193175,-0.105966,0.0384023,0.0134479,0.00946998,0.00133445,
0.078208,-0.0236386,0.00214485,-0.0424929,0.0906566,0.0136802,0.0110184,0.00633991,
0.0871372,-0.00661192,0.0245938,-0.0341829,0.0376306,0.0268804,0.0401165,0.00223814,
0.0621931,-0.0259507,0.0110418,-0.00316444,0.0131791,0.00939264,0.0141357,0.012624,
0.0810558,-0.0170916,0.0253256,0.0360815,0.0683957,0.0158566,0.0269159,0.00715005,
0.128188,0.00627945,0.0139886,0.0554196,0.0166144,0.0142177,0.00599866,0.00472307,
0.101436,0.0334395,0.0108442,0.06284,0.064454,0.0224163,0.00883904,0.00816411,
0.0479915,0.0292111,0.0160227,0.0542752,0.0439287,0.0096595,0.0419081,0.00392811,
0.034527,0.0394847,0.0154262,0.0960023,0.0158241,0.0121048,0.0475217,0.0080356,
0.0880596,0.0409263,0.0188692,0.0455904,0.0670426,0.0173479,0.00352445,0.00661529,
0.0929539,0.0637164,0.025183,0.0579265,0.0904406,0.0222742,0.0224311,0.00616076,
0.0753089,0.0409292,0.012909,0.0694102,-0.000611551,0.0104183,0.00946749,0.00928952,
-0.0212974,0.0334934,0.0251584,0.054831,0.0814031,0.0249439,0.0062973,0.00656724,
0.0972753,0.014464,0.0150343,0.0201574,0.032087,0.0340825,0.0318132,0.00337177,
-0.00692696,0.0269426,0.0139974,0.00269314,0.0577012,0.0116154,0.0159597,0.00276678,
0.0229677,0.026628,0.0166572,-0.00976359,0.0294529,0.0109676,0.0172889,0.0027244,
0.0485306,0.010071,0.0118006,-0.0301177,0.0304565,0.0155093,0.00983761,0.00346086,
0.00961615,0.0116966,0.0123222,-0.0247287,0.0309063,0.0150791,0.0113258,-0.000736756,
-0.0172939,0.000912019,0.00407727,-0.0336977,0.0403119,0.00904413,0.0217182,0.00550771,
-0.00395272,-0.0193492,0.0115343,-0.059692,0.105021,0.00745225,0.0275699,0.00382813,
0.0576963,-0.00782621,0.0311258,-0.0326066,0.0139064,0.0112219,0.0104862,0.00734317,
-0.0151181,-0.025268,0.0172544,-0.0307948,0.0525614,0.0116476,0.00984969,0.00444561,
0.0483479,0.00995657,0.0388186,-0.0285464,0.0552875,0.0380405,0.0107168,0.00706532,
0.0359937,-0.00658787,0.0409822,-0.0112292,0.0650372,0.010824,0.0234196,0.00768565,
0.0232438,-0.00876802,1.77699e-06,0.000991834,0.0591137,0.00526174,0.0216309,0.00348451,
0.0184009,-0.00296508,0.042095,0.00873102,0.0182075,0.0186137,0.0075006,0.00213079,
0.0338942,0.00613683,0.0555486,0.0214261,0.0217742,0.00956157,0.0142677,0.00103091,
0.0313569,0.00307189,0.014774,0.0154581,0.057408,0.0143192,0.00688571,0.00456606,
0.0466285,0.0251974,0.00248023,0.0290723,0.000551153,0.00115297,0.0130735,0.00349875,
0.0119381,0.0218138,0.0241847,0.0177547,0.0454135,0.0121908,0.00706102,0.00207833,
0.0292586,0.0175361,0.00716495,0.0267631,0.0129761,0.00812888,0.021532,0.000861248,
0.0224777,0.0147102,0.0144821,0.0152729,0.0204783,0.00891329,0.00284449,0.00347135,
0.0306247,0.0116028,0.0108184,0.0091622,0.0134561,0.0137713,0.00937419,0.00515587,
0.0246604,0.0155306,0.0075933,0.00722202,0.0138108,0.0126374,0.0171501,0.00115698,
0.0280732,0.00574111,0.00844759,0.00341228,0.0171085,0.0140266,0.00601977,0.00162647,
0.0334285,0.00383598,0.00171494,0.00123212,0.011962,0.00770157,0.00591957,0.00153378,
0.0224627,0.125089,0.00258026,-0.0028119,0.00893885,0.0046977,0.00585629,0.00187614,
0.0300503,0.127471,0.00137398,0.0583592,0.00836195,0.00690239,0.00468225,0.00147364,
0.0104208,0.253567,0.00454299,0.0649125,0.00640501,0.00268424,0.00556356,-0.000123208,
0.00896689,0.189791,-0.00465071,0.0774265,0.00889667,0.00165355,0.00424872,-9.4547e-05,
0.00388616,0.164717,0.0406042,0.0731378,0.00350651,0.00147641,0.000619532,0.000660729,
0.00336185,0.0795638,0.134302,0.110411,0.00127537,4.23963e-05,0.00137281,0.000571678,
0.000471503,0.328921,0.206907,0.0692312,0.00027341,-0.00168854,-0.0036779,6.66697e-05,
-0.00161752,0.34634,0.0964936,0.0970397,-0.00392178,0.00029483,-0.00250895,-0.00102141,
-0.00545146,0.337781,0.127183,0.108513,-0.00236856,-0.000246074,-0.00415679,-0.00214336,
-0.00415022,0.677736,0.133343,0.19055,-0.00699861,-0.00339478,-0.00103289,0.00035361,
-0.0129558,0.187306,0.351614,0.178521,-0.0061753,-0.00534024,-0.0105627,-0.00213969,
-0.0130643,0.525078,0.415213,0.307997,-0.0113234,-0.00336823,-0.0108679,-0.00381155,
-0.0176548,0.256181,0.0963249,0.316126,-0.0298975,-0.00760863,-0.0105638,-0.0013197,
-0.0307596,0.222665,0.137198,0.129259,-0.0116394,-0.00568108,-0.00659164,-0.00404066,
-0.0192328,-0.00819734,0.427162,0.220089,-0.0168701,-0.0053085,-0.00451937,-0.000740593,
0.441868,0.380004,0.485106,0.403632,-0.0327286,-0.00787092,-0.0109603,0.000987218,
0.391655,0.302293,0.123061,0.304128,-0.0223247,-0.0155424,-0.00572136,-0.00361364,
0.38424,0.551768,0.326571,0.458324,-0.020809,-0.0109899,-0.00847582,0.000673874,
0.410122,0.441738,0.79898,0.27464,-0.0300419,-0.0063357,-0.00650416,-0.00483181,
0.472993,0.585169,0.339415,0.386432,-0.0348136,-0.00463318,-0.014015,-0.00141099,
0.535189,0.7891,0.29847,0.469092,-0.0139023,-0.0107139,-0.00995011,-0.00381156,
0.593479,1.08308,0.437765,0.716533,-0.0223931,-0.0140635,-0.0176653,0.00120074,
0.541156,0.818947,0.303378,0.42359,-0.0374439,-0.00925658,-0.0176301,-0.00140524,
0.496876,0.947617,0.440634,0.369098,-0.0281103,-0.0215534,-0.0180416,-0.000384636,
0.535989,0.680641,0.657083,0.229286,-0.0420004,-0.0188254,-0.00542671,-0.00582315,
0.545382,0.546784,0.233306,0.252007,-0.0502685,-0.0117055,-0.0149251,-0.00473362,
0.866376,0.582269,0.434822,0.5318,-0.0568047,-0.0184655,-0.0179064,0.000382052,
0.563703,0.732571,0.358144,0.441631,-0.0264547,-0.0146389,-0.0324798,-0.0171295,
0.691669,0.450418,0.635467,0.961183,-0.0425231,-0.0177396,-0.00362549,-0.0050058,
1.00135,0.425389,0.478976,0.307177,-0.0502601,-0.0138598,-0.0201815,-0.0167502,
0.678005,0.611715,0.715514,0.413271,-0.0346334,-0.00857966,-0.0211481,-0.0108356,
0.866344,0.744482,0.446886,0.270208,-0.0107774,-0.0216059,-0.00462667,0.000480777,
0.589189,0.591917,0.478643,0.342921,-0.0621908,-0.0122011,-0.01485,-0.0064838,
0.832118,1.09843,0.638882,-0.147968,-0.0757651,-0.0328799,-0.0204827,-0.0121795,
0.794538,0.689653,0.448068,0.652444,-0.0507984,-0.0160311,-0.0308381,0.00306791,
1.01684,0.911732,0.622187,0.345603,-0.0654739,-0.00166532,-0.00724682,-0.00923436,
1.02042,0.821461,0.668757,0.502436,-0.0642493,-0.0167695,-0.0169714,-0.012152,
0.804738,0.728378,0.418144,0.317424,-0.0656861,-0.0109453,-0.021444,-0.00571457,
0.728703,0.95948,0.519781,0.259929,-0.0743736,-0.0224782,-0.00176333,-0.00303022,
0.445702,0.438576,0.563179,0.837839,-0.0252161,-0.0277683,-0.0100031,-0.00765667,
0.570209,0.711884,0.873165,0.294056,-0.0418597,-0.0215994,-0.0302813,-0.00671084,
0.6522,0.534053,0.453981,0.671525,-0.0555707,-0.0153858,-0.00905435,-0.0060623,
0.941863,0.939259,0.611551,0.744365,-0.0468888,-0.0106121,-0.0158182,0.00135421,
0.557759,0.711929,0.28176,0.237391,-0.0567078,-0.0271699,-0.0183569,-0.00365403,
0.676206,0.572343,0.735592,0.842582,-0.0292974,-0.0108136,-0.01248,-0.00465555,
0.65927,0.729454,0.420107,0.234387,-0.0585703,-0.0202107,-0.013649,-0.0015801,
0.609694,0.527789,0.511276,0.525673,-0.0471479,-0.0234993,-0.0197358,-0.00765984,
0.478296,0.530396,0.497096,0.462968,-0.028227,-0.0045929,-0.0188852,-0.00813129,
0.520286,0.529178,0.382054,0.267744,-0.0201553,-0.0219502,-0.00831576,-0.0012199,
0.422046,0.596783,0.399784,0.120572,-0.0302894,-0.0180262,-0.0151043,-0.00502117,
0.409501,0.441187,0.460655,0.357444,-0.0519009,-0.0148913,-0.0241751,0.000572303,
0.183919,0.509475,0.275894,0.558385,-0.0300615,-0.0123043,-0.0175765,-0.0088174,
0.212055,0.293557,0.457377,0.560183,-0.0319255,-0.0133628,-0.0192613,-0.0022561,
0.0272603,0.337738,0.290828,0.0704882,-0.016408,-0.00762085,-0.0064537,-0.0100671,
-0.013158,0.372089,0.218218,0.232367,-0.0173611,-0.00721814,-0.0215885,-0.00246964,
0.00807706,0.293558,0.111576,0.334468,-0.0275536,-0.0135407,-0.0172381,-0.0010623,
-0.088737,0.655753,0.104415,0.490549,-0.0215204,-0.00696058,-0.0193453,-0.00257888,
-0.178914,0.185871,0.0771716,0.566828,-0.00636213,-0.00511511,-0.00753921,-0.00317223,
-0.163183,0.15561,0.167732,-0.000248387,-0.0197709,-0.00644265,-0.0113599,-0.00036768,
-0.0915052,0.344742,0.0921513,0.227605,-0.0113206,-0.00465405,-0.00884025,-0.000650483,
-0.122551,0.433555,0.041141,0.101994,-0.0295377,-0.00650505,-0.00397649,-0.00319157,
-0.10161,0.0573916,0.110615,0.0860332,0.00056454,-0.00375711,-0.00461954,0.00012982,
-0.0995275,0.273053,0.00952588,0.208054,-0.0116387,-0.00168147,-0.0126908,-0.00280476,
-0.0794461,0.310415,0.0180831,-0.0188302,-0.00374198,-0.00195451,-0.0116094,0.000118133,
-0.0195254,0.0308985,-0.0245468,-0.100753,-0.00406626,-0.00288198,-0.00767719,-4.09477e-05,
0.049231,0.198913,-0.0412934,-0.108177,0.00136761,-0.000884888,-0.00203758,-0.00024998,
0.0657264,0.112489,-0.0689823,-0.124938,-0.00072638,-0.00021384,-0.000270641,-0.000316059,
0.0174051,0.00249958,-0.0643378,-0.0454939,0.00288446,0.000926534,0.00168275,0.00029387,
0.0630568,-0.0360905,-0.102185,-0.175314,0.00067123,0.00239839,0.00199499,0.000300501,
0.158266,0.0915898,-0.0828129,-0.0830203,0.00882088,0.00310917,0.00434195,0.000837531,
0.100907,0.0228721,-0.0934026,-0.122894,0.00670974,0.00160508,0.00328669,0.00143077,
0.0689279,0.0285679,-0.0511261,-0.0652352,0.00945732,0.00386232,0.00694582,0.00106265,
0.169861,0.0451069,-0.0327835,-0.0445846,0.010348,0.00251731,0.00754188,0.00172112,
0.0718367,0.0508712,-0.0319004,-0.00890767,0.0146374,0.00509011,0.00724108,0.00132211,
0.110056,0.0263753,0.0358421,0.0186799,0.020537,0.00550824,0.00255513,0.00138657,
0.0530335,0.0789737,0.00269705,0.067437,0.0139951,0.010908,0.01285,0.000780445,
-0.0108146,0.0685727,0.0032258,0.114311,0.00403183,0.0157392,0.00355567,0.00244188,
0.0206915,0.107154,0.0352421,0.067932,0.01482,0.00390903,0.00721728,0.00194699,
-0.0664635,-0.0245678,0.0656072,0.138525,0.00219054,0.0208392,0.00307345,0.00256754,
-0.0135507,-0.0289351,0.0725251,0.161023,0.00963346,0.0136006,0.00955583,0.00300066,
-0.0826863,0.00606656,0.041827,0.143358,0.0635513,0.0111354,0.0109815,-0.00114533,
-0.0718824,0.023379,0.0618035,0.117536,0.0264614,0.0122354,0.0138003,0.00487867,
-0.0827172,0.00247234,0.0926863,0.0321,0.0232659,0.0148734,0.0115131,-0.000269346,
-0.134416,-0.009233,0.0180175,0.0221675,0.0609627,0.0227157,0.031141,0.00720536,
-0.0897228,-0.0199712,0.0268465,-0.00382852,0.0218694,0.00802805,0.00147161,0.000901874,
-0.0755856,-0.021065,0.00487496,-0.0228063,0.0120547,0.0240522,0.0116927,0.00254752,
-0.0340816,-0.0535773,0.0425098,-0.0621401,0.0462099,0.00629385,0.0132788,0.00683599,
-0.0156993,-0.00783015,0.0400573,-0.0558541,-0.00796874,0.00560702,0.0136079,0.00105466,
-0.00175717,-0.0259525,0.0566367,-0.0984187,0.0434507,0.0141625,0.0197373,0.00125136,
0.0199051,-0.0670143,0.0352518,-0.131217,0.0908599,0.0194763,0.0354173,0.00216422,
0.0645527,-0.0376965,-0.0189433,-0.0726659,0.0612743,0.00234789,0.0115466,0.00494883,
0.0642863,-0.0423896,-0.0257086,-0.116543,0.121342,0.0173298,0.0284019,0.00431736,
0.0478753,-0.0540875,-0.0526108,-0.0758185,0.0576908,0.0194,0.0100629,0.00547094,
0.0915015,0.00294073,0.00989485,-0.0284274,0.0463242,0.00138995,0.0282372,0.00469357,
0.134862,0.0198363,-0.0204969,-0.00620756,0.0742289,0.00131316,0.0227765,0.0074529,
0.0747132,0.0309686,-0.017987,0.016498,0.0621463,0.0107422,0.00586939,0.00344671,
0.0563383,0.0313798,-0.0151498,0.0278526,0.0527666,0.0243295,0.00759269,0.00713823,
0.114226,0.0467199,-0.0023093,0.0542222,0.0370495,0.0209131,-0.000930332,0.0081406,
0.0804829,0.0495819,0.00456494,0.0631704,0.00984382,0.00703588,0.0022474,0.00350409,
0.0542516,0.0397279,0.0153573,0.0495289,0.0631751,0.00846642,0.0341489,0.00215435,
0.10053,0.0374526,0.0244207,0.10474,0.0297808,0.0167529,0.0309224,0.00895044,
0.0825867,0.031864,0.0148646,0.0698443,0.0627745,0.010673,0.0230567,0.00339472,
0.0718598,0.0302407,0.0318183,0.0683267,-0.00596232,0.00519781,0.0154442,0.00814814,
0.10165,0.0335847,0.0249148,0.0553209,-0.0257297,0.0283839,0.010726,0.00979001,
0.0662462,0.027544,0.0409142,0.022832,0.0927483,0.0138871,0.0159922,0.000964347,
0.0465556,0.00440094,0.0441782,0.00361836,0.0630985,0.00166505,0.0250352,0.00974013,
0.0479664,0.0090833,0.0359921,-0.00902936,0.0510862,0.00395992,0.0271197,0.00418795,
-0.0257238,-0.00145011,0.0253389,-0.0221837,0.048415,0.0108817,0.00830869,0.00500531,
0.0278078,-0.0111672,0.0250876,-0.0291068,0.0463747,0.013853,0.0195787,0.000570736,
0.0401616,-8.30237e-05,0.0422205,-0.0382677,0.0499221,0.0228334,0.0107294,0.00815944,
-0.0319144,-0.0224419,0.00131186,-0.0363072,0.0366705,0.0244255,0.0166645,0.00400369,
0.0492581,-0.0110876,0.0243693,-0.0223861,0.0459548,0.0152036,0.0202843,0.00712142,
-0.0122418,0.0059271,0.0281612,-0.0215812,0.0758936,0.00935624,0.00447148,0.00395419,
0.0320506,0.0137219,0.0373933,-0.0209957,0.0123124,0.014855,0.0206406,0.00661022,
-0.00282558,-0.00263222,0.029072,0.000899511,0.0425189,0.014847,0.00249075,0.00268066,
0.00192683,0.0309568,-0.00446409,-0.00181287,0.0242674,0.00937068,0.0149703,0.00338936,
0.0171225,0.0102547,0.00562963,0.011729,0.033451,0.00429729,0.00825341,0.00113904,
0.00301819,0.0187678,-0.0113665,0.0185637,0.0313349,0.00752159,0.0117881,0.00180545,
0.0228721,0.0407991,0.0162178,0.0147489,0.00202299,0.00466229,0.00542604,-0.000455768,
0.0246667,0.0131375,0.00344729,0.0151183,0.0130887,0.00545558,0.00610968,0.000632715,
0.0404782,0.0243575,0.00887418,0.0110354,0.0169821,0.00678211,0.0119417,0.000857843,
0.0316788,0.0218145,-0.0034755,0.0127236,0.0278464,0.012148,0.00528206,0.00455464,
0.032402,0.0136487,0.00224232,0.0090955,0.0157582,0.012523,0.00508015,0.00260273,
0.0230761,0.128852,0.00444517,0.0552693,0.0293285,0.00884418,0.0126449,0.00255243,
0.0201651,0.238627,0.00201007,0.0656932,0.0109713,0.00290772,0.00519751,-0.0010876,
0.0274817,0.151438,0.0040273,0.08474,0.0105556,0.00279244,0.00691114,0.00166446,
0.0206245,0.0325293,0.00546157,0.0497983,0.0178824,0.00236206,0.00614467,0.00148646,
0.0183052,0.168055,0.126313,0.0231792,0.011239,0.00240946,0.00290971,-0.000111572,
0.0197719,0.131758,0.123459,0.0677572,0.00794442,0.00238521,0.00455895,0.000281204,
0.0102105,0.0949678,0.107801,0.105167,0.00626263,0.00160996,0.00223154,0.000205748,
0.0050075,0.261617,0.0634561,0.131618,0.00176363,0.000527684,0.00138914,0.000164255,
0.00500504,0.317794,0.179735,0.0621571,0.0017616,-0.00115267,-0.000824507,0.000202909,
0.0015766,0.273789,0.265014,-0.015084,-0.00196615,-0.00177464,-0.00203168,-0.000329611,
-0.00341805,0.383609,0.171838,0.0395876,-0.00253915,1.31891e-06,-0.00173398,-0.00218825,
-0.004463,0.340508,0.0649314,0.0250791,-0.00564611,-0.00287204,-0.00569312,-3.47579e-05,
-0.0130706,0.39976,0.150383,0.123199,-0.0056832,-0.00393782,-0.00983663,0.000476804,
-0.0101139,0.777258,0.0923154,0.155542,-0.01487,-0.0124166,-0.0110735,-0.0011888,
0.4073,0.562015,0.309703,0.461072,-0.0101295,-0.000759625,-0.00613248,-0.00164508,
0.63583,0.297856,0.3624,0.211548,-0.0106597,-0.00260879,-0.00985428,0.00158035,
0.310369,0.708711,0.379724,0.12835,-0.00907498,-0.00697453,-0.00920011,-0.00242136,
0.602463,0.354096,0.322385,0.0023189,-0.0339967,-0.000256007,-0.0188257,-0.00652314,
0.537306,0.523543,0.329635,0.237963,-0.019432,-0.0034725,-0.016149,-0.00310554,
0.294847,0.486701,0.182152,0.137963,-0.0211922,-0.00654219,-0.00379369,-0.00448231,
0.644111,0.97556,0.831981,0.166881,-0.0223468,-0.00501269,-0.0111373,-0.00395025,
0.510186,0.594894,0.582733,0.421897,-0.037583,-0.0129019,-0.0273895,-0.00185883,
0.71206,0.73216,0.364101,0.0150131,-0.0537983,-0.008917,-0.0286978,-0.00759918,
0.882947,0.518462,0.532168,0.496022,-0.0276348,-0.00576023,-0.00970074,0.00055436,
0.783641,1.01634,0.433801,0.369869,-0.0440095,-0.0186432,-0.0330828,-0.00558498,
0.731749,0.42339,0.409091,0.352037,-0.0196906,-0.0114942,-0.0375467,-0.00931767,
0.316356,0.683275,0.79001,0.254729,-0.0456553,-0.00366613,-0.0208868,0.00538493,
0.914504,0.883134,1.00804,0.56693,-0.048875,-0.0123069,-0.0136998,0.0030949,
0.940895,1.2126,0.441755,0.183367,-0.0817837,-0.00986543,-0.00949353,-0.00252822,
0.823786,0.798476,0.398287,0.714963,-0.0425882,-0.0235225,-0.0404425,-0.00050351,
1.06481,0.463366,0.593335,0.530832,-0.0484763,-0.0189588,-0.0228282,0.00274362,
0.492339,0.706478,0.567508,0.0381767,-0.0806548,-0.0176966,-0.0494404,0.000809929,
0.931708,0.811519,0.573122,0.470022,-0.0349967,-0.0341928,-0.0114162,-0.0136205,
0.928095,0.519258,0.415308,0.819346,-0.04352,-0.0265021,-0.0256038,-0.00370338,
0.5154,0.776013,0.214913,0.598641,-0.033623,-0.00734285,-0.0272156,-0.00331063,
1.09252,0.821207,0.334201,0.29528,-0.0766936,-0.0133266,-0.00751232,-0.00346939,
0.759613,1.0374,0.47149,0.539186,-0.0293961,-0.024671,-0.014553,-0.0037314,
0.875622,0.821865,0.403006,0.19159,-0.0548858,-0.0139414,-0.0327186,0.00355515,
0.771384,0.610919,0.359437,0.470338,-0.0423436,-0.0229711,-0.0143737,-0.00548622,
0.727369,0.482119,0.496819,0.264042,-0.0144978,-0.0124029,-0.0277204,0.00081547,
0.620281,1.02358,0.647141,0.227575,-0.0467746,-0.0179876,-0.0104998,-0.00512128,
0.833555,0.744356,0.410804,0.31964,-0.0863035,-0.0259256,-0.0113182,-0.00147333,
0.486737,0.958189,0.808255,0.49525,-0.0398563,-0.0130141,-0.00640853,-0.00271265,
0.526676,1.01544,0.384898,0.378468,-0.0427551,-0.0233935,-0.0370616,-0.00203262,
0.564149,1.17443,0.444202,0.358406,-0.0342239,-0.0133124,-0.0215343,-0.0198547,
0.504349,0.641831,0.378687,0.541535,-0.0849576,-0.0155349,-0.0275303,-0.0138106,
0.616325,0.619116,0.567169,0.238164,-0.0174588,-0.00816419,-0.0146224,-0.00209515,
0.417251,0.750719,0.466242,0.958311,-0.056957,-0.00967545,-0.00399477,0.00211032,
0.66143,0.464052,0.461089,0.546736,-0.0527122,-0.0141585,-0.0212116,-0.00115569,
0.55307,0.766725,0.226168,0.591945,-0.0681898,-0.00600779,-0.0101552,0.00218108,
0.383383,1.01679,0.352634,0.854435,-0.0330024,-0.0206592,-0.0129792,-0.000215418,
0.42579,0.592008,0.537182,0.747116,-0.0415336,-0.0223604,-0.0105782,-0.0156063,
0.599292,0.369991,0.166089,-0.0605597,-0.03505,-0.00331739,-0.0122716,-0.00841608,
0.248247,0.408872,0.186688,0.398737,-0.030444,-0.0111852,-0.00565877,0.00336036,
0.194079,0.458221,0.486744,0.118134,-0.0224597,-0.0257979,-0.0140476,-0.00041786,
0.263328,0.380065,0.123033,0.431471,-0.0302188,-0.00597772,-0.0329595,-0.00786085,
0.394879,0.29157,0.284199,0.736022,-0.0273614,-0.0123489,-0.00720954,-0.00510186,
0.0270562,0.271535,0.296375,0.318034,-0.0263973,-0.0166706,-0.0129183,-0.00471152,
-0.0436117,0.398047,0.148409,-0.0204341,-0.0351095,-0.0195214,-0.0155799,0.000426064,
-0.0899287,0.354296,0.250738,0.197735,-0.0270078,-0.00615125,-0.0062695,-0.00203889,
-0.0152746,0.331537,0.105292,0.524079,-0.0193959,-0.0171042,-0.00557061,-0.00457896,
-0.0746807,0.333689,0.0450145,0.181966,-0.0167526,-0.00273551,-0.00514776,-0.00116632,
-0.171728,0.193622,0.165281,0.130046,-0.020296,-0.00487449,-0.0116757,-0.0022552,
-0.228376,0.336365,0.0754211,0.132023,-0.00991677,-0.00923316,-0.00998246,-0.00140961,
-0.1048,0.116124,0.179436,0.026487,-0.0105804,-0.00536287,-0.00257151,-0.000417226,
-0.0510708,0.154998,0.065417,0.12799,-0.000718723,-0.00927203,-0.00407837,0.000686456,
-0.110754,0.115542,0.0476484,0.00141545,-0.0134105,-0.00495706,-0.00504554,0.000442641,
-0.0663445,0.157021,0.0783956,0.186168,-0.00099203,-0.00221596,-0.00297359,0.000365522,
-0.0819721,0.0281324,-0.0318459,-0.226181,0.00149368,0.000301476,-0.00283532,-0.000756029,
0.00749442,-0.148499,0.0174652,-0.151413,0.00286935,0.00156145,0.0010906,-0.000150587,
0.0430819,0.0165069,0.00483626,-0.241809,0.00576624,0.00196614,0.00110878,0.0001087,
0.100524,0.00806142,-0.0506953,-0.218863,0.0104409,0.00122498,0.00346863,0.000373675,
0.130704,-0.0491148,-0.0278708,-0.205051,0.0124277,0.00227723,0.00180773,-0.000488703,
0.108155,-0.042732,-0.052217,-0.0189217,0.00553703,0.00346955,0.00461578,0.00146789,
0.116312,-0.162935,-0.0388926,-0.121245,0.0111886,0.00681418,0.00758114,0.00145137,
0.119966,-0.00246533,-0.0568786,-0.10549,0.00616349,0.00586558,0.00930361,0.000956023,
0.207499,0.0266851,-0.0316745,-0.0602046,0.0126363,0.0112615,0.00853732,0.000565885,
0.135441,-0.0208694,-0.0168569,-0.0116379,0.0174082,0.0132785,0.00512245,0.00251089,
0.173865,-0.00632716,0.0110672,0.0280917,0.0272753,0.00652185,0.00847265,0.00371952,
0.0842065,0.0177569,0.00377718,0.0907824,0.0118749,0.00797166,0.0053891,0.00171177,
0.0320966,0.0293778,0.0345385,0.0652749,0.0194786,0.00419408,0.0126255,-0.000287516,
0.0807842,0.0956015,0.0871827,0.130396,0.0334336,0.01733,0.0112357,0.00201004,
0.0151214,0.0659394,0.0491194,0.154434,0.0150439,0.0078586,0.0147573,0.00329434,
-0.0818496,0.153765,0.0283001,0.0917354,0.0308199,0.0103945,0.0143492,0.00162319,
-0.053578,0.144578,0.0768542,0.115975,0.0379011,0.0136729,0.0181435,0.00208858,
-0.0596333,0.0977719,0.045326,0.0913155,0.0450375,0.00792698,0.00379044,0.00593014,
-0.114802,0.0309112,0.0496105,0.102008,0.0251431,0.015404,0.0273659,0.00416731,
-0.0170107,0.0334232,0.0396694,0.0285133,0.043427,0.0295709,0.00960244,0.00302265,
0.00543974,0.0232045,0.0381718,0.00267021,0.11387,0.0116193,0.0134202,0.00266848,
-0.112492,0.0183501,0.0171258,-0.0301252,0.057452,0.0199332,0.0171644,0.0014257,
-0.031853,0.00206289,0.0460129,-0.0586144,0.0475772,0.00949103,0.0152194,0.00265558,
-0.00380913,-0.015211,0.0170972,-0.0788812,0.017586,0.00822745,0.0123765,0.00487048,
-0.0120904,-0.00143679,0.0372675,-0.1389,0.0143373,0.0179071,0.00913346,0.00221831,
0.00987811,-0.0327781,0.0147681,-0.0558188,0.0512228,0.00793357,0.0150767,0.00788927,
0.0415329,-0.0213574,0.0980996,-0.105057,0.0517722,0.0185324,0.00999121,0.0119853,
0.0302733,-0.00793599,0.0120174,-0.0649246,0.0270974,0.00992819,0.0114941,0.00527859,
0.0444722,-0.0422185,-0.00192574,-0.0917857,0.0144249,0.0236382,-0.00437199,0.00774766,
0.0924927,-0.0316661,-0.0264487,-0.0331527,0.0648374,0.0191264,0.0190051,0.00472326,
0.117033,-0.0580922,-0.00205773,-0.00940861,0.0302793,0.0169982,0.0177371,0.00638932,
