-3.43147e-30,3.06814e-41,3.06814e-41,-15.8977,-11.5484,0.520419,4.98636,-18.1438,
0.00312519,0.000676812,-0.00051279,0.000650662,-0.00438238,-0.00101805,0.000181779,-0.00167884,
0.0109647,0.00138339,-6.06813e-05,0.00338754,8.00974e-05,-0.00190273,-0.000546286,-0.00499256,
0.00413515,0.00294429,0.00047159,0.0061958,-0.0223613,-0.00286325,-0.00018569,-0.00635159,
0.0306186,0.00573828,0.000757279,0.01184,-0.030093,-0.00657759,0.000303868,-0.0136382,
0.00768927,0.00497866,0.0014855,0.0122986,-0.0327981,-0.00551563,-0.00297286,-0.018668,
0.0568787,0.00735788,-2.00002e-06,0.0185271,-0.0035979,-0.00914453,0.000137382,-0.0150103,
0.110986,0.0148688,0.00199131,0.0246565,-0.0763423,-0.00840367,-0.00174754,-0.0344887,
0.081157,0.00961343,0.00313039,0.0267846,-0.0765981,-0.014548,-0.00384931,-0.0272259,
0.104182,0.0142723,-0.00250713,0.0265022,-0.0317325,-0.0150591,0.00380672,-0.0268228,
0.0414874,0.0157651,0.00312826,0.0390004,-0.0993625,-0.0158289,-0.00649877,-0.0287333,
-0.00705337,0.0143164,0.00434451,0.0249014,-0.105696,-0.015457,-0.0043505,-0.0328174,
0.0998618,0.0156686,-0.00110026,0.0213204,-0.0599901,-0.0164767,-0.00613656,-0.0334111,
0.0172753,0.0138909,0.00199078,0.020659,-0.0939263,-0.0139456,0.00191543,-0.0238689,
0.1012,0.0136499,0.0034257,0.0191896,0.00950528,-0.0118074,-0.00577034,-0.0215189,
0.0398747,0.013882,0.00538931,0.0180866,-0.106828,-0.0131531,-0.00189308,-0.0141169,
0.0816202,0.0100891,0.00538639,0.0120624,0.0170498,-0.0122237,-0.00163843,-0.0168578,
0.0332324,0.0153689,0.00580446,0.00899335,-0.084168,-0.013149,-0.00593343,-0.00837039,
0.0677215,0.0113707,0.00801361,0.0060796,-0.0796978,-0.0121166,-0.0060682,-0.00695088,
0.0576153,0.00929884,0.00790393,0.00411238,-0.00706358,-0.00636318,-0.00613975,-0.00402495,
0.0223076,0.00536944,0.00494242,0.00186264,-0.0339635,-0.00881462,-0.00632927,-0.00153288,
0.0187174,0.00722918,0.0102998,0.000756562,-0.0368084,-0.00627015,-0.00678477,-0.000500764,
0.0151907,0.00590374,0.00628659,-0.000653197,-0.00862165,-0.00476788,-0.0077798,0.000317014,
0.00882535,0.0037384,0.00648882,-0.000417439,-0.0116425,-0.00362114,-0.00719442,0.000455328,
0.00181714,0.00296281,0.0085752,0.000454359,-0.0105935,-0.00373072,-0.00644673,-0.000553161,
0.00624678,0.00293908,0.00609704,0.000968273,-0.00426072,-0.00139327,-0.00815347,-0.000606354,
-0.000226745,0.00649567,0.00656406,0.00270516,-0.000526378,-0.00324038,-0.00887884,-0.00297019,
-0.00613813,0.00650085,0.00756011,0.00371409,9.81945e-05,-0.00608305,-0.00604317,-0.00424936,
-0.00047004,0.00326402,0.00499653,0.00592926,0.00365646,-0.00523858,-0.00726409,-0.00545697,
0.0028164,0.0037271,0.00307323,0.00429066,-0.00878401,-0.00775892,-0.00393481,-0.0050422,
-0.00885148,0.00452834,0.00424399,0.00728119,-0.00390456,-0.00700891,-0.00554542,-0.00712177,
-0.00146063,0.00735815,0.00369208,0.00650851,-0.0104114,-0.00535169,-0.00311341,-0.00561316,
-0.00649392,0.00597561,0.0102581,0.00693453,-0.010412,-0.00728169,-0.00549922,-0.00480761,
0.0115969,0.00915199,0.00299969,0.00351853,0.00514833,-0.00624663,-0.00569278,-0.0050491,
0.00103075,0.00822046,0.00638557,0.00364105,0.00344171,-0.00839362,-0.0076861,-0.00374589,
0.0143988,0.00462987,0.00597339,0.00191749,0.00276092,-0.00502497,-0.00572442,-0.00352103,
0.00314321,0.00744412,0.00234039,0.000168043,-0.00898158,-0.00993099,-0.00659055,-0.00112598,
0.00212912,0.00760903,0.00510588,-0.0017567,-0.00988533,-0.00834133,-0.00571045,0.00124255,
0.0161284,0.00589654,0.0102763,-0.00253173,-0.0159721,-0.00585846,-0.00465701,0.00288894,
-0.00558663,0.00408869,0.00222297,-0.00508407,-0.0204891,-0.005567,-0.00225341,0.00540788,
0.0147586,0.00134618,0.00579592,-0.00705303,-0.00950925,-0.00626374,-0.00808003,0.00716386,
-0.017877,-0.000727983,0.00193253,-0.010313,-0.00352015,-0.00367042,-0.000238777,0.0069637,
-0.0260339,-0.00351488,0.00302763,-0.0100029,0.0166828,-0.00691371,-0.00224996,0.0105667,
-0.0145483,0.00263701,0.000928819,-0.0091504,0.0190719,0.00848704,-0.00162077,0.0111096,
-0.00715575,-0.0139963,-0.0040343,-0.0099501,-0.00959378,-0.00778254,0.000880001,0.00941294,
-0.0135914,-0.00153046,0.0014823,-0.00264084,0.0430296,0.00239351,0.00655613,0.00996071,
-0.00568116,-0.00550332,-0.00228281,-0.00800266,0.0126535,0.0126435,0.00045391,0.0119674,
-0.0317212,0.0100208,-0.00043316,-0.0139192,0.0474223,0.0338221,0.00539246,0.0222112,
-0.0460823,0.00156507,-0.00382804,-0.0110272,0.0567116,0.00644788,0.00679135,0.00837918,
-0.0814906,0.022568,-0.00890332,-0.0178055,-0.0193189,0.0234911,0.000748155,0.0122843,
-0.106337,0.00893276,-0.00800668,-0.0416571,0.0473611,0.0110043,0.00690922,0.0116079,
-0.0338734,0.0869749,-0.00072263,0.0462575,0.0584146,0.0274565,0.00450918,0.00946429,
-0.110259,0.0648125,-0.00380088,0.0797467,0.035406,0.00936822,0.0155243,0.0152485,
-0.119567,0.117928,-0.018224,0.114062,0.0655086,0.0316465,0.0182017,0.00629968,
-0.0204687,0.10702,-0.00941284,0.0682641,0.0106178,0.00829969,0.0160876,0.00944063,
-0.0559316,0.069813,-0.0117682,0.104597,0.0773864,0.0243883,0.0196758,0.017008,
-0.0561068,0.132816,-0.0154075,0.0722266,0.0333377,0.00792562,0.00322471,0.0204365,
-0.0391879,0.105791,-0.0211956,0.159244,0.0736785,0.0194808,0.0203266,0.0099013,
-0.124408,0.248032,-0.00721608,0.131775,-0.00540984,0.0191921,0.0238875,0.019373,
-0.136044,0.12796,-0.01914,0.124756,0.0193429,0.0415034,0.0148031,0.0269446,
0.028288,0.0760889,-0.011464,0.207817,0.0625511,0.0334307,0.0128102,0.0185018,
-0.0403707,0.0658624,-0.00377582,0.19031,0.0499104,0.00772368,0.0157013,0.0157496,
0.00479915,0.243373,-0.0129234,0.194727,0.0772263,0.0243645,0.00404702,0.025459,
-0.0743541,0.169732,-0.00905385,0.231977,0.016867,-0.00108773,0.0156077,0.0135711,
-0.118362,0.148523,-0.00848814,0.267988,0.0405991,0.00533208,0.0227482,0.0165203,
-0.0784189,0.0939495,-0.0157079,0.167964,0.0614909,0.0119823,0.00851442,0.024467,
0.0188459,0.273081,-0.0114898,0.170106,0.0839057,0.0198732,0.0120722,0.00685145,
-0.0472371,0.0994028,-0.0112162,0.115604,0.00250874,0.0252276,0.0198223,0.0101084,
-0.0791694,0.258095,-0.014168,0.0929189,0.0582847,0.0194222,0.0153697,0.0143769,
-0.0305935,0.069608,-0.0326645,0.00686139,0.0269356,0.010743,0.012965,0.0197946,
-0.0599119,-0.0609834,-0.0115927,0.0491452,0.0903577,0.0273995,0.0114578,0.0169512,
-0.0476824,0.129773,-0.0145148,-0.0640221,0.0567159,0.0232863,0.00895402,0.0163821,
-0.107565,0.0444512,-0.00225548,0.00350364,0.0298526,0.0381422,0.012743,0.0163228,
0.0289827,0.00965405,-0.0127319,0.00061699,0.085783,0.0147591,0.0119911,0.023309,
-0.12187,-0.030981,-0.0259422,-0.0468444,0.0594533,0.00150239,0.0108742,0.0251751,
-0.0496096,-0.00982753,-0.0409277,-0.0964833,0.0488075,0.0127346,0.00941513,0.0105266,
-0.113185,-0.0629951,-0.0284939,-0.083428,-0.0167498,0.0157221,0.00825708,0.00971385,
-0.00952037,-0.0419978,-0.0197054,-0.1155,0.068901,0.0178427,0.00456563,0.0130204,
-0.040193,-0.0495314,-0.00445597,-0.0869964,0.0454974,0.019781,0.00704678,0.00764065,
-0.0185837,-0.112951,-0.0107481,-0.0410348,0.0451445,0.00352977,-0.00113136,0.0115471,
-0.0220859,-0.0382124,-0.00317503,-0.0795749,0.0781971,0.00486209,0.00488803,0.00830542,
0.00512544,-0.06593,-0.0025867,-0.061695,0.0250553,0.00616886,0.0072615,0.0181792,
0.0096789,-0.0623178,0.00425778,-0.00210994,0.01274,0.00514262,0.00196787,0.0105185,
0.00440191,-0.00247847,0.00674783,-0.00989349,0.0270899,0.00262346,-0.00315619,0.00946167,
0.0107039,-0.0304909,0.00673408,-0.0147073,0.0270041,-0.00239635,0.00379709,0.00397804,
-0.0627833,-0.0611869,0.00672855,0.018275,0.0620821,2.57208e-05,-0.002098,0.00910843,
-0.0470163,-0.0184354,0.0120975,0.0314203,-0.0279101,0.00990989,-0.00635522,0.00588744,
-0.00666331,-5.11594e-05,0.00862734,0.0156646,0.0263291,-0.00413828,-0.00551284,0.00257503,
-0.0359072,0.0411996,0.0137604,0.045915,0.0262465,0.00141863,-0.00311901,0.00296105,
0.0200201,0.0171097,0.0176998,0.0384269,0.00176168,-0.00776966,-0.000561652,0.00324483,
0.00963219,0.0340966,0.0105089,0.0273941,0.00631484,-0.00209883,-0.00182038,0.0025109,
-0.003545,0.0241784,0.0154819,0.0302801,-0.00215031,-0.00933698,-0.00659626,0.00193676,
-0.00253903,0.0255208,0.00625645,0.00813676,-0.0110135,-0.00276462,-0.00525475,0.00095181,
-0.00253693,0.0383344,0.00795148,0.0099223,-0.0119372,-0.00854397,-0.0097893,0.000287373,
0.00994036,0.0265148,0.00794751,-0.0117587,-0.0116923,-0.0127208,-0.00641287,0.00034892,
0.00704801,0.0255081,0.0057538,-0.0100658,-0.00801907,-0.00506977,-0.00628509,-0.000255898,
0.011532,0.0203949,0.00608436,-0.0107148,-0.0150781,-0.00580387,-0.011456,-0.00245988,
0.0287243,0.0199526,0.0041986,-0.0208171,-0.0118493,-0.00614217,-0.00834514,-0.0022762,
0.0112506,0.0208468,0.00657958,-0.0126163,-0.0169132,-0.00863273,-0.00745539,-0.00405978,
0.0112022,0.000812506,0.00806077,-0.0110189,-0.0202614,-0.00657241,-0.00695213,-0.00368512,
0.00105801,-0.0096721,0.00617171,-0.0141829,-0.0371477,-0.00626198,-0.00727075,-0.00540989,
0.0202969,0.00177687,0.00250176,-0.0103244,-0.0182651,-0.0080645,-0.0116834,-0.00565929,
0.0154962,-0.000862047,0.00330549,-0.00573214,-0.0255056,-0.00880655,-0.00744112,-0.00758602,
0.0444694,-0.000785846,0.00409771,-0.000616123,-0.00715805,-0.00738578,-0.00612307,-0.00799231,
0.0277868,-0.00574799,0.00370408,0.0053514,-0.0118493,-0.0095136,-0.00622289,-0.0106612,
0.0308461,-0.00380258,0.00486934,0.00694659,-0.0229696,-0.00666888,-0.00645963,-0.00965386,
0.00869444,-0.0043046,0.00589934,0.0088999,-0.0266969,-0.00780239,-0.00742679,-0.00708919,
0.0375572,0.00291608,0.00481929,0.00596071,-0.0262103,-0.00809842,-0.00616606,-0.0081474,
0.00587234,-0.00222267,0.00600705,0.0305819,0.0127493,-0.0109028,-0.00626477,-0.00936808,
-0.00492906,0.000669437,0.00532095,0.0196473,-0.00802544,-0.00910287,-0.00788242,-0.013357,
0.0138029,0.00562278,0.00735421,0.0284038,-0.0481666,-0.0105473,-0.00254795,-0.012178,
0.0378566,0.0102285,0.00492441,0.0195863,-0.0282454,-0.012391,-0.00246708,-0.0131758,
0.0276394,0.00548716,0.0049125,0.0200166,-0.0465438,-0.00757936,-0.00355231,-0.0132967,
0.0511032,0.00604698,0.0051515,0.0206371,-0.0276475,-0.00861823,-0.00343613,-0.0127339,
0.00446095,0.0160952,0.00499512,0.0206217,-0.0683109,-0.00805089,-0.00178108,-0.0155312,
-0.00727004,0.0154584,0.00440168,0.0185451,-0.0910298,-0.00849584,-0.00254225,-0.0142036,
0.0507729,0.0158375,0.00574287,0.0141884,-0.0381438,-0.0116261,-0.000712832,-0.0179,
0.0550871,0.0149304,0.00279052,0.0164249,-0.0608279,-0.0110218,-0.00155945,-0.0147277,
0.0800138,0.0123292,0.00277059,0.0144632,-0.0455455,-0.0107431,-0.00411657,-0.0172841,
0.0414206,0.0114052,0.00271745,0.0155605,-0.061079,-0.0100525,-0.00295913,-0.0224736,
0.0802062,0.0128242,0.0017207,0.0135778,-0.0723718,-0.0093092,-0.0042038,-0.0252809,
0.00461404,0.0108472,0.00185302,0.0147171,-0.0364394,-0.0102014,0.00119629,-0.0190666,
0.0661906,0.0109066,0.000899697,0.013106,-0.0259625,-0.00898405,-0.00295328,-0.0222003,
0.0722878,0.00674373,0.00159075,0.0247468,-0.0725331,-0.00720267,0.00421569,-0.0194109,
0.0313711,0.00657404,0.00256273,0.0232957,-0.0312449,-0.00855653,-0.00456905,-0.0154595,
0.0493851,0.00686238,-0.00133491,0.0128704,-0.100272,-0.0094832,-0.00170315,-0.0215077,
0.0675023,0.00807029,-0.00640193,0.0151508,-0.0748561,-0.0105754,-0.00297048,-0.0166701,
0.0625273,0.00559214,0.000293033,0.0170358,-0.0924185,-0.00921819,-0.000816423,-0.0159521,
0.129543,0.00648169,0.000324715,0.0171397,-0.0384301,-0.0124163,-0.00280218,-0.0219627,
0.0790838,0.00751762,0.00116584,0.0166874,-0.0700448,-0.00960553,-0.000892378,-0.0155142,
0.036232,0.00528906,-5.14798e-05,0.0171243,-0.0375945,-0.00886715,-0.00334792,-0.0248906,
0.0356882,0.00658067,0.00208369,0.0191047,-0.0395428,-0.00783456,0.00217888,-0.0156503,
0.0216505,0.00589761,0.00130398,0.0238496,-0.0343117,-0.0120532,0.000688276,-0.0149741,
0.0119903,0.00645615,-0.000811744,0.0268857,-0.0506904,-0.0083641,-0.00578358,-0.0184149,
0.0541034,0.00781274,0.00212329,0.0232883,-0.0880519,-0.010806,0.000428786,-0.0160704,
0.0642727,0.00759328,-0.000113093,0.0172971,-0.0769952,-0.00818805,-0.00502601,-0.0128213,
0.0162776,0.00856052,0.00550665,0.0183113,0.00548057,-0.00983986,-0.00511556,-0.0158218,
0.0224351,0.0105187,0.00495344,0.0168729,-0.0287544,-0.00768617,-0.00450247,-0.0131418,
0.0385767,0.00987606,0.00270323,0.0117511,-0.0863577,-0.00923385,-0.00571583,-0.014341,
0.10703,0.00877432,0.00449215,0.0137802,-0.00401623,-0.00954387,-0.0033285,-0.0142203,
0.0704185,0.00993152,0.00489156,0.0129284,0.0242865,-0.00883835,-0.00323807,-0.00722648,
0.023718,0.0104141,0.00736099,0.0115435,-0.0408318,-0.0132051,-0.00423955,-0.0114909,
0.0159718,0.00717839,0.00644515,0.00852643,-0.0239729,-0.00867655,-0.00430643,-0.0113638,
0.0409924,0.00721787,0.00394186,0.0091344,-0.0390883,-0.00933009,-0.00582372,-0.0103495,
0.0140034,0.0103731,0.00914786,0.00733219,-0.0170233,-0.00759731,-0.00818098,-0.0122374,
0.0663534,0.0115275,0.00622349,0.0100009,-0.0488402,-0.00789815,-0.00556226,-0.0100027,
0.0477088,0.00594929,0.00422269,0.0109417,-0.0202535,-0.00881033,-0.00587094,-0.0103659,
0.0242636,0.00823822,0.00723506,0.00649158,-0.0263249,-0.00601582,-0.00617471,-0.00610118,
0.0403809,0.00707557,0.00772788,0.00539614,-0.0489251,-0.00805932,-0.00947552,-0.00624236,
0.0241716,0.00593131,0.00695105,0.00774305,-0.0290535,-0.00664392,-0.00646194,-0.00806238,
0.00334799,0.00847308,0.00851066,0.00604117,0.00589174,-0.00761178,-0.00688377,-0.00622176,
0.0291268,0.00811913,0.00730728,0.00623672,-0.0199497,-0.00508254,-0.00736908,-0.00542271,
0.022118,0.00971306,0.00949949,0.00623926,-0.0133686,-0.00915209,-0.00645761,-0.00381911,
-0.00290206,0.00560789,0.0101197,0.00319685,-0.00090951,-0.008138,-0.00632201,-0.00369202,
0.00810344,0.00744795,0.00507722,0.00278047,-0.0121518,-0.0064644,-0.00600849,-0.00254936,
0.00521179,0.00299718,0.0111526,0.00147938,-0.0122894,-0.00664144,-0.00796773,-0.00201971,
0.00930536,0.0028582,0.00613668,0.00127666,-0.006995,-0.00611427,-0.00398335,-0.00139026,
0.0077383,0.0014292,0.0036348,0.00019948,-0.0109126,-0.00592132,-0.00434693,-0.000761714,
0.00676663,0.00846268,0.0147334,-0.000249794,-0.00678423,-0.00542378,-0.00872462,0.000268777,
-0.00417702,0.00592384,0.00561381,-0.000540226,-0.00632502,-0.00626139,-0.00723964,0.000937818,
-0.0097469,0.00363357,0.00227697,-0.00214439,-0.00595095,-0.00885041,-0.00449883,0.00216483,
0.000467172,0.00713738,0.00523622,-0.00271339,0.0149673,-0.00625285,-0.0104492,0.00181011,
-0.0114598,0.00219885,0.0080137,-0.00154101,0.00340991,-0.00189473,-0.0115516,0.00369779,
-0.000179209,0.00248927,0.00443358,-0.00373451,0.00140566,-0.000688237,-0.00314295,0.00451797,
-0.032444,-0.00489441,0.00804936,-0.00454436,-0.00674792,-0.00125371,-0.00550874,0.00314068,
0.0326421,-0.00780773,0.00611662,-0.00362675,0.00631258,-8.60449e-06,-0.0033956,0.00448204,
-0.0105171,0.00174805,0.00464907,-0.00902365,7.14641e-05,0.00161506,-0.000251952,0.00832756,
-0.0183939,0.000754494,0.00309349,-0.0101543,0.0319941,-0.00212745,-0.00502494,0.00539164,
-0.0180691,0.00152942,0.000490423,-0.00723233,0.03548,-0.000611814,-0.00161007,0.0126833,
0.0344359,0.0113337,0.00184357,-0.00865151,0.0325075,0.000832677,0.00236968,0.00899099,
-0.0512977,0.131862,-0.000805188,0.0794919,0.010151,0.0151972,0.0106358,0.00549841,
-0.0292259,0.0644146,0.00203647,0.072542,0.0727386,0.00195606,0.000922188,0.0117457,
-0.00825112,0.139669,0.00333662,0.16978,0.0419738,0.017766,0.0039018,0.00628754,
0.0235336,-0.00654697,0.00156648,0.0977702,0.0181151,0.00721117,0.00497912,0.008555,
-0.0587476,0.243699,-0.00477981,0.195805,0.0147735,0.00510673,0.00833536,0.0172177,
-0.0505216,0.198904,-0.00411999,0.147225,0.045623,0.0158765,0.00678557,0.00888293,
-0.0407493,0.0944037,0.0218502,0.361549,0.00244877,0.00652268,0.0108437,0.0131081,
-0.0747969,0.280376,0.025692,0.0491432,0.0286346,-0.00204984,0.0114351,0.0189146,
-0.00977571,0.128759,0.039274,0.673384,0.0514504,0.0142808,0.00276672,0.0183096,
-0.0695253,0.338162,0.0483052,0.580179,0.0601747,0.0155058,0.0111261,0.0254611,
-0.0883665,0.253677,0.0397546,0.301188,0.0557126,0.0245089,0.00276303,0.00667595,
-0.0377965,0.183208,0.0308916,0.347116,0.0375967,0.0245748,0.0234937,0.013605,
-0.089672,0.574177,0.0268541,0.324108,0.0862511,0.0222258,0.011146,0.0156473,
0.0317281,0.412885,0.0464429,0.0727375,0.0538662,0.0294328,0.0136543,0.0176155,
-0.0592111,-0.00401884,0.0582646,0.0164597,0.0504532,0.0294851,0.0184518,0.0160791,
0.0182065,0.32206,0.0290341,0.0674458,0.0508353,0.0334233,0.0143436,0.0225005,
-0.0914613,-0.105633,0.0534892,0.173625,-0.00744304,0.0122977,0.00747703,0.0182513,
-0.161869,0.259782,0.0480165,0.25726,0.116442,0.0158914,0.0191032,0.0196818,
-0.0206371,0.186041,0.0328779,0.428943,0.0887882,0.0265503,0.0213916,0.0175599,
-0.0758072,0.235439,0.044511,0.102339,0.0335624,0.0365236,0.0117471,0.0225607,
-0.0592244,0.0377893,0.0650866,0.373708,0.164781,0.0114918,0.00727341,0.0193832,
-0.0688891,0.103623,0.0438149,0.375323,0.0779803,0.0250936,0.0107117,0.0218266,
-0.0693433,0.114036,0.00491631,0.119188,0.0561503,0.0154304,0.0179894,0.0147135,
0.00986689,0.0283691,0.0154517,0.298403,0.0138617,0.0178117,0.0167673,0.0248703,
-0.0302698,-0.0683292,0.0172809,0.444317,0.0493012,0.00913172,0.0125463,0.0241026,
-0.0340029,-0.00466207,0.0101991,0.268306,0.115896,0.0117545,0.0158191,0.0235177,
-0.110061,0.0374822,0.000200345,0.314863,0.0694436,0.017022,0.00949855,0.0138416,
-0.0702761,0.14572,0.018123,-0.245639,0.0662168,0.0204878,0.0125783,0.00970917,
0.0262599,0.221507,-0.00293269,0.228333,0.0070344,0.0385398,0.0116794,0.0128504,
-0.0407255,0.012655,-0.0374942,0.187194,0.0885472,0.00873928,0.011535,0.0144522,
-0.0515998,-0.278399,-0.0343143,-0.0450485,0.0154471,0.00282496,0.022031,0.0125244,
-0.0440161,0.00385873,-0.0296915,-0.0522373,0.0978597,0.0243684,0.0111993,0.0167353,
-0.0692337,-0.0455579,-0.0307496,-0.125224,0.063186,0.00282778,0.0074916,0.0147484,
-0.0253696,-0.0598683,-0.0394874,-0.0407084,0.111683,0.00094639,0.00619106,0.0134528,
-0.0717522,-0.0890083,-0.016117,-0.223155,0.049693,0.000205446,0.00266313,0.0146524,
-0.00639667,-0.185334,-0.0540828,-0.101986,-0.00924649,0.0145196,0.005605,0.00654855,
0.00857598,-0.14044,-0.0321976,-0.220588,0.0258621,0.0138867,0.00132201,0.00739871,
-0.0458679,-0.115131,-0.0310819,-0.172087,0.0122626,-0.000540202,-0.00414136,0.00895556,
-0.0039681,-0.146277,-0.00253054,-0.162785,0.0210276,0.00193125,0.00338717,0.00551358,
-0.0437559,-0.0682481,-0.0209845,-0.0871329,0.013257,0.00251849,0.00529475,0.00784383,
-0.0257844,-0.068282,-0.0191203,-0.0847703,0.0238737,-0.0028654,-0.00387056,0.00454574,
-0.00455523,-0.0501486,-0.00725018,-0.0160844,0.0271322,-0.00194137,-0.00394617,0.00367867,
0.00506494,0.0032114,-0.00611298,0.0173561,0.00707886,-0.00617619,-0.0058958,0.00273431,
0.00917297,0.0156315,-0.00253014,0.0301363,0.0309617,-0.00609085,-0.0118477,0.00518412,
0.0190486,-0.0482449,0.0220391,0.0204173,0.000796538,-0.000524529,-0.00136307,0.00375057,
-0.00227485,0.0450545,0.0327638,0.0371776,-0.016712,-0.00631506,-0.00399089,0.0031262,
0.0192687,0.105894,0.0167428,0.146181,-0.0105468,-0.00400994,-0.00703057,0.000575082,
0.00270609,0.0618135,0.0255413,0.0299086,0.00436977,-0.0063574,-0.00494439,0.000591465,
-0.000651541,0.0378372,0.0237681,0.100509,-0.00464946,-0.00489076,-0.0143715,0.000255991,
0.00511947,0.0551714,0.021612,0.069047,-0.00394091,-0.0106434,-0.00669203,-0.000864787,
0.00755976,0.0581439,0.0321541,0.039953,-0.00686062,-0.00693915,-0.00524215,-0.00139812,
0.00871683,0.0809459,0.0277604,0.0208543,-0.0135471,-0.00899467,-0.00881366,-0.00231175,
0.00768127,0.0410206,0.0211888,0.0129927,-0.018431,-0.00627504,-0.0080007,-0.00333353,
0.00613913,0.025131,0.0167947,0.00712511,-0.00509474,-0.00949285,-0.00779323,-0.00380335,
0.0133367,0.0414117,0.0129696,-0.020524,-0.0163776,-0.00557198,-0.00541261,-0.00480646,
0.00792405,-0.0142192,0.00923114,-0.0372136,-0.0496281,-0.0102586,-0.00712329,-0.00459015,
0.0111828,0.0123854,0.00777002,-0.03538,-0.0114305,-0.011195,-0.00775779,-0.00584901,
-0.00368387,-0.00706971,0.00145989,-0.0202856,-0.0433155,-0.00887616,-0.00682922,-0.00528223,
0.0223243,-0.0223382,0.00170951,-0.0410149,-0.0616122,-0.0116382,-0.0101594,-0.00620635,
-0.00444061,-0.03234,0.000652357,-0.0179593,-0.0322147,-0.0107236,-0.00741243,-0.00714102,
0.0412014,-0.0152283,0.000442317,-0.0081052,0.0146279,-0.00896238,-0.00542149,-0.00859328,
0.00873245,-0.0452449,-0.000247319,-0.00901856,-0.0255143,-0.00983694,-0.00816222,-0.00901755,
0.0462687,-0.0101661,-0.00104147,-2.5447e-05,-0.00658587,-0.0103149,-0.00747356,-0.00998981,
0.0069954,-0.0100825,-0.00156231,0.0080512,-0.0209204,-0.00963053,-0.00712077,-0.0102775,
0.0497428,-0.00757065,-0.00247012,0.0247382,0.00241581,-0.00927445,-0.00666496,-0.0131921,
0.0830391,-0.00196943,-0.000435192,0.0300217,-0.0422537,-0.00771845,-0.00782704,-0.0152286,
0.0523733,0.00366875,-0.00039929,0.0134814,-0.0435318,-0.00691805,-0.00487742,-0.0131896,
0.0545951,0.00621777,0.000453402,0.0255865,-0.00122092,-0.00960226,-0.00607259,-0.0124307,
0.0140305,0.0205828,0.00132969,0.047089,-0.0304071,-0.00743903,-0.00335135,-0.0153331,
0.100284,0.0125668,0.00195953,0.0303697,-0.0198153,-0.00887207,-0.00649653,-0.0151746,
0.0451807,0.0200743,0.00279911,0.0203659,-0.0439331,-0.00834592,-0.00137979,-0.0116146,
0.0332277,0.014434,0.00327002,0.0332472,-0.0482102,-0.00847798,-0.00136258,-0.0146652,
0.00298502,0.0183396,0.00318946,0.0263063,-0.021825,-0.010225,-0.00312355,-0.017504,
0.0639063,0.0153615,0.00900577,0.0216905,0.00466194,-0.00853308,-0.00301065,-0.0172886,
0.0562763,0.0269494,0.00503381,0.0213654,-0.0309025,-0.00921319,-0.00171165,-0.0168542,
0.0449299,0.014392,0.00432443,0.0137844,-0.0864449,-0.0100777,-0.00344143,-0.0176382,
0.0751078,0.0206763,0.00603283,0.0148761,-0.0802934,-0.00830873,-0.00273404,-0.0230402,
0.0783966,0.0137188,0.00312797,0.0141944,-0.0116644,-0.00801743,-0.00409811,-0.0231843,
-0.00292662,0.0102171,0.0052754,0.00595346,-0.019182,-0.00909449,-0.000892577,-0.017018,
0.0252783,0.0121457,-0.00194332,0.00877692,-0.0971961,-0.0102002,0.000842934,-0.0131202,
0.0416071,0.00864787,0.00725653,0.0110116,-0.0127777,-0.00987863,-0.00782962,-0.0241547,
0.0808783,0.00153048,0.000382189,0.0131727,0.0214552,-0.0107006,-0.00271959,-0.027005,
0.0818934,0.00364316,0.00378066,0.0130902,-0.0566726,-0.00953217,-0.00241779,-0.0155904,
-0.0177132,0.00815426,0.000653583,0.0150301,-0.0265778,-0.00660443,-0.00100214,-0.0212086,
0.00307839,0.00247447,0.003155,0.0166009,-0.000372514,-0.00897706,0.0047296,-0.0169701,
0.0185064,0.0015456,0.00508015,0.0177725,-0.0351714,-0.00794112,-0.0021031,-0.0171731,
0.0332104,0.00723765,7.88835e-05,0.0172879,-0.0408749,-0.00735835,-0.00203461,-0.0131899,
0.0517744,0.00503666,0.00122501,0.0139053,-0.078273,-0.0065759,-0.000579731,-0.0176212,
0.0621542,0.00694205,-0.000169267,0.0242968,-0.0624891,-0.00784295,-0.00319799,-0.0147589,
0.00466836,0.00715453,0.00483117,0.02838,-0.0554731,-0.00971942,-0.0031379,-0.0127571,
0.0276936,0.00741942,-0.00217347,0.0163023,-0.0384965,-0.0123406,0.00274956,-0.0153345,
0.0079582,0.00872329,0.00238947,0.0305461,0.0136616,-0.00893056,-0.00268125,-0.0172899,
0.071096,0.0118289,0.00209893,0.0151539,0.00698643,-0.0112627,-0.00197981,-0.0168539,
-0.00328136,0.018304,0.00262832,0.0138559,-0.0258949,-0.00644263,-0.00186788,-0.0147082,
0.0466877,0.0146696,0.00184161,0.0166771,-0.015258,-0.00865325,-0.000887683,-0.014205,
0.0113875,0.0118532,0.00241489,0.0132599,0.015707,-0.0110537,-0.00324,-0.020928,
0.0499582,0.0142911,0.0028143,0.00887395,-0.0402585,-0.00915456,-0.00407231,-0.00957489,
0.02363,0.0136353,0.00352629,0.00677148,-0.0614164,-0.0084409,-0.00290483,-0.0142326,
0.000543505,0.00955838,0.00498521,0.00433017,-0.0658476,-0.00840234,-0.00518436,-0.0110139,
0.0313246,0.0120155,0.00690193,0.00552619,-0.0391432,-0.00871261,-0.00413703,-0.00708467,
0.020821,0.00743837,0.00635644,0.00659526,-0.0480521,-0.00743448,-0.00598673,-0.00678207,
0.0187178,0.00767611,0.0070695,0.0077138,-0.0478935,-0.009431,-0.00604244,-0.00873177,
0.0139203,0.00842832,0.00812562,0.00612635,-0.0104415,-0.00880469,-0.00830463,-0.00757036,
0.0128892,0.00557458,0.00674035,0.00547354,-0.0134381,-0.00663476,-0.00692467,-0.0061556,
0.0247207,0.00940941,0.00633883,0.00824527,-0.0268671,-0.0118269,-0.00839486,-0.00619188,
0.0249187,0.0113176,0.00976823,0.00804177,-0.0145331,-0.00449594,-0.00466961,-0.00598391,
0.01208,0.00521614,0.0104957,0.00758304,-0.0253108,-0.00375657,-0.00782556,-0.00408695,
0.0237706,0.0105061,0.00888546,0.00550699,-0.0125875,-0.00539016,-0.0082077,-0.00454083,
0.00201504,0.00904024,0.00576175,0.00872271,-0.0298406,-0.00742187,-0.0133361,-0.00347575,
0.0125736,0.00624416,0.00722572,0.00795784,-0.0168448,-0.00607975,-0.0100917,-0.00186445,
0.00871276,0.00702519,0.0109004,0.0012943,-0.00308519,-0.00677295,-0.00641842,-0.00141332,
0.00748774,0.0103989,0.00700445,0.00260231,-0.00618979,-0.00650375,-0.0119909,-0.00146907,
0.0044009,0.0102515,0.00618371,0.00123456,-0.00946953,-0.00445676,-0.00511222,2.47113e-05,
0.00353491,0.0106656,0.00802215,0.000472541,0.00153165,-0.00582593,-0.0100088,0.000340934,
0.0133721,0.000231103,0.00899446,-0.000478841,-0.00606579,-0.0066572,-0.00934052,-6.05801e-05,
-0.0027634,0.00916295,0.00370936,-0.00188491,0.000345502,-0.00468077,-0.00760504,0.00129471,
0.00385027,0.0089769,0.0029581,-0.00358075,0.00163904,-0.00256855,-0.00579033,0.00132105,
-0.0229587,0.00257686,0.00468144,-0.00465356,0.0166169,-0.00758658,-0.00543275,0.00177378,
0.0138602,0.00765183,0.00717478,-0.00740958,0.0134678,0.00272295,-0.00755454,0.0028787,
0.0244364,-0.00699485,0.00450096,-0.00435146,0.00643321,0.00426913,-0.00404186,0.0048486,
0.0200603,0.0238185,0.000277054,-0.00406163,-0.00172948,6.03572e-05,-0.00660002,0.00319501,
-0.0253306,0.0962969,-0.00332544,0.116567,-0.0140015,-0.00354937,-0.00385598,0.00918389,
-0.0409626,0.11705,0.00587794,0.104696,0.024345,-0.00440565,0.00287376,0.00555154,
-0.0494571,0.0710791,0.00139586,0.203324,0.00496046,-0.00139055,0.00369762,0.00630767,
-0.0131905,-0.0101072,0.00283349,0.194645,-0.00904275,0.000255109,-0.0028486,0.00868765,
-0.0669706,0.0203755,0.0165055,0.162289,0.0197533,0.00469265,0.00578203,0.00406004,
-0.0412018,0.274635,0.0529339,0.297206,0.0189172,0.00402656,0.0130123,0.0150159,
-0.0827775,0.157667,0.0494936,0.00299856,0.0136651,-0.00226328,0.0092184,0.00783194,
-0.0350249,-0.0904017,0.0396537,0.169741,0.0371636,0.00625875,0.00689525,0.0124918,
-0.00417738,0.267587,0.0436269,0.42504,0.0953137,-0.00196725,0.00865608,0.013818,
-0.0780694,0.183777,0.0206021,0.318695,0.0336658,0.00992683,0.00377795,0.0106313,
-0.044559,-0.0418115,0.0534749,0.0895723,-0.0317975,0.0018727,0.00513675,0.0156113,
-0.0383796,0.0714234,0.0514139,0.483509,-0.00580037,0.0187768,0.00651426,0.0216642,
-0.0556851,0.237135,0.0554742,0.0896447,0.0274557,0.0162856,0.00885617,0.0189645,
-0.0365077,0.679967,0.063508,0.564026,0.0314252,0.0236801,0.00845848,0.0232792,
-0.0304654,0.086567,0.116333,0.543574,0.0846196,0.0197187,0.0181981,0.00900852,
-0.0772664,-0.217675,0.123737,0.915514,0.0695946,0.0272128,0.0179408,0.0273701,
-0.0294252,0.2628,0.171872,-0.605976,0.0522889,0.00740192,0.0127037,0.0139209,
-0.0716041,-0.0641929,0.119253,1.12498,0.0294967,0.00455716,0.023565,0.00942791,
-0.0285952,0.0866878,0.112802,-0.0694883,0.00949581,0.0129331,0.0202572,0.00869979,
0.00105899,0.923471,0.00571608,0.756415,0.0721106,0.0159008,0.00797229,0.0191792,
-0.118063,0.0716034,0.124526,0.559065,-0.0397913,0.0157912,0.0164354,0.0234422,
-0.0350181,0.085861,0.0719439,1.13055,0.0512768,0.00837362,0.0116358,0.0329634,
-0.0337505,0.149166,0.0856042,0.0404674,0.0427005,0.0309452,0.0160592,0.020574,
-0.0404424,0.483902,-0.0113008,0.712984,0.107456,0.0200652,0.00621968,0.0219032,
-0.0206894,0.0515079,0.0735666,0.163435,0.0531221,0.031108,0.00599304,0.0192203,
0.00897351,0.0141023,0.151615,0.576705,0.0752236,0.0149711,0.0154284,0.00904481,
-0.0486693,-0.246978,-0.0796437,0.119382,0.0389411,0.0151883,0.016455,0.0277698,
-0.0316395,0.130019,-0.0376549,0.421288,0.101509,0.0153069,0.0175363,0.0138862,
-0.147593,0.170973,0.0481806,0.0669029,0.115847,0.0263455,0.018588,0.00878544,
-0.0658137,0.222347,0.0104301,0.607472,0.013339,0.016035,0.0214499,0.00921217,
-0.0591919,0.145437,0.0762542,-0.308832,0.0941581,0.0137394,0.00632871,0.0308108,
-0.0469836,-0.0621766,0.00271698,0.156295,-0.0153183,0.0246603,0.00589457,0.0227381,
-0.0471261,0.0621509,-0.0502949,0.575444,0.0371838,0.015284,0.018103,0.0120603,
-0.0445718,0.215171,-0.00343382,0.0375078,0.0575698,0.00464867,0.00957084,0.0158158,
-0.0864577,-0.118663,-0.0474767,0.347229,-0.0228639,0.0114275,0.00945349,0.00873215,
-0.026679,0.0490154,-0.106513,-0.0720719,-0.0182246,0.00899329,0.00938042,0.0107454,
-0.0814166,0.160494,-0.0129956,0.214781,0.0700217,0.00816695,0.000235209,0.0153943,
-0.0644414,-0.11044,-0.0398987,-0.100537,0.0307343,0.0167703,-0.00365747,0.0131008,
-0.0440981,-0.0870707,-0.102414,0.000729889,0.0261596,0.00411837,0.00433395,0.0044359,
-0.0575011,-0.176405,-0.0612599,0.0950806,0.0448795,0.002541,-0.00010803,0.0163238,
-0.0605936,-0.293528,-0.0628376,-0.193047,0.0373463,-0.000880794,0.00457627,0.00771627,
-0.0521331,-0.228207,-0.0649395,-0.249468,-0.0220698,0.00144845,-0.000749713,0.0110297,
-0.0309991,-0.469701,-0.0333059,-0.270926,0.0587307,0.0148596,0.00382531,0.0161635,
-0.02602,-0.396136,-0.0337276,-0.144638,0.0101469,-0.00375477,-0.00215708,0.00699196,
-0.0343264,-0.255797,-0.0260775,-0.130376,0.00114596,0.000740955,-0.0084675,0.00866584,
0.00925533,-0.191212,-0.0195301,-0.158873,0.0236572,0.00199884,-0.00945689,0.00494978,
0.0072534,-0.16222,0.0147324,-0.107012,-0.0294197,8.1149e-05,-0.00898526,0.0042203,
-0.0135444,-0.126793,0.0228202,-0.10178,0.0209615,-0.000826919,-0.00223958,0.00214598,
-0.0157271,-0.0241209,-0.01026,-0.105871,-0.0252204,0.000359569,-0.00848654,0.00256371,
0.01823,0.00348678,0.0578143,-0.0702512,0.0189891,-0.0010985,-0.0050949,0.00196571,
-0.00169699,0.0112908,0.0361249,-0.0451755,-0.00642258,-0.00421855,-0.00921678,0.000842685,
0.0134961,0.143696,0.0254079,0.0088433,0.00639392,-0.00605285,-0.00715815,2.18888e-05,
-0.00134627,0.0126028,0.0216913,0.0593841,-0.00652798,-0.00753782,-0.00616207,-0.000743973,
0.00598479,0.225212,0.0475411,0.111641,-0.00890479,-0.00729208,-0.00956535,-0.00057254,
0.0102618,0.131193,0.0211573,0.075293,-0.0090673,-0.00591743,-0.00709889,-0.00166276,
0.00976411,0.145404,0.024733,0.128236,-0.00897409,-0.00754515,-0.00472558,-0.00210767,
0.00201751,0.111093,0.0261209,0.115605,-0.0170593,-0.00995202,-0.00523316,-0.00188298,
0.00990366,0.128127,0.0157514,0.0807159,-0.0144126,-0.0104956,-0.00705511,-0.00349736,
0.00117752,0.0794484,0.0217898,0.0672182,-0.0161246,-0.00775647,-0.00853661,-0.00477306,
0.0146951,0.0593862,0.0124767,0.0353583,-0.0233959,-0.0101199,-0.0077269,-0.00632879,
0.0485265,0.0280545,0.0144791,0.0231886,-0.0202497,-0.0106024,-0.00695959,-0.00600871,
0.0170431,-0.00586182,4.28539e-05,-0.00286992,-0.0246988,-0.00945161,-0.00559501,-0.00558948,
0.0053407,-0.0360825,0.00371062,-0.0155626,-0.010001,-0.0115197,-0.00664509,-0.00633021,
0.0146247,-0.0272744,-0.0214662,-0.0265703,-0.0226434,-0.011743,-0.00744785,-0.00609834,
0.0215269,-0.033534,-0.00478369,0.00434964,-0.0648178,-0.00768287,-0.0068743,-0.0107155,
0.0737201,-0.0326701,-0.0190857,-0.0478207,-0.0267737,-0.00886288,-0.00646809,-0.0085738,
0.0225671,-0.0524702,-0.0143337,-0.0237402,-0.0453663,-0.0065807,-0.00571327,-0.010939,
0.0435846,-0.0292271,-0.0122358,-0.0301096,-0.0142508,-0.00843205,-0.00606529,-0.00934696,
0.0119029,-0.0328325,-0.00870264,-0.0254561,-0.0324578,-0.0108492,-0.00361569,-0.00859447,
0.061726,-0.0467419,-0.00267592,-0.00901722,-0.0229281,-0.00705997,-0.00251772,-0.0113982,
0.0329168,-0.0250109,-0.00308433,0.00295396,-0.0247367,-0.0075924,-0.00484288,-0.0125969,
0.0422674,-0.0109421,0.000203352,0.00646984,-0.0317682,-0.00751924,-0.00555772,-0.0169802,
0.0380129,0.00144924,0.00135214,0.0204804,-0.0325273,-0.00921924,-0.0046768,-0.0168464,
-0.0123101,0.00654431,0.0037372,0.020376,-0.0413622,-0.0103435,-0.00447861,-0.0130767,
0.0917698,0.0172667,0.00626009,0.0475765,-0.0287377,-0.00716865,-0.00159606,-0.0166016,
0.0177055,0.0170386,0.00667456,0.0714015,-0.0193678,-0.0109193,0.0031758,-0.0216028,
0.0427129,0.0482211,0.0112761,0.0688778,-0.0415366,-0.00861926,-0.00350074,-0.0141521,
-0.00186207,0.0192651,0.0081898,0.0379165,-0.025006,-0.0107324,-0.0032232,-0.0207274,
0.0773544,0.0430414,0.00535105,0.0523957,-0.0773139,-0.00762039,-0.00295337,-0.0144411,
-0.0246917,0.0353174,0.00618425,0.0327931,-0.0238162,-0.00710181,0.000734876,-0.021993,
0.0443288,0.0266011,0.00571929,0.0392366,-0.0850541,-0.0090485,0.000647726,-0.0237569,
0.0682951,0.0288409,0.00250667,0.0267688,-0.05259,-0.0082746,-0.00302984,-0.0185861,
0.0337653,0.0284994,0.00662133,0.0203904,-0.0113436,-0.0101215,-0.00312866,-0.0193582,
0.0629768,0.0145123,-0.00169276,0.017541,-0.00906771,-0.00942362,-0.00439719,-0.016613,
0.057041,0.0111147,0.00427128,0.0115125,-0.0335969,-0.00984016,-0.00337197,-0.0193173,
0.0324696,0.0162342,0.00613685,0.00606821,-0.0534016,-0.0106548,-0.00204748,-0.0254597,
0.0666156,-0.00943273,0.00389931,0.0128032,-0.03763,-0.0102355,-0.00504685,-0.0255161,
0.0546849,0.0098685,0.000849757,-0.00529172,-0.0298903,-0.0110926,0.000324808,-0.0166965,
0.0328665,-0.0366003,-0.00458685,0.00629555,-0.0612513,-0.00944965,-0.00130578,-0.0149952,
0.0763782,-0.00847048,-0.00202921,0.00972534,-0.00331253,-0.00984605,-0.00376966,-0.0139884,
0.0319626,-0.0132886,0.00166121,0.0101759,-0.0692336,-0.00780601,-0.00185463,-0.0224564,
0.0430729,-0.00849993,-0.00211783,0.0115576,-0.0596298,-0.00586694,8.04784e-05,-0.0172304,
0.102699,-0.0138676,0.00397538,0.0168284,-0.0562877,-0.0083883,-0.00373632,-0.0161334,
0.0252409,-0.00612783,0.00349159,0.0195564,-0.0247176,-0.00778578,-0.00218055,-0.017515,
0.00551691,0.000885854,0.00431265,0.0238636,-0.109524,-0.00973122,-0.000711957,-0.0233455,
-0.0191998,0.00806659,0.0019549,0.0144616,-0.0662823,-0.0103738,-0.00173054,-0.0165764,
0.0635893,0.0108928,0.00180008,0.0202376,-0.0397631,-0.00677518,-0.000199687,-0.0133162,
0.00418071,0.0123356,0.00257764,0.0229142,-0.0762398,-0.0100265,-0.00430081,-0.0136308,
0.0175775,0.0205132,0.00411594,0.0205744,-0.00981842,-0.00754993,-0.00377386,-0.0124557,
-0.00334104,0.0189661,0.00476137,0.021327,-0.0298649,-0.0110323,-0.00379276,-0.0165305,
0.0575079,0.0276135,0.00741085,0.0129308,-0.0161747,-0.0092687,-0.00431718,-0.0141416,
0.0691641,0.0172855,0.00667085,0.0166746,-0.0515235,-0.00781003,-0.00384677,-0.00998885,
-0.00775967,0.0198057,0.00744799,0.0115198,-0.0320285,-0.00762937,-0.0051381,-0.00979487,
0.028953,0.0145981,0.0071763,0.00751233,-0.0144556,-0.00832617,-0.00536874,-0.0103784,
0.0370729,0.0119324,0.00605474,0.00548533,0.0131007,-0.0118081,-0.00567233,-0.0111213,
0.0305969,0.0119067,0.00518758,0.0064019,-0.00266767,-0.00962854,-0.00709837,-0.0088074,
0.0594428,0.0114174,0.00548794,0.00501671,-0.0114001,-0.00646167,-0.00627487,-0.00775376,
0.0692377,0.00990747,0.0100982,0.00202958,-0.0243032,-0.00933945,-0.00583152,-0.00745772,
0.013731,0.00693213,0.00610847,-0.00148986,-0.0133937,-0.00962683,-0.00821922,-0.00556266,
0.0131757,0.00448064,0.00725425,0.00068618,-0.0329458,-0.00631133,-0.00729947,-0.00547254,
0.0213808,0.0020992,0.0063674,0.002893,-0.0352457,-0.00826105,-0.00984677,-0.00533796,
0.00248574,0.00389694,0.00742816,0.00133241,-0.0101851,-0.0121659,-0.00894365,-0.00495906,
0.0117612,0.00413844,0.00862814,0.00311672,-0.0210364,-0.00655032,-0.00804893,-0.00300754,
0.00687076,-0.00245225,0.00938052,0.00335402,-0.00870533,-0.00908387,-0.0100765,-0.00358312,
0.00932893,-0.00111884,0.0065462,0.00446525,-0.0123569,-0.00463285,-0.00755006,-0.00241641,
0.00683256,-0.00105914,0.00638632,0.00686915,-0.00730099,-0.00931854,-0.00786503,-0.000885201,
0.0120323,0.00321819,0.00858697,0.00582124,-0.00520958,-0.00568295,-0.00638974,-0.00104298,
0.00509061,0.00589729,0.00840084,0.00134122,-0.00339279,-0.00991333,-0.0111345,6.38895e-05,
-0.00290756,0.00657093,0.00678006,0.00523574,0.00171765,-0.00564364,-0.00935159,0.000816231,
0.00471826,0.00590541,0.00647572,0.00166386,-0.00707072,-0.000611113,-0.00813282,0.00175527,
0.00669848,0.074663,0.0052405,0.000215003,0.0082822,-0.00357908,-0.00471766,0.00153871,
-0.0110701,0.0716479,0.00430373,0.0833626,0.00712781,-0.00126213,-0.00695691,0.00136462,
-0.0404298,-0.0287872,0.00553645,0.15984,0.0258882,-0.00458126,-0.0107097,0.00290931,
0.00617627,0.0669327,0.00529394,0.151509,0.00270034,-0.000278562,-0.0029378,0.00394897,
0.00486253,0.101596,0.00475058,0.174153,-0.0102108,-0.00380625,-0.00390816,0.00803057,
0.0146327,0.210077,0.0234732,0.211738,0.0264543,0.00216894,-0.00535804,0.00693482,
0.00700301,0.172151,0.0270865,0.113695,0.0202332,0.00502001,0.00623218,0.0061674,
-0.0145016,0.053721,0.0545894,0.213312,0.0355489,0.0112941,-0.000432902,0.00923217,
-0.00986843,0.0491126,0.0512225,0.170726,0.0575879,-0.00179869,-0.00403531,0.00556897,
-0.00364488,0.163403,0.0613483,0.410759,0.0546323,0.013365,-0.00614125,0.0063752,
-0.0556292,0.0902719,0.0739338,0.382786,0.0135919,0.01512,0.0061718,0.0146847,
-0.00539365,0.482816,0.101243,0.735471,0.0618909,0.00606713,0.00207201,0.0155646,
-0.00245655,0.460015,0.054946,0.236013,0.0331219,0.00690962,0.00177697,0.0177888,
-0.0344627,0.679285,0.121128,0.48321,0.0431532,0.00318685,0.00405593,0.0105667,
-0.0637921,0.578514,0.141544,0.0785257,0.0278282,0.00231228,0.0101596,0.0169459,
-0.0101016,0.118704,0.132437,0.511989,0.0031062,0.0199754,0.00548763,0.0133167,
-0.0317645,0.360708,-0.0106853,0.643115,0.146733,-0.0069623,0.0112787,0.015441,
-0.0615839,0.209961,0.188444,0.504351,0.0314702,0.0118124,0.0104856,0.00867287,
-0.0471694,0.64912,0.0530419,0.343471,0.133635,0.00441229,0.0131124,0.0272295,
0.0241169,0.318842,0.0882368,1.02468,0.0771135,0.0237741,0.0123544,0.0164862,
-0.0505581,-0.656711,0.0869035,0.211474,0.0628556,0.0112068,0.0134251,0.0067698,
-0.0926357,0.219888,0.0847926,1.08683,0.0959623,0.0359004,0.0111062,0.0201878,
0.102072,0.705417,0.0862648,0.0995705,0.0807868,0.0286222,0.0172904,0.0143102,
0.201078,-1.06036,0.133041,0.904622,0.0935566,0.00143489,0.00631636,0.0311444,
0.0889275,0.265923,0.0716807,-0.293977,0.049286,0.0187053,0.0158158,0.0204412,
0.0249967,0.392852,0.119637,0.556891,0.0554139,0.0226796,0.0189753,0.0291343,
0.0606286,-0.91422,0.109461,0.143264,0.0519142,0.0280709,0.0228725,0.0136985,
0.0727086,-0.593791,0.069902,1.4591,-0.00300264,0.0133776,0.0119714,0.0208672,
-0.0448588,0.262095,0.124153,1.03352,0.147981,0.0330129,0.00102431,0.0248248,
-0.0324288,-0.164599,-0.120916,0.398973,-0.0258629,0.0175457,0.0224541,0.0296018,
-0.00747182,0.386696,0.0281858,1.02355,0.0295227,0.0180098,0.0179452,0.0202395,
-0.0447965,0.32294,0.105238,0.0790809,0.0787385,0.0285903,0.0149094,0.0134622,
-0.0405002,-0.193801,0.194918,0.877334,0.0676284,0.00620747,0.00835851,0.0128533,
-0.051193,0.0273447,-0.0689533,0.743125,0.0833545,0.0153301,0.00315527,0.028183,
-0.0388079,0.111848,0.0757955,0.214377,0.0806912,0.00801485,0.00991805,0.0192128,
-0.0433077,0.0419334,0.0609139,-0.453131,0.00931381,0.010052,0.00412816,0.013448,
-0.0390856,-0.366688,-0.100168,-0.219529,0.129498,0.0170294,0.0131657,0.0153024,
-0.024584,-0.246758,-0.00810445,0.104518,0.0376536,0.026961,0.0108773,0.018254,
-0.245218,0.208134,0.0838173,0.184538,0.0461614,0.0296711,0.00968089,0.0181253,
-0.101956,-0.00893331,-0.0919888,-0.148053,-0.0014645,0.00388022,0.012857,0.0140809,
-0.0910742,-0.265406,-0.0439152,-0.240569,4.02853e-05,0.0202563,0.0111521,0.0111129,
-0.170568,-0.127122,-0.0691565,0.197673,0.0197518,0.0073203,0.0051226,0.0156347,
-0.0539449,-0.254256,-0.0910405,-0.497671,0.0160585,0.00872664,0.00290787,0.0106544,
-0.178709,-0.129507,-0.0653901,0.15661,0.0664554,0.00610451,0.00809397,0.00226005,
0.102273,-0.368663,-0.0705217,0.131217,-0.0460239,-0.00544185,0.00373801,0.00611504,
0.0266635,-0.835484,-0.160875,0.25499,0.0256175,-0.00680885,-0.00216319,0.0102909,
-0.0333745,-0.361115,-0.0773984,-0.458472,0.00779502,0.000849897,0.00402687,0.00842999,
-0.0675252,-0.171651,-0.0836166,-0.123888,0.0311267,2.19774e-05,-0.00687029,0.00364452,
-0.00247236,-0.503493,-0.0933273,-0.0852674,-0.00972138,0.00108815,-0.00493512,0.00415067,
-0.0208763,-0.165555,-0.131573,-0.0983263,0.00790825,0.00330351,-0.00465662,0.00658521,
-0.00448272,-0.372581,-0.0770542,-0.328222,0.0146287,-0.000250317,-0.00730679,0.00601023,
-0.00424769,-0.187858,-0.0494116,-0.184875,0.0260244,-0.00649209,-0.00676801,0.00239796,
0.0136166,-0.186447,-0.0437439,-0.419887,-0.00506146,-0.00551141,-0.00625119,0.00169728,
0.0215894,-0.143557,-0.0127413,-0.383022,-0.0122154,-0.00180346,-0.00263158,0.00385942,
0.0197657,-0.0674421,-0.0100416,-0.276432,-0.00018673,-0.00690975,-0.00916465,0.00265517,
0.0283328,-0.0256818,0.00560682,-0.161256,0.00627612,-0.00934356,-0.00571633,0.00198245,
0.00918193,0.0560594,0.0371735,-0.0925343,-0.00230646,-0.00910346,-0.00597267,0.00109589,
-0.000709936,0.0796236,0.0449642,-0.0267957,-0.0123563,-0.003305,-0.0056222,4.96387e-05,
0.00510503,0.108716,0.0629252,0.0395438,-0.00782713,-0.00683531,-0.00663498,-0.000761501,
0.0137055,0.15144,0.0744608,0.0602955,-0.0104464,-0.00770878,-0.00405869,-0.0019614,
0.0216801,0.180697,0.0627415,-0.00141104,-0.00874303,-0.00599865,-0.00806153,-0.00164282,
0.00633753,0.172873,0.0850013,0.164022,-0.0125709,-0.00668342,-0.0103834,-0.00246055,
0.0209253,0.135092,0.0699678,0.119935,-0.00674313,-0.00939627,-0.0057111,-0.00412965,
-0.00893007,0.0996549,0.0469734,0.226188,-0.0241784,-0.00967832,-0.00518083,-0.00411362,
0.00303627,0.053864,0.0245193,0.113578,-0.00699956,-0.00720268,-0.00787289,-0.0046844,
0.00947263,0.0909304,0.0197776,0.0932485,-0.0152521,-0.0103019,-0.00753516,-0.00585144,
0.0122881,0.0705172,0.0138085,0.07805,-0.00606469,-0.0080485,-0.00996863,-0.00501045,
0.00295679,0.0151795,0.000449208,0.0451658,0.000718867,-0.0113739,-0.00672037,-0.00797045,
0.0198504,0.00147974,-0.00199205,0.0136714,-0.0114802,-0.0073498,-0.00521105,-0.0084391,
0.0149055,-0.0822452,-0.00237726,-0.0111711,0.00441201,-0.0112685,-0.00820603,-0.00673284,
0.0175329,-0.075487,-0.0227375,-0.05625,0.0212656,-0.00848229,-0.00542497,-0.00985977,
0.0170895,-0.0638286,-0.0423376,-0.0532418,-0.0289323,-0.00793652,-0.00766594,-0.0109582,
0.00801232,-0.0481328,-0.025074,-0.0730935,-0.0481324,-0.00995967,-0.00584562,-0.00820218,
0.0444458,-0.100076,-0.0121868,-0.0346707,-0.00997973,-0.0086168,-0.00752231,-0.0120353,
0.0269424,-0.0509117,-0.0256863,-0.0537849,-0.00669094,-0.00605601,-0.00617235,-0.0132443,
0.0493474,-0.0569847,-0.0088316,-0.0202891,0.00741034,-0.00757237,-0.00461957,-0.0138853,
0.0303724,-0.0227015,-0.0218566,-0.0536888,-0.0433984,-0.00780582,-0.00332356,-0.0135997,
0.037634,-0.0253616,-0.0102456,-0.0112118,-0.0213892,-0.00888007,-0.00208818,-0.0126114,
0.0756688,0.00301493,-0.00694284,0.00284196,-0.0136583,-0.0101403,-0.0051554,-0.0156986,
0.039473,0.0184491,0.000359988,0.0194962,-0.000153117,-0.0085043,-0.00401378,-0.0177513,
0.0383863,0.0262156,0.00423449,0.0552882,-0.0918023,-0.00851094,-0.00340973,-0.0134554,
0.0905595,0.0519974,0.0057449,0.0361499,-0.0288994,-0.0104154,-0.00295457,-0.0225958,
0.0660325,0.0602847,0.00619593,0.058432,-0.0415104,-0.00928881,-0.000686926,-0.0162189,
0.0642753,0.0313071,0.0135595,0.0427213,-0.0527221,-0.00952347,-0.00572329,-0.0143151,
0.00476946,0.052452,0.00636741,0.0568397,-0.0550938,-0.00964053,-0.00585305,-0.019181,
0.0199536,0.0627014,0.0190235,0.102907,-0.044534,-0.0097751,-0.00363241,-0.0195834,
0.017408,0.0405172,0.0223592,0.0510642,-0.0483378,-0.00845356,-0.00297554,-0.016424,
0.0179319,0.0495091,0.0179156,0.035537,-0.0402334,-0.00843819,-0.00445009,-0.0135109,
0.0388484,0.0241769,0.00745764,0.0334449,-0.0477931,-0.0101636,-0.00242032,-0.0217182,
0.0232769,0.0233121,0.00938359,0.0183474,-0.0399726,-0.011373,-0.00434605,-0.0182384,
0.0451966,0.00855015,0.00745691,0.0132945,-0.0593674,-0.0116151,-0.00196259,-0.0208708,
0.0052598,-0.00252807,0.00408499,0.00413888,-0.0599319,-0.0105811,-0.000932992,-0.0181211,
0.0583569,-0.00211193,0.0028862,-0.0112484,-0.0516523,-0.00984043,-0.00106777,-0.0152522,
0.0639982,-0.0273177,-0.00149442,0.00748014,-0.0610022,-0.00981238,0.00296784,-0.0245894,
0.0184009,-0.0122958,-0.00334451,0.000968402,-0.0289481,-0.00895026,-0.000159916,-0.0169877,
0.09611,-0.0108293,-0.00490898,-0.0135768,-0.0221536,-0.00844361,-0.00112769,-0.0162508,
0.074001,-0.00316374,-0.00356157,0.00270151,-0.0272521,-0.0119984,-0.00263281,-0.0173758,
0.0504304,-0.0152965,-0.00957712,0.00694753,-0.064767,-0.0118579,-0.0024544,-0.0202558,
0.0135578,-0.0113861,-0.00281809,0.00821071,-0.0480014,-0.0113407,-0.00148578,-0.0144948,
0.0451564,-0.00736187,-0.000431155,0.0119482,-0.0549979,-0.0107816,-0.000785299,-0.0180669,
0.0229598,-3.53866e-05,-0.00355713,0.0224922,-0.0550538,-0.00831595,-0.00219016,-0.0165316,
0.00195331,0.00559763,-0.00832797,0.0263761,-0.0547139,-0.00825944,0.00173173,-0.0180189,
0.0285154,0.0130749,-0.00495747,0.0194176,-0.0311248,-0.00847846,-0.00507403,-0.0177144,
0.0354813,0.0161076,0.000948096,0.0426722,-0.0175835,-0.00796315,-0.00455316,-0.0180526,
0.0271438,0.0270611,0.00445865,0.0310377,-0.0255354,-0.0109707,-0.00347041,-0.0118381,
0.051982,0.0307551,0.00575635,0.0202797,-0.0432234,-0.0115225,-0.00337288,-0.0109742,
0.0747499,0.0421584,0.00740652,0.0303436,-0.0176926,-0.00879363,-0.00521613,-0.0136993,
0.0327006,0.0326259,0.00677007,0.0139088,-0.0125185,-0.0109942,-0.00487224,-0.00878742,
0.0527665,0.042889,0.012204,0.0185419,-0.0243576,-0.00892239,-0.00399046,-0.00947013,
0.0608502,0.018891,0.00927188,0.0142336,0.0212745,-0.0094601,-0.00575051,-0.00830446,
0.0258256,0.0224561,0.011147,0.00820194,-0.0263695,-0.0096472,-0.00670293,-0.00904358,
0.0512552,0.0204213,0.00918407,5.87981e-05,-0.00244004,-0.00989237,-0.00712346,-0.00683208,
0.00925699,0.00713622,0.0119577,-0.00146384,-0.0149992,-0.0101303,-0.00631865,-0.00619303,
0.00315396,0.00757124,0.0121904,-8.27014e-07,-0.0121238,-0.00756515,-0.00686334,-0.00565989,
0.0225979,0.00414702,0.00521298,-0.0104133,-0.0386885,-0.00923135,-0.00707853,-0.00630732,
0.0502677,0.000723002,0.0118181,-0.00711915,-0.0170258,-0.0105762,-0.00581897,-0.00392806,
0.0119738,-0.00549939,0.0093236,-0.00280786,-0.0120284,-0.00954986,-0.00739073,-0.00525817,
-0.00698787,-0.00291104,0.0082624,-0.0106576,-0.00768699,-0.00913138,-0.00643538,-0.00286732,
0.00271275,-0.00518157,0.00470293,-0.00107694,-0.011139,-0.00880336,-0.00993501,-0.00247705,
0.00108764,-0.00660089,0.00509837,-0.000109662,-0.00417224,-0.00823042,-0.00834477,-0.00248435,
0.00582167,-0.00417533,0.00601495,0.00213379,-0.00602825,-0.00638741,-0.00456141,-0.000745987,
0.00625104,-0.00176792,0.0045556,0.00409899,-0.00371701,-0.00620297,-0.00731217,-0.000906676,
0.00606647,0.0671156,0.00581268,0.0122693,-0.00713753,-0.00467071,-0.00820435,0.000297047,
0.00284975,0.0567173,0.00487374,0.0842777,0.00280059,-0.00603536,-0.00937897,0.00101664,
0.00900775,0.0599185,0.00478625,0.130637,-0.00832051,-0.00671959,-0.00776868,0.000796485,
-0.00855749,0.0966544,0.00457786,0.158959,-0.0177703,-0.00761858,-0.00948996,0.00278782,
0.00935159,0.0608641,0.0034819,0.242313,-0.00533533,-0.00512866,-0.00272554,0.00266333,
-0.0195376,0.314028,0.0334548,0.206372,-0.00102546,0.00262413,-0.000341087,0.00445351,
0.00411617,0.151658,0.0302236,0.176046,-0.0324148,-0.00813728,-0.00421144,0.00357153,
0.0129949,0.163265,0.0428497,0.422993,-0.00559153,-0.00508647,-0.0051732,0.007926,
-0.0320636,0.0724791,0.00993175,0.175008,0.0072231,-0.00112687,-0.00387665,0.00513837,
-0.018524,-0.312512,0.0450855,0.408964,0.0149234,0.000313601,-0.00273086,0.00595256,
-0.034913,0.179601,0.129379,0.080386,-0.0331144,0.0130469,-0.000922644,0.00434724,
0.000755712,0.108253,0.0166977,0.118679,0.0170288,0.0135634,3.04542e-07,0.00924458,
-0.014478,0.460958,0.0609805,0.10964,-0.0206103,0.0171712,-0.00107175,0.014294,
-0.0688852,0.489882,0.00368153,0.313252,0.0698416,0.00364992,0.00536857,0.0050929,
-0.042783,0.564457,-0.0491843,0.0819501,0.0535513,0.00085967,0.00413471,0.00735753,
-0.0904699,0.700632,0.0837759,0.661473,0.046074,0.00470438,0.00626646,0.012987,
-0.0953901,-0.0326548,0.177932,0.0616176,0.0408915,0.0141151,0.00552862,0.0127663,
0.184084,0.805357,0.0603383,0.136873,0.0576717,0.0187893,0.00718174,0.0210819,
0.14445,-0.535015,-0.0913718,0.545495,0.0139275,0.00353218,0.00272353,0.0101151,
0.185268,0.135885,0.138992,-0.24247,-0.0276623,0.00331381,0.00698457,0.0215005,
0.708781,0.0772928,-0.0695443,1.1602,0.00127862,0.022539,0.015723,0.0152681,
-0.0151529,0.0645728,0.137522,0.0936606,0.026233,0.0133844,0.00552017,0.0269053,
0.139999,0.468357,-0.102803,-0.670598,0.0757133,0.0167114,0.0116484,0.0143187,
0.531364,0.718752,0.0500896,1.54245,0.0685596,0.0154126,0.0126096,0.0196838,
0.122965,-0.131451,-0.0415659,1.40192,0.0361146,0.0168963,0.00869352,0.0171551,
-0.334227,-0.0507135,0.00723407,1.00739,0.152462,0.0231451,0.0146133,0.0113947,
0.266278,-0.186734,0.00780113,0.387738,0.0202933,0.0183645,0.0138505,0.00847895,
0.169414,0.181527,0.109625,0.0581673,0.0449524,0.031977,0.0135022,0.0211097,
-0.0989271,0.562497,0.129801,2.32897,0.0554154,0.0132158,0.0176708,0.0169668,
0.0271355,-0.140662,0.264303,-0.260057,0.0886296,0.0326127,0.0114655,0.0163954,
0.0236126,-0.575686,-0.186083,-0.000423908,0.0047301,0.0360585,0.0271351,0.0165207,
-0.185665,-0.821779,-0.16128,0.905298,0.122925,0.0296504,0.0130665,0.018123,
0.837434,-0.431409,0.00507681,0.0608337,0.0248412,0.0126358,0.00204455,0.0311954,
0.0167644,0.0581264,0.0196402,0.419637,-0.000869252,0.0194123,0.0147612,0.0121702,
-0.217576,-0.492093,-0.106304,-0.89942,0.101018,0.0200507,0.0240584,0.00716931,
-0.319174,-0.174882,-0.313933,0.30723,0.0999811,0.00366107,0.0154157,0.0151596,
-0.0322287,-0.244362,0.00634816,0.814189,0.104368,0.0135563,0.0198613,0.0096135,
-0.167,-0.123658,-0.317123,0.0711626,0.11891,0.0228888,0.0160174,0.0159047,
-0.317985,0.471479,0.0597239,-0.652137,0.0141072,0.0163839,0.00468752,0.0126991,
-0.423017,0.124594,0.0996396,0.398369,0.0588984,0.00918635,0.0199757,0.0132794,
-0.180665,-0.566742,0.0242121,0.770007,0.0648282,0.00390403,0.0144139,0.0136345,
-0.274327,0.450431,-0.0410076,-0.704937,-0.00483075,0.00565991,0.0114998,0.0135851,
-0.199915,-0.0438717,-0.0760933,0.486806,0.000797883,0.025485,0.00662297,0.0253581,
-0.101464,-0.186015,0.0352854,0.627464,0.0352986,0.00209593,0.00614008,0.0100999,
-0.122231,-0.375147,-0.00344167,0.122111,0.0110193,0.0129768,0.00552929,0.0126061,
-0.235158,-0.269829,-0.234375,0.290786,0.0304877,0.00931313,0.00706176,0.0119587,
-0.165501,-0.482327,-0.183367,-0.608749,0.021145,0.0105075,0.00349224,0.00635704,
-0.0692571,-0.667915,-0.100755,0.234541,0.036249,0.0157218,0.0100656,0.00774146,
-0.103385,-0.00662392,-0.129598,-0.350139,0.02674,-0.00176636,0.00344005,0.0140061,
-0.19813,0.0917715,-0.116093,-0.0531538,0.0382141,0.00378208,-0.000556389,0.00447583,
0.0589361,-0.955711,-0.171315,0.049791,0.0844619,-0.00481752,0.00554204,0.0102428,
-0.0390593,-0.940372,-0.212564,-0.260811,-0.00703713,0.00359417,0.00120348,0.00927689,
-0.12349,-0.400262,-0.211027,-0.401551,0.0351567,0.00349644,-0.0010625,0.00208813,
0.112854,-0.571157,-0.180927,-0.556121,0.00551137,-0.00873178,-0.00382613,0.00306677,
0.032555,-0.510333,-0.164192,-0.0938354,0.000483327,-0.00357409,0.00306251,0.00551367,
0.135768,-0.699673,-0.113702,-0.173962,0.040122,-0.00103685,-0.00684785,0.00209822,
0.0597498,-0.61807,-0.134454,-0.227479,-0.000931155,-0.0101902,-0.00745303,0.00197718,
0.128925,-0.311019,-0.242535,-0.279748,-0.000544715,0.000981195,-0.0051896,0.00144818,
0.0534692,-0.383318,-0.117603,-0.40925,0.0109273,-0.00487806,-0.00250556,0.000547939,
0.0761728,-0.358542,-0.0881298,-0.152792,-0.00452776,-0.00765427,-0.0103912,-0.000515232,
0.047459,-0.281464,-0.0273681,-0.224601,-0.00814466,-0.00656327,-0.00654425,0.000408552,
0.0140344,-0.120934,-0.0158711,-0.0765307,-0.00652682,-0.0106922,-0.0122095,-0.000125072,
0.0970092,-0.0180004,0.0158574,-0.00910503,-0.00953267,-0.00621472,-0.00973302,-0.00103806,
0.0603357,0.0222818,0.0617807,0.110689,-0.0121542,-0.0107369,-0.00649248,-0.00194385,
0.0749378,0.0784109,0.0148849,0.0564805,0.00769476,-0.00682378,-0.00576076,-0.00195326,
0.0343315,0.162702,0.0131818,0.0861668,-0.00704275,-0.00735341,-0.0075069,-0.00358206,
0.0649712,0.18529,0.052916,0.110783,-0.022333,-0.00808056,-0.00634511,-0.00435056,
-0.130448,0.285864,0.079895,0.0944146,-0.0065073,-0.00863654,-0.0101392,-0.00421225,
-0.0136128,0.188123,0.0902079,0.103801,-0.00350637,-0.0071291,-0.00861857,-0.00553437,
-0.0897057,0.290326,0.0497232,0.115808,-0.0400036,-0.00870444,-0.00696807,-0.00757584,
-0.0707197,0.128441,0.075111,0.119462,-0.0232262,-0.0116009,-0.00789752,-0.00722884,
0.0302127,0.135609,0.0491799,0.0480337,-0.0324913,-0.00797726,-0.00529066,-0.00615493,
-0.018647,0.120571,0.032619,0.0330898,-0.0418681,-0.0100853,-0.00717088,-0.00787469,
-0.0287355,0.0541799,0.0279473,-0.00596042,-0.0351098,-0.00902384,-0.00689262,-0.0081121,
0.0103355,0.0166231,0.016049,-0.0653915,-0.0339265,-0.0085979,-0.00423819,-0.0115166,
0.0176816,-0.026783,-0.0203004,-0.0442872,-0.0324633,-0.0100373,-0.00474055,-0.0134491,
0.00485391,-0.0192204,-0.0036104,-0.0520527,-0.0724929,-0.0079845,-0.00408734,-0.0111153,
0.0230457,-0.0654109,-0.010369,-0.0414133,0.0177348,-0.00986819,-0.00372786,-0.0142704,
0.0163773,-0.101281,-0.0253509,-0.0547908,-0.0237436,-0.0118617,-0.0062437,-0.0184212,
0.0323956,-0.153025,-0.0634778,-0.0349304,-0.0134328,-0.00971129,-0.00304066,-0.0132334,
0.0552849,-0.0392696,-0.0247152,-0.0228092,-0.0156226,-0.00890718,-0.00240311,-0.017393,
0.0704644,-0.0908106,-0.0335781,-0.0454933,-0.0534944,-0.00873192,-0.00403593,-0.0171013,
0.0601049,-0.0461704,-0.00969771,-0.00471005,-0.0545032,-0.00835977,-0.00255222,-0.0127465,
0.0902783,-0.0303264,-0.0036848,0.0166444,-0.0263962,-0.0108052,-0.00423714,-0.0123008,
0.106199,-0.0186896,-0.0301239,0.056681,0.0166871,-0.00703154,0.000392086,-0.0194074,
0.0768929,-0.0126873,-0.0162134,0.056322,-0.0597903,-0.0071355,-0.00109415,-0.0227378,
0.0208301,0.0170514,-0.0103886,0.0382029,-0.0482348,-0.00732548,-0.000889235,-0.0211819,
0.0816642,0.0396854,-0.00602812,0.0738651,-0.0331837,-0.00867956,-0.00150474,-0.0196022,
0.0637968,0.0344697,-0.000547688,0.0918798,0.0344416,-0.0109254,-0.00537089,-0.0196099,
0.0396928,0.049838,0.00814929,0.0470446,-0.0748833,-0.00842363,-0.00381415,-0.0175206,
0.0788838,0.0950809,0.0125601,0.0891333,-0.0320506,-0.00692143,-0.00134905,-0.0130025,
0.0447104,0.0870817,0.00790882,0.0647891,-0.0642881,-0.0116728,-0.00400805,-0.0203736,
0.0694579,0.0869783,0.0293249,0.0225122,0.0242708,-0.00954564,-0.00118622,-0.0229435,
0.0473588,0.0737153,0.0162639,0.0285626,-0.0235273,-0.0093631,-0.00212088,-0.0240155,
0.0552992,0.065977,0.0134813,0.0099373,-0.0481452,-0.00821575,0.00102145,-0.0178147,
0.0743666,0.0331708,0.0169139,-0.00792476,-0.0743134,-0.0152072,0.00139091,-0.016384,
-0.0311422,0.0311336,0.0137236,-0.00606426,-0.0398883,-0.0100952,0.00189275,-0.0180975,
0.102177,0.0174113,0.0207998,-0.00422632,-0.0175568,-0.0108247,0.00336567,-0.0242478,
0.0244863,0.00713193,0.0118928,-0.0338744,-0.0155579,-0.00866413,-0.00528462,-0.0169397,
-0.00574717,0.00147556,0.00817314,-0.0232305,-0.0572277,-0.00888771,0.000657128,-0.0159352,
0.0255827,0.00537006,0.00556531,-0.0187741,-0.0678282,-0.00676335,-0.00344724,-0.0201912,
0.0326838,-0.0281804,-0.00956825,-0.000916475,0.0104133,-0.00683827,-0.00217566,-0.0185534,
0.0427504,-0.0103038,0.00249567,-0.0070811,-0.0574358,-0.0102768,-0.0046955,-0.0192466,
0.0329467,-0.0265456,0.00497727,0.011262,-0.0846643,-0.00852147,-0.00311458,-0.0164106,
0.0826372,-0.0323841,-0.00471461,0.0200834,-0.0368123,-0.0118821,-0.0034927,-0.0182087,
0.00553115,-0.0223468,0.00399598,0.0349916,-0.0268492,-0.00899225,-0.00316825,-0.0117357,
0.00313268,-0.0199267,-0.00796947,0.0262597,-0.0347373,-0.00716017,-0.0037455,-0.016549,
0.0591582,-0.00459879,-0.0127708,0.0350428,-0.0353408,-0.00873537,-0.00370664,-0.013637,
0.0795688,0.0027212,-0.0100411,0.0305364,-0.015204,-0.00907447,-0.00398728,-0.0100327,
0.050371,0.0101264,-0.00318957,0.040083,-0.0443249,-0.00920594,-0.0029198,-0.0107387,
0.0273332,0.018785,-0.00339523,0.0273778,-0.0518086,-0.00863228,-0.00521433,-0.00985587,
0.0201857,0.0336019,-0.000541875,0.0339649,-0.0319231,-0.0109533,-0.00712085,-0.00721835,
0.0372279,0.0253605,0.00305494,0.0190269,-0.0247281,-0.00952503,-0.00656128,-0.00742518,
0.0511181,0.0452433,0.00139125,0.0155973,-0.0104095,-0.00944608,-0.00949426,-0.00789368,
0.00827583,0.0567378,0.00755227,0.0103721,0.000202816,-0.00915459,-0.006993,-0.00757611,
0.041467,0.0259468,0.00884108,0.00339943,-0.0014713,-0.0101324,-0.00485275,-0.00556128,
0.0180436,0.0440072,0.0138674,-0.00484401,-0.0156478,-0.00851597,-0.0078181,-0.00636577,
0.0265315,0.0353956,0.0139223,-0.0115894,-0.00830733,-0.00892928,-0.0089552,-0.00523108,
0.0153912,0.0198899,0.0148679,-0.0146474,-0.00761177,-0.00889053,-0.00650596,-0.00418085,
0.0129834,0.00886387,0.0204366,-0.00719583,-0.0138811,-0.00959537,-0.00658131,-0.00469695,
0.00337744,0.00994944,0.00875609,-0.0289086,-0.00819462,-0.00775672,-0.00890492,-0.00475316,
0.0116926,0.00365813,0.0109327,-0.0248397,-0.00432151,-0.00486042,-0.00975641,-0.00278378,
0.00424784,0.0556681,0.0152832,-0.00510543,-0.00269917,-0.00797351,-0.00704533,-0.00132085,
0.00375568,0.0324194,0.0148677,0.0894143,-0.00531248,-0.00721154,-0.00604685,-0.001686,
-0.000893751,0.0833812,0.0130082,0.106323,-0.0115711,-0.00730157,-0.00896796,-0.00108345,
-0.000281405,0.08463,0.00864463,0.163795,-0.000478241,-0.00387825,-0.00717518,-0.000148605,
-0.00366195,0.0787213,0.0108185,0.154175,4.55901e-05,-0.00503686,-0.0126478,0.000698616,
-0.014361,-0.0183073,0.0130273,0.204978,0.00527243,-0.00814919,-0.00696923,0.00116772,
-0.0134027,0.0226075,0.0503882,0.229149,0.00169867,-0.00482671,-0.00454605,0.0012526,
-0.00288689,0.32523,0.0488159,0.122096,0.00482074,-0.0127156,-0.000835745,0.00293253,
-0.00622459,0.360969,0.0425614,0.13209,0.0124148,0.0014454,-0.0031287,0.00508608,
-0.0130137,0.312017,0.0964179,0.29477,0.00553904,-0.00278273,-0.00892033,0.00206064,
-0.0117898,0.712803,0.0489012,0.17218,0.0172225,6.03375e-05,-0.00171763,0.00428523,
0.000945728,-0.0420064,0.0329833,0.121606,-0.00959325,0.00163581,-0.00173959,0.00472003,
0.0192683,0.450578,0.0849812,0.33672,0.0223366,-0.00813866,0.000117328,0.0113231,
-0.0298753,-0.479256,-0.0488768,1.29849,-0.0143754,0.00289813,-0.00300546,0.00542603,
0.00634102,0.207367,0.187566,0.128695,0.0115718,0.00492062,-0.00159704,0.00556749,
0.00532345,0.422481,0.160004,0.331328,0.0412122,0.0054166,0.000704928,0.00895312,
0.191638,-0.355845,0.159419,-0.0920039,0.0206021,0.000509746,0.00368755,0.006157,
0.502415,-0.100064,0.0737232,0.361625,0.0186068,0.00779391,0.00151109,0.00701485,
-0.0681938,0.579783,-0.030552,0.143133,-0.0280639,0.00797358,0.00741734,0.00646129,
0.0316552,0.825468,0.160475,1.24787,0.030859,0.00488971,0.011481,0.0157244,
0.707901,0.379575,0.0574632,1.80231,0.0325682,0.00285244,0.0104947,0.011702,
0.315457,-0.0357375,0.126012,0.762835,0.0423844,0.0181843,0.00782562,0.0105805,
1.31526,0.0688701,0.140234,1.18696,0.0433763,0.0157578,0.0058874,0.0125443,
-0.154002,0.743371,0.0401113,1.42719,0.0602406,0.0190414,0.00917404,0.013182,
-0.283264,0.307787,0.316364,-0.00354397,0.00162911,0.00294187,0.0137124,0.0185133,
-0.600332,-0.330645,0.0971077,0.525438,0.0836448,0.0148985,0.00948175,0.00848694,
0.564357,-0.0124952,-0.022252,0.00350964,0.0902018,0.00336293,0.017943,0.0197522,
0.504953,-0.15302,-0.124812,1.23562,-0.0179303,0.0221709,0.0219936,0.0246775,
0.622293,0.635495,0.105319,0.33635,0.0790813,0.00893201,0.00765401,0.0152833,
0.441663,0.458947,-0.391817,-0.66395,-0.019671,0.0407332,0.0262158,0.0220304,
1.06687,-0.244487,0.174923,-0.631932,0.103276,0.0227802,0.0143688,0.0360497,
0.515936,-0.268211,-0.283792,1.71331,0.074639,0.0182763,0.0166175,0.0222219,
0.168367,-0.0189815,0.0468989,0.613007,0.113715,0.0127809,0.0200881,0.00847109,
1.02728,-0.259855,0.105355,1.16609,0.0441365,0.02826,0.0142714,0.0231539,
-0.113289,-0.284164,-0.159568,0.885428,0.036447,0.0333981,0.0199534,0.0156108,
0.369352,-0.486414,-0.223144,0.655377,0.0559619,0.0203033,0.0161046,0.0259793,
0.531582,-0.0205959,0.227388,0.503309,0.0522644,0.0160309,0.0133555,0.0250703,
-0.663051,0.483474,-0.0752437,-0.455953,0.0765268,0.0150704,0.0204002,0.0133849,
0.439614,-0.200225,-0.067347,0.224326,0.0584547,0.00849958,0.012443,0.0122631,
-0.335394,-0.640815,0.14551,-0.61663,0.0848423,0.0315601,0.0121836,0.0238125,
-0.104444,0.204917,-0.0286295,1.08318,0.0401529,0.0016492,0.00896556,0.0147963,
-0.0362749,-0.0459093,0.00289522,0.714258,0.109258,0.00272632,0.0214415,0.0138673,
-0.16837,-0.624821,0.0966077,0.658107,0.075821,0.00874244,0.00559492,0.0215113,
-0.694524,0.366496,-0.147148,0.624872,0.0643767,0.0129526,0.00618498,0.0113181,
-0.511506,-0.332461,-0.115282,-0.722267,0.0422955,0.0223528,0.00663722,0.0118489,
-0.0652997,-0.171638,-0.362276,-0.11523,0.0770006,0.0077393,0.00653391,0.013449,
-0.285069,-0.291857,-0.148729,-0.814455,0.0535314,0.00208836,0.00232149,0.016654,
-0.336421,-0.349615,-0.362974,0.718361,0.0516328,-0.000977807,0.00513553,0.0222603,
-0.409053,0.126658,-0.256773,0.906549,-0.0313568,-0.000160418,0.0103599,0.0115772,
-0.517856,-1.10594,-0.254484,0.66911,-0.0435168,0.00482738,0.00354488,0.0165495,
-0.392907,-0.101826,-0.217222,0.518653,0.0267517,0.00831448,-0.00307051,0.00366795,
-0.347087,-0.0782681,-0.297801,-0.310042,0.0251309,0.0110028,0.00267709,0.00908218,
-0.362436,-0.245407,-0.166232,-1.25022,0.00414695,0.00388851,0.00529046,0.00859674,
-0.234154,-0.373972,-0.128775,0.146241,0.00129927,0.0159933,0.000568994,0.00570021,
-0.0270734,-0.610503,-0.111826,-0.0417708,0.00224892,-7.0333e-05,0.000561672,0.00687812,
-0.0695855,-0.251291,-0.41735,-0.0829942,0.034883,-0.00281583,0.00137189,0.00581028,
-0.191097,-1.01071,-0.287105,-0.0589895,5.06919e-05,0.00351728,-0.00056575,0.00769764,
-0.0694638,-0.631302,-0.212446,-0.326177,0.0101709,-0.00395961,-0.0114761,0.00281691,
0.172656,-1.00501,-0.166119,-0.315077,-0.0243817,-0.00455318,-0.00576831,0.00509199,
0.173922,-0.351614,-0.165564,-0.278461,0.00536451,-0.00693607,-0.00338553,0.00347454,
0.112626,-0.375155,-0.181054,-0.658048,0.00574655,-0.00502157,-0.00542301,0.00148193,
0.192952,-0.406277,-0.0873511,-0.339552,-0.00244159,-0.00556629,-0.0132317,0.000782804,
0.280419,-0.564889,-0.0893267,-0.295569,0.00239289,-0.00583029,-0.00940603,-1.66533e-05,
0.167601,-0.168486,-0.0467649,-0.297954,-0.0101244,-0.00420179,-0.00989671,-1.93585e-05,
0.145382,-0.554292,-0.0144473,-0.227567,-0.00604635,-0.00793004,-0.00675922,-0.000830176,
0.196063,-0.26631,-0.01715,-0.135901,-0.0131426,-0.00956627,-0.00762006,-0.00132699,
0.17992,-0.0573041,0.0637152,-0.191251,-0.0104647,-0.0101012,-0.00955187,-0.00135211,
0.128493,-0.0277705,0.0214517,-0.134881,-0.00978565,-0.00732818,-0.00535977,-0.00124427,
0.00990068,0.0253128,0.109166,-0.023558,-0.0176669,-0.0074814,-0.00807616,-0.00255265,
0.0266285,0.0429912,0.0784984,0.0088887,-0.018515,-0.0100983,-0.00798146,-0.00408586,
0.0646278,0.0972495,0.0838544,0.0416023,0.00123519,-0.00878849,-0.00835692,-0.00517892,
0.0224849,0.274673,0.087522,0.152485,-0.0186038,-0.0101891,-0.00580991,-0.00465375,
0.108131,0.0562162,0.147867,0.123741,-0.0191561,-0.00832041,-0.00653015,-0.00510536,
-0.00448228,0.309489,0.0963336,0.196702,-0.00683135,-0.00998626,-0.0072886,-0.00836021,
-0.136158,0.206468,0.119773,0.136385,-0.0271173,-0.00782966,-0.00733049,-0.00814385,
0.0374802,0.100783,0.0383688,0.107888,-0.00343554,-0.00735531,-0.0079263,-0.00897935,
-0.0353366,0.0888768,0.0436475,0.100115,-0.0304019,-0.0113855,-0.0066051,-0.0101877,
-0.047457,0.102353,0.0150823,0.150437,-0.0326735,-0.0082262,-0.00595042,-0.0115759,
-0.11575,0.0522608,-0.000851124,0.0771467,-0.0449683,-0.00761216,-0.00550304,-0.00819198,
-0.0377058,0.0240683,-0.0113166,0.0177277,-0.040729,-0.00764518,-0.00718975,-0.00986097,
-0.0349097,-0.011548,-0.0345683,-0.0239684,-0.0310646,-0.00925558,-0.00541953,-0.00992115,
0.0138759,-0.0579399,-0.0616373,-0.0388834,-0.0502101,-0.010874,-0.00605633,-0.0104081,
0.00323502,-0.0460369,-0.036781,-0.100114,-0.0262779,-0.0066583,-0.00263998,-0.0134553,
0.0274601,-0.0337876,-0.0269123,-0.073122,-0.0467147,-0.00855222,0.00093311,-0.0140617,
0.027732,-0.0371053,-0.0767701,-0.0598659,-0.0100707,-0.0100401,-0.00493061,-0.0131449,
0.0496917,-0.0258333,-0.0262813,-0.035314,-0.0208896,-0.0084902,-0.0015445,-0.0118441,
0.050142,-0.0593848,-0.020568,-0.0930654,-0.0393393,-0.00811052,-0.00295051,-0.0129732,
0.0690143,-0.0596904,-0.0372209,-0.0289024,-0.0938618,-0.0104095,-0.000566914,-0.0195574,
0.0763917,-0.0495355,-0.0119125,-0.0263438,-0.0356229,-0.0111976,-0.00523449,-0.0137055,
0.0527957,-0.0430633,-0.0113356,0.00462421,-0.0191016,-0.0082066,-0.00514623,-0.0277799,
0.0706319,-0.0278719,-0.00643157,0.0437826,-0.0508482,-0.00925906,-0.00293925,-0.0194262,
0.11346,0.0061299,0.00544148,0.0592708,-0.0175922,-0.0092167,-0.0030935,-0.0172153,
0.0836024,0.0214976,0.0142158,0.0625216,-0.065937,-0.0103067,-0.00266734,-0.0213934,
0.0444743,0.0252887,0.0183804,0.0518038,-0.0525861,-0.00896027,-0.00409037,-0.0169084,
0.0348849,0.0501252,0.0224811,0.0971512,-0.0231477,-0.0104419,-0.00332234,-0.0202675,
0.0742886,0.0544538,0.0279526,0.0392796,-0.0641314,-0.010503,0.0031449,-0.0220979,
0.0795625,0.0818064,0.0399694,0.0594926,-0.0851119,-0.0105799,-0.00220064,-0.0186847,
0.0759924,0.0499677,0.0180541,0.0765816,-0.000891141,-0.00931763,-0.000150929,-0.0201416,
-0.0358379,0.0519373,0.0363473,0.0649961,-0.0765566,-0.0117378,0.00358577,-0.0203203,
0.111494,0.0202516,0.0153447,0.0308377,-0.0402119,-0.0124039,-0.00450129,-0.0152834,
-0.00301406,0.0354295,0.0146934,0.0154914,-0.0574293,-0.00962948,0.000134368,-0.0147246,
0.0329293,0.0345839,0.0104801,0.00930685,-0.0299461,-0.00811174,-0.00294556,-0.0135551,
0.0440461,0.0123376,0.00643001,-0.00780379,-0.0235289,-0.00935441,-0.00231508,-0.0168798,
0.018194,0.00523391,0.00269487,-0.0029433,-0.0365182,-0.00912304,-0.000111497,-0.0137126,
-0.0148216,-0.00118421,-0.00160811,-0.0191768,-0.0558093,-0.00974392,-0.000855648,-0.0198571,
0.00522713,-0.0255138,-0.00785882,-0.0481694,-0.120184,-0.00838723,-0.00166871,-0.0160237,
0.0786806,-0.0229826,-0.00816204,-0.0107741,-0.0087912,-0.00906049,-0.00241067,-0.0201061,
-0.0082037,-0.0250227,-0.0167981,-0.0176489,-0.0392823,-0.00865818,-0.00122902,-0.0142498,
0.0403009,-0.0129331,-0.00640369,-0.0143913,-0.0567172,-0.0148521,-0.00306289,-0.0163291,
0.0431665,-0.0257444,-0.004622,0.000415167,-0.0848156,-0.00830272,-0.00431164,-0.0185538,
0.0100343,-0.00725863,-0.0145715,0.0088641,-0.0637047,-0.00732256,-0.00398753,-0.0145761,
0.0339608,-0.0181299,-0.0142327,0.0197904,-0.0320215,-0.0102886,-0.00310499,-0.0107723,
0.0300615,-0.0124636,0.00242768,0.0370244,-0.00435461,-0.00815591,-0.00533927,-0.0105276,
0.0118116,-0.00143647,-0.00924821,0.0250338,-0.0690669,-0.00969136,-0.00461835,-0.0121129,
0.0493605,0.0122196,0.00193782,0.0458932,0.000429349,-0.0076995,-0.0050221,-0.0114215,
0.0113585,0.0217535,0.00406791,0.026373,-0.0578301,-0.00995756,-0.00536138,-0.0105457,
0.0326192,0.0259177,0.00495212,0.0447783,-0.0151475,-0.00926008,-0.00871787,-0.00813955,
0.0270065,0.0263591,0.0119671,0.0249027,-0.0106754,-0.0103014,-0.00628008,-0.00921926,
0.0338253,0.0204652,0.0167689,0.0152532,-0.0144388,-0.0107168,-0.00649649,-0.00903211,
0.0310765,0.0393523,0.0183525,0.0131538,-0.0203316,-0.00956668,-0.0091762,-0.00645053,
0.0365138,0.0206659,0.0228909,0.00611641,-0.0052805,-0.0130514,-0.0061138,-0.00518809,
0.0426933,0.0204024,0.0105255,0.00371039,-0.016223,-0.00926397,-0.00641173,-0.00484819,
0.031548,0.064843,0.0269986,-0.00575122,-0.0125108,-0.00974376,-0.00789926,-0.00418615,
0.0400794,0.0634412,0.0129312,0.0685487,-0.016246,-0.00881812,-0.00444931,-0.00352359,
0.0157073,0.121567,0.0255298,0.0990265,-0.0125087,-0.00644387,-0.0122564,-0.0020112,
0.0142495,0.138301,0.00884747,0.125704,-0.0131716,-0.00603803,-0.0114553,-0.00155131,
0.00881565,0.0670483,0.016837,0.197929,-0.00854478,-0.00554995,-0.00758775,-0.00189418,
0.00464753,0.128545,0.0290694,0.115429,-0.00620651,-0.00437208,-0.00994513,-0.00111692,
0.00434433,0.0548205,0.0445568,0.234908,-0.00415853,-0.00377945,-0.00611926,0.000602328,
-0.00100786,0.0675114,0.0572901,0.201365,-0.00124371,-0.0071589,-0.00517372,0.00159932,
-0.00368727,0.0643699,0.0146596,0.446995,-0.00100952,-0.00693117,-0.0082873,0.00259019,
-0.00555291,0.164496,0.0268614,0.380389,0.00998632,-0.00558783,-0.0100734,0.00114272,
-0.0030724,-0.106956,0.0601939,-0.00980997,0.00239198,-0.000918489,-0.00165325,0.00318328,
-0.016799,0.1992,0.00760823,0.527296,-0.0153505,-0.00308175,-0.00364246,0.00568118,
-0.00448908,0.0105716,0.0759618,0.0487462,0.0262003,0.00262645,-0.00331882,0.00365006,
-0.0568925,0.661521,-0.00403234,0.483811,-0.00722162,-0.000554356,-0.00558259,0.00738171,
-0.0253355,0.661994,0.126593,0.476606,0.000146598,-8.86265e-05,-0.00238292,0.00437083,
0.422451,0.328905,-0.0418927,0.116622,0.0675726,0.000321421,9.78708e-07,0.00366748,
0.202024,0.349364,0.246418,0.556948,0.000867836,0.00325256,-0.00230375,0.00821431,
0.558185,0.416279,0.0285689,0.175133,0.00443772,0.00333273,-0.000139063,0.00522363,
0.241442,-0.449319,-0.082734,-0.725156,0.0371534,0.00115088,0.000975823,0.0107834,
0.0796462,0.347263,0.232258,-0.250195,0.0440228,-0.00157403,0.00150068,0.0094296,
0.840656,-0.310768,0.0694077,1.05834,0.0379481,0.0053748,-0.000129324,0.0114952,
0.509792,0.239811,0.00376469,0.0677878,0.0285899,0.00995763,0.00686941,0.00668642,
0.133106,0.496451,-0.0830444,0.807022,0.0388462,0.000917681,0.00677967,0.00876255,
0.331686,0.677479,0.12738,0.195242,0.112123,0.0233918,0.007251,0.0104398,
-0.258824,0.0794539,0.154825,0.435088,0.034168,0.01769,0.00362191,0.0183357,
-0.0480201,0.425531,0.253242,0.519151,0.0474706,0.0166465,0.00775984,0.0146735,
0.604693,-0.0668024,0.0181374,-0.283534,0.15505,0.0142101,0.00894163,0.0107357,
1.62126,-0.16457,-0.117395,0.772505,0.0679463,0.00865978,0.0187313,0.0301261,
0.0514703,-0.167222,-0.0755248,0.371876,0.0255365,0.0212655,0.00532019,0.0162871,
-0.368182,-0.37042,-0.478201,1.06383,0.122315,0.0115615,0.0112916,0.0300546,
0.81147,0.112132,0.321232,0.877017,0.0745901,0.0132593,0.0144707,0.0259816,
-0.578943,-0.0728159,-0.178243,-0.293651,0.0222773,0.0248441,0.00666189,0.0121435,
1.72972,-0.351975,-0.152516,1.5495,0.174927,0.0130925,0.0109459,0.0253175,
0.877243,0.673561,-0.0459275,1.294,0.0372636,0.0439112,0.0150407,0.028297,
0.535449,0.310403,-0.27314,0.0555315,0.0460705,0.029654,0.0202148,0.0116237,
0.254691,0.233371,-0.362089,-0.479667,0.106608,0.00442261,0.0092864,0.0255347,
-1.41382,-0.211754,0.348168,-0.627804,0.112872,0.0251195,0.0148376,0.0282802,
-0.25423,-0.018024,0.25981,0.380132,0.0969282,0.0123041,0.0174309,0.0195295,
-0.104317,-0.820008,-0.267938,-0.214494,0.0465565,0.0245753,0.00466165,0.0138051,
0.58176,-0.0964163,0.0721643,-1.06701,0.11181,0.0370983,0.00898114,0.0201074,
-1.03125,-1.13172,-0.403663,1.03622,-0.0161168,0.0293774,0.0203306,0.0253426,
0.518815,-0.199754,-0.452317,0.0477524,0.033731,0.0179435,0.0100291,0.0201801,
0.30636,-0.451946,-0.446508,1.00714,0.0993069,0.0172799,0.0119811,0.0120623,
-0.535539,-0.167216,-0.193436,0.845329,0.00617731,0.0253094,0.0134138,0.0173047,
0.2791,0.236506,-0.353673,2.08861,0.0536225,0.0161322,0.00996319,0.0188202,
0.31986,-0.439254,-0.509322,0.503495,0.0900773,0.0228214,0.00838881,0.0148922,
-0.526488,-0.255838,-0.598242,-0.159412,0.0327008,0.0240522,0.00991188,0.0210763,
-0.278968,-0.927553,0.0180442,0.100524,0.00550674,0.00119687,0.0104176,0.0198541,
-0.543187,-0.392203,-0.0976202,-0.0599656,0.0238058,0.019615,0.00453624,0.011133,
-0.462433,-0.457153,-0.328144,0.440377,0.0111028,0.0185248,0.00561499,0.0149218,
-0.480352,-0.517544,-0.161381,-0.451251,0.0588448,0.0123537,0.00919334,0.00685931,
-0.132371,-0.400816,-0.109919,0.773348,0.021159,0.00965199,0.00690918,0.0180979,
-0.56654,-0.474587,-0.205239,-0.323632,0.0678488,-0.00247181,0.00745967,0.00781703,
-0.409016,-0.650663,-0.0691012,-0.639301,0.046131,0.00455429,0.00131791,0.0156686,
-0.441333,-0.72313,-0.128693,-0.277313,0.0018829,0.00215145,0.00524414,0.00809037,
-0.64793,-0.344564,-0.493191,0.00297365,-0.00109407,0.00528135,0.00391249,0.00752308,
-0.203653,-0.694301,-0.165291,0.921958,0.0484448,-0.00446119,0.00133719,0.00815303,
-0.318449,-0.705193,-0.223136,0.693413,0.0150881,0.000236976,-0.00375452,0.00720366,
-0.266873,-0.322657,-0.385063,-0.423277,0.0331106,0.00193634,-0.000945463,0.00498267,
-0.0503876,-0.492109,-0.353571,-0.0722484,0.00681496,-0.00392053,0.000738169,0.00333121,
-0.0716539,-0.608291,-0.358955,0.0109577,-0.0128866,-0.00784711,-0.0026979,0.00516614,
0.0690549,-0.529129,-0.494637,-0.446204,0.0140727,-0.00299787,-0.00823336,0.00218044,
0.14009,-0.778425,-0.418653,-0.0699847,-0.00568993,-0.00897738,-0.0043784,0.00447561,
-0.00186691,-0.464213,-0.244879,-0.259007,0.00790886,-0.00380426,-0.00204135,0.00137814,
-0.0721543,-0.743551,-0.192883,-0.318931,-0.00843626,-0.00426093,-0.0066553,0.00132248,
0.165985,-0.251968,-0.299444,-0.466873,-0.00344598,-0.0109894,-0.00423593,0.000595127,
0.147838,-0.154939,-0.328317,-0.37966,-0.00599177,-0.00626616,-0.00753427,-0.000246453,
0.191828,-0.290052,-0.225273,-0.151133,-0.00582397,-0.00727881,-0.0118926,-0.000698541,
0.153332,-0.415314,-0.115438,-0.498861,-0.00168615,-0.00930602,-0.00851706,-0.00139497,
0.159106,-0.0871574,-0.123038,-0.230835,-0.0141168,-0.00949837,-0.0112043,-0.00228284,
0.186273,-0.0497689,-0.0711911,-0.334267,-0.00515201,-0.00177631,-0.00537489,-0.00356322,
0.155032,-0.0126953,-0.0295268,-0.178039,-0.00946735,-0.00793351,-0.00821496,-0.00378827,
0.245653,0.0422549,0.00962606,-0.106943,-0.0148302,-0.00614411,-0.00765841,-0.0047028,
0.0831832,0.10301,0.0670884,-0.011794,-0.00992952,-0.00762649,-0.00865018,-0.00468623,
0.0930049,0.106213,0.165833,0.0399594,-0.0224703,-0.00975611,-0.00513524,-0.00523331,
0.0554379,0.210994,0.118244,0.0836449,-0.0165137,-0.0110542,-0.00904244,-0.00576117,
-0.0270272,0.175145,0.0745695,0.176658,0.0102626,-0.0117386,-0.00623572,-0.00733382,
0.0232678,0.283532,0.164754,0.100279,-0.0195193,-0.00746276,-0.00517255,-0.00830001,
-0.131374,0.0429309,0.166315,0.206582,0.0126499,-0.0127086,-0.00417131,-0.00918312,
0.0122184,0.0408648,0.164821,0.257385,-0.000939,-0.0100815,-0.00577471,-0.00953283,
-0.117564,0.070928,0.0920549,0.201909,-0.0709355,-0.00920191,-0.00508258,-0.00712701,
-0.0789766,0.054146,0.121604,0.16616,-0.0258577,-0.00903218,-0.00541605,-0.0121915,
-0.0892603,0.0227055,0.0784718,0.0403973,-0.0211572,-0.00885089,-0.00404558,-0.00865576,
-0.207608,-0.000507666,0.0503545,0.0344221,-0.0687944,-0.0118287,-0.00781217,-0.0128634,
-0.108707,-0.0285726,0.0188638,0.00838485,-0.0222884,-0.00733775,-0.00312847,-0.0129239,
-0.0753153,-0.0402155,-0.016444,-0.012254,-0.0149797,-0.0119375,-0.00225863,-0.0146297,
-0.0399304,-0.0900249,-0.0307073,-0.0446847,-0.0584157,-0.00814178,-0.00223731,-0.0174933,
-0.0102339,-0.0551329,-0.0221475,-0.0272378,0.0225997,-0.00645997,-0.00447645,-0.012782,
0.00217045,-0.0894251,-0.0837598,-0.0726856,-0.0417645,-0.00879371,-0.000631358,-0.0127284,
0.0176379,-0.0839931,-0.0463215,-0.119636,-0.0963439,-0.0104511,-0.00499997,-0.0147615,
0.055305,-0.0813393,-0.0734792,-0.0435896,-0.0639706,-0.00902258,-0.00290329,-0.0162488,
0.0550813,-0.0854401,-0.0794952,-0.101547,-0.12854,-0.00986397,-0.00518745,-0.0185287,
0.0399733,-0.0654883,-0.118825,-0.0559428,-0.049323,-0.0110345,-0.00033376,-0.0189672,
0.0776494,-0.0109898,-0.0325948,-0.00945626,-0.0382906,-0.007496,-0.00192047,-0.0152318,
0.114294,-0.00506905,-0.0619132,0.0111734,-0.0777052,-0.00783625,0.00149,-0.0198546,
0.0631885,0.0136759,-0.0377702,0.0279547,-0.0603368,-0.00818721,0.00306639,-0.0153465,
0.0467874,0.0371585,-0.0250767,0.0321057,-0.0724615,-0.0106602,-0.00321762,-0.0218268,
0.095772,0.0668106,-0.00794211,0.0558702,-0.0317887,-0.0116032,0.00182142,-0.0196199,
0.0669911,0.0517521,0.00623008,0.0640348,-0.0263957,-0.00657976,-0.0033902,-0.0158209,
0.0424357,0.0394612,0.0237254,0.0458136,-0.0664576,-0.00831793,-0.00377238,-0.0182416,
0.0914764,0.0488928,0.0397199,0.108831,-0.0337498,-0.0100151,-0.00207449,-0.0233924,
0.0785975,0.0408493,0.0228382,0.0721044,-0.063151,-0.00976588,-0.00188732,-0.0186151,
0.0682865,0.0389719,0.0477959,0.0715802,0.00678345,-0.00771299,0.00068232,-0.0216898,
0.11222,0.0477255,0.0345367,0.0623646,0.0270389,-0.0123291,0.00303345,-0.021036,
0.0716686,0.0384152,0.0547794,0.0299901,-0.088001,-0.00892958,-0.00302104,-0.016884,
0.0610079,0.0089004,0.0581952,0.0113047,-0.0706375,-0.00565904,0.00194135,-0.0234202,
0.0799505,0.0120562,0.0336853,0.0012553,-0.0461086,-0.00781013,-0.00219977,-0.0160772,
-0.0270961,-0.00257224,0.030067,-0.00657788,-0.0322851,-0.00920475,-0.00258475,-0.012438,
0.0225088,-0.018317,0.0206223,-0.0176588,-0.0506692,-0.0094754,-0.0011585,-0.0133202,
0.0628937,-0.0147426,0.0158879,-0.0220443,-0.0416245,-0.0124167,-0.00275969,-0.0194323,
-0.0302697,-0.022392,0.00707961,-0.0252981,-0.0359843,-0.011499,-0.00139492,-0.0156569,
0.0617044,-0.0245879,0.000842219,-0.00393908,-0.0496942,-0.00849558,-0.00298759,-0.0151121,
-0.0152121,-0.0287187,-0.000585119,-0.00698921,-0.0664872,-0.00717607,-0.00406636,-0.0137118,
0.0617762,-0.0148269,-0.0235254,-0.00829942,-0.00565611,-0.0102658,-0.00468083,-0.0169954,
-0.0130432,-0.0260899,-0.0135488,0.0081638,-0.0476829,-0.00978484,-0.00398073,-0.0105235,
0.00737465,-0.00845722,-0.0447115,0.0118734,-0.028982,-0.00869106,-0.0044159,-0.0105969,
0.00903454,0.00235067,-0.0278611,0.021891,-0.0213253,-0.00776134,-0.00465895,-0.010414,
-0.010749,-0.00109583,-0.0173305,0.0367956,-0.0328945,-0.00819762,-0.00589801,-0.00992179,
0.0320213,0.0219475,-0.0217226,0.0278318,0.0119531,-0.00776709,-0.00561715,-0.00863321,
0.0325915,0.0157829,-0.0132836,0.0261382,-0.00106824,-0.00586477,-0.00489675,-0.00724498,
0.0458526,0.0362295,-0.00714065,0.0186707,-0.00569476,-0.00860459,-0.00701439,-0.00691677,
0.0390195,0.0379054,-0.0183646,0.0221626,-0.0381945,-0.0113849,-0.00534642,-0.00833443,
0.0414032,0.0303066,-0.000922942,0.0128877,-0.0110439,-0.00996765,-0.00709861,-0.00645806,
0.0315277,0.0515513,0.00536908,0.0661787,-0.0365929,-0.00842244,-0.0103451,-0.00580849,
0.0313585,0.114965,0.0121835,0.0839025,-0.0118154,-0.00806492,-0.00569032,-0.00442945,
0.0393171,0.0747199,0.0258305,0.128482,0.00159815,-0.00725171,-0.00818359,-0.00594515,
0.0352242,0.0348893,0.0206288,0.133648,-0.0183453,-0.00520392,-0.00564115,-0.00336557,
0.0403347,0.178556,0.0222356,0.14793,-0.0164164,-0.00568388,-0.0128803,-0.00166819,
0.0310793,0.199077,0.0351701,0.153829,-0.00785814,-0.00603768,-0.00852851,-0.00120484,
0.01591,-0.0470734,0.0339777,0.0883007,-0.00818668,-0.00790337,-0.00866874,-0.000783135,
0.0114889,0.0413198,0.0182681,0.520969,-0.00547866,-0.00418857,-0.011795,-0.000929232,
0.00983949,-0.000498116,0.00496836,0.184586,-0.00955288,-0.00244669,-0.00502938,0.000448996,
0.00748664,0.440217,0.0641774,-0.105426,-0.00717314,-0.00280814,-0.00388198,0.000886477,
-0.000289095,0.10984,0.061983,-0.0549446,-0.00233193,-0.00661247,-0.00719446,0.00221747,
-0.0100681,0.261579,0.0588168,0.159434,-0.00495016,-0.00373503,-0.00356903,0.00141506,
-0.0129544,0.183807,-0.0138418,0.233841,-0.00886887,-0.00280187,-0.00644806,0.00201029,
-0.0111437,0.0646706,-0.0564795,0.426978,-0.0205551,0.00219236,-0.00285095,0.00328924,
0.390066,0.492913,0.0210094,1.37128,0.00331854,-0.0115267,-0.00563436,0.00429435,
0.567596,0.100024,-0.20201,-0.373334,0.0147496,-0.00399729,-0.00833564,0.00220443,
-0.0174328,0.902538,-0.303298,-0.261397,0.0144742,0.00190273,-0.00206032,0.00670176,
0.401029,0.471086,0.436553,-0.0637922,0.0323159,-0.00632465,0.00345337,0.00994339,
0.0985836,0.256383,0.42281,-0.533446,0.0301599,-0.00116914,0.0014725,0.00759869,
-0.263732,-0.419851,0.238807,0.120256,0.00956152,0.00196737,-0.00771114,0.00983717,
0.927847,0.725883,-0.232968,1.3389,0.0131068,0.00376859,-0.00121714,0.00950663,
-0.581094,0.227576,0.20834,-0.617402,0.0729944,0.00984671,0.0104238,0.00919168,
1.44118,0.483026,-0.532234,1.24818,0.0636688,-0.00166611,0.00971046,0.0147566,
1.8544,-0.0845583,0.39465,1.05825,0.0614756,0.00202376,0.00388583,0.00578276,
0.601379,-1.00792,0.0834893,0.232167,0.0329066,0.0108579,0.0136432,0.0154916,
0.576381,-0.406622,-0.0489195,1.15928,0.0372003,0.00888651,0.0171931,0.0201216,
0.272888,-0.0332748,-0.00511462,0.712893,-0.014788,0.000268952,0.00863928,0.00461754,
-0.767652,0.121229,-0.475566,0.302699,0.0410835,0.0113527,0.00739806,0.00562671,
0.733931,-0.0491533,0.257496,1.31868,-0.011235,0.0137629,0.00603583,0.0131009,
0.291691,0.408102,-0.320207,0.178571,0.0164276,0.0271251,0.0200845,0.0143969,
0.720452,-0.691906,-0.115374,1.51922,0.118992,0.0239675,0.0137119,0.00834485,
-0.132016,-0.552276,0.246071,-0.445735,0.030966,0.0231755,0.0268506,0.0129285,
0.488905,-0.396513,0.279733,-0.730718,0.0166501,0.0420086,0.0104948,0.0265471,
-0.580718,-0.999268,-0.0123973,-0.632566,0.0544455,0.0359111,0.0144769,0.019583,
-1.10733,0.373175,0.302187,0.351086,0.0103569,0.00872137,0.0208922,0.0191565,
0.303608,0.102008,0.287067,0.825686,0.0231524,0.0197389,0.00803808,0.0167868,
0.72579,0.0877667,-0.818785,0.751628,0.0203181,0.0322012,0.0143459,0.0183207,
-1.99084,0.450101,-0.40313,1.01072,0.0982819,0.0208369,0.0211109,0.00867701,
0.737461,-0.19365,-0.235647,-0.260095,0.0259516,0.031004,0.0122234,0.0189635,
0.934952,0.0590602,-0.0410895,1.42216,0.0329043,0.0188423,0.0220605,0.0132103,
0.385662,0.100639,-0.663821,1.04269,0.0309118,0.0244821,0.00976301,0.0142004,
-0.718956,-0.466328,-0.226097,0.878627,0.0186296,0.0282958,0.0101285,0.0179966,
-0.708787,0.23808,0.122557,-0.30188,0.0667773,0.0161275,0.0108748,0.0198372,
0.987901,-0.566394,0.105393,-1.083,0.0738258,0.0310113,0.0212687,0.0160967,
-0.500624,-0.511393,-0.10586,0.237285,0.118854,0.013835,0.0160845,0.034088,
-0.954542,0.56581,-0.103605,1.50853,0.0238733,0.0217344,0.017689,0.0236332,
0.740886,-0.0391558,-0.0174325,-0.273858,0.0264915,0.00331803,0.0106869,0.0148951,
1.24035,0.624255,0.137736,1.50932,0.0245428,0.00947987,0.00426157,0.00948525,
-0.702076,-0.140146,0.211001,-0.0419222,0.0228307,0.0200223,0.0134278,0.0113741,
0.171289,-0.0840311,-0.210328,0.0811409,0.0609168,0.0044345,0.00601138,0.00864241,
0.0911175,-1.15262,-0.313064,0.772434,0.0249588,0.0215423,0.00838471,0.0112139,
-0.666184,-0.277171,-0.505515,0.196576,0.0512267,0.023354,0.00549069,0.0257006,
0.0270709,-0.188343,-0.406754,0.301038,0.0919177,-0.0041758,0.00534587,0.0192398,
-1.71446,-1.20018,-0.191372,0.624327,0.000729844,0.0108783,0.00199925,0.00611942,
-0.86689,-0.0896176,-0.448432,-0.512295,0.050295,0.0219008,0.00239403,0.00815359,
-0.172947,-1.36906,-0.281743,-0.211233,0.0104428,0.00392509,0.0078814,0.0139705,
-0.245285,-0.780071,-0.271693,0.408626,0.031287,0.00847119,0.000221296,0.00978355,
-0.794356,-1.1203,-0.28418,-0.456858,0.02196,0.0125922,0.00173381,0.0107986,
-0.70325,-0.478633,-0.181293,0.0150781,0.0616182,0.0140949,0.00217111,0.00392955,
-0.30842,-1.12089,-0.334673,0.543519,0.0501698,0.00271584,-0.00115813,0.00536699,
-0.555557,-0.681625,-0.402312,0.627673,0.0158435,0.000304876,-0.00481107,0.00818484,
-0.395705,-0.216792,-0.38799,0.138669,0.0212958,-0.00146552,-0.00562866,0.0050973,
-0.281879,-0.912704,-0.307413,0.0107902,0.0211809,-0.00305117,-0.00249511,0.00387169,
-0.378801,-1.02866,-0.272408,-0.120035,0.0400021,-0.000111843,-0.00638725,0.00404031,
-0.131677,-0.373087,-0.290862,-0.174735,0.0282058,0.00122732,-0.00823364,0.00271603,
0.0430895,-1.0763,-0.256732,0.121493,-0.00407302,0.00369321,-0.0115075,0.000738491,
0.00870559,-0.361556,-0.243686,-0.42014,-0.00560081,-0.000982995,-0.0082387,0.000504334,
0.118069,-0.62338,-0.184019,0.0612073,-0.00532224,-0.00348575,-0.00756634,-5.44956e-05,
0.065932,-0.828943,-0.273928,-0.734537,-0.0101798,-0.00638711,-0.00360914,0.000381566,
0.132802,-1.12121,-0.146428,-0.705575,-0.00863554,-0.010138,-0.0113986,-0.000223373,
0.253398,-0.302975,-0.167487,-0.707621,-0.00985488,-0.00858489,-0.00518174,-0.0008527,
0.133298,-0.677233,-0.22416,-0.629372,-0.0172778,-0.00435383,-0.00822429,-0.00234329,
0.281552,-0.478792,-0.113431,-0.511987,-0.0133594,-0.00669071,-0.00834062,-0.00167902,
0.260378,-0.401727,-0.104977,-0.0550022,-0.0104115,-0.00607287,-0.0106253,-0.00352842,
0.202223,-0.560838,-0.0332986,-0.238608,-0.00797947,-0.00817022,-0.00759243,-0.00485697,
0.15565,-0.194707,-0.0121221,-0.196298,-0.0055279,-0.00798672,-0.00994644,-0.00518612,
0.304971,-0.0480964,0.0103699,-0.113053,-0.00950165,-0.0115086,-0.00770182,-0.00528774,
0.17801,-0.0671167,0.0696508,-0.0224781,-0.0184385,-0.0116747,-0.00745886,-0.00540096,
0.238942,0.00824571,0.100367,0.0478383,-0.0273428,-0.0102141,-0.00623338,-0.00819772,
0.0842585,0.0743252,0.112476,0.154114,-0.0111458,-0.00903381,-0.00694816,-0.00707616,
0.0282941,0.0854655,0.113893,0.0949945,-0.0274911,-0.00771073,-0.0062897,-0.00716673,
0.157126,0.235542,0.210391,0.208576,-0.0414178,-0.0109084,-0.00556621,-0.00795748,
0.0173786,0.149779,0.134227,0.203305,-0.00923479,-0.00755168,-0.00535166,-0.0103904,
-0.129731,0.307931,0.0899795,0.114727,-0.0431482,-0.00843406,-0.00520647,-0.0115184,
-0.0353578,0.254375,0.164077,0.142276,-0.0443896,-0.00947232,-0.0054018,-0.0129541,
-0.0378864,0.18639,0.0822463,0.107973,-0.0497278,-0.00839456,-0.00387949,-0.0120614,
-0.12411,0.0652859,0.051889,0.136426,-0.0338736,-0.0109908,-0.00592795,-0.0127352,
0.038301,0.0711569,0.0306687,0.036332,-0.0435424,-0.0137696,-0.00297816,-0.0139626,
0.0718703,0.037171,0.0129572,0.0118129,-0.121632,-0.00951722,-0.0038113,-0.012898,
-0.0963412,0.0193241,-0.0246107,-0.020032,-0.0658219,-0.0103414,-0.00108395,-0.0131084,
-0.0043418,-0.00969661,-0.0198232,-0.0517217,-0.0423169,-0.00824254,-0.00243173,-0.0144577,
0.0286005,-0.0371909,-0.0487963,-0.0687715,-0.0177845,-0.0081208,-0.00212809,-0.0169679,
-0.00517026,-0.0523748,-0.0467734,-0.128624,-0.00693395,-0.0101586,-0.00308126,-0.0146482,
0.0125491,-0.0408466,-0.0527415,-0.0384943,-0.0478349,-0.00872301,2.09268e-06,-0.0186485,
0.0400973,-0.0721425,-0.0380591,-0.0840077,-0.0495463,-0.0101777,-0.00269157,-0.0246879,
0.026017,-0.0707934,-0.0470738,-0.0330375,-0.0273803,-0.0068214,-0.00202887,-0.01692,
0.0355479,-0.0505563,-0.0666361,-0.0751044,-0.0106104,-0.0111419,0.00414642,-0.0204141,
0.0738345,-0.0463776,-0.083889,-0.0104255,-0.0586563,-0.0091318,0.000988568,-0.0214639,
0.0945936,-0.0775047,-0.0409483,0.0128666,-0.0266138,-0.00980518,0.000611741,-0.0184649,
