3.413e-30,6.01423e-36,6.95135e-36,-14.3475,5.73541,-0.526295,-4.92686,5.7839,
-0.0120525,-0.00610009,-0.00283084,-0.00285058,0.0182393,0.00495957,0.00133817,0.00696059,
-0.0230798,-0.0081852,-0.00786988,-0.0127266,0.0524651,0.0133997,0.00649517,0.0112684,
-0.0666862,-0.0179799,-0.00975473,-0.0316257,0.0466912,0.0154719,0.0112815,0.0141917,
-0.148407,-0.0324997,-0.0218047,-0.0356839,0.0373301,0.0402914,0.0156097,0.0487094,
-0.138546,-0.0186263,-0.0245767,-0.0368783,0.0679098,0.0246448,0.0206677,0.0330546,
-0.120712,-0.0234709,-0.0317096,-0.0560232,0.163679,0.0539579,0.0394519,0.0705915,
-0.207259,-0.0978331,-0.0549437,-0.0851334,0.143646,0.0204767,0.0280543,0.0877249,
-0.13536,-0.0514029,-0.0603319,-0.102006,0.129612,0.066927,0.0469183,0.0406963,
-0.189728,-0.0568867,-0.0489256,-0.0776771,0.23883,0.117428,0.0565789,0.0441784,
-0.39112,-0.0601073,-0.0449288,-0.175004,0.212927,0.103494,0.1027,0.0493247,
-0.29392,-0.048535,-0.0826627,-0.161589,0.0747418,0.0703237,0.0466377,0.112375,
-0.144034,-0.0913813,-0.0369752,-0.0402519,0.233196,0.0629216,0.0467528,0.0342618,
-0.299427,-0.0718884,-0.0968219,-0.0913552,0.218943,0.0713093,0.0391115,0.0488345,
-0.178081,-0.0841522,-0.0369867,-0.071547,0.303863,0.0450312,0.0414691,0.0750457,
-0.153981,-0.0686234,-0.0539736,-0.0639733,0.190462,0.0473299,0.0439366,0.0532484,
-0.203427,-0.04605,-0.0295451,-0.0458953,0.29288,0.0530748,0.0443287,0.060364,
-0.165366,-0.0820367,-0.036333,-0.0456847,0.183521,0.0524201,0.0324268,0.0339252,
-0.12562,-0.0478639,-0.0602061,-0.0126668,0.125322,0.043097,0.0276197,0.0407282,
-0.0552357,-0.0273147,-0.0364111,-0.0197978,0.129285,0.0122389,0.0185506,0.0154223,
-0.11887,0.00195109,-0.00401074,-0.0122498,0.123985,0.0273168,0.021054,0.0124406,
-0.120868,-0.0049012,-0.0138038,-0.00695156,0.0809837,0.00461215,0.0079518,0.00374773,
-0.0478665,-0.0049069,-0.00814234,-0.00212963,0.0523554,0.000661448,0.00784547,0.0030128,
-0.0322395,-0.00033264,-0.00667727,-0.00159097,0.0514561,-0.0009927,0.00462871,0.00209894,
-0.0466568,0.00527898,0.00028085,-0.00499692,0.0354673,-0.00622541,0.000398354,0.002999,
-0.0234101,0.0106831,0.00474602,-0.00127821,0.0170512,-0.00568442,-0.00461475,0.00346769,
-0.000151902,0.00797568,0.0151439,-0.00389091,0.00487365,-0.0135977,-0.00560178,0.0135645,
0.00536545,0.00575363,0.0079849,-0.00833732,-0.00784007,-0.00712158,-0.0119586,0.00632314,
0.0172305,0.00438093,0.00394347,-0.0198833,-0.0190563,-0.00686634,-0.00966357,0.0135686,
0.0289994,0.00410083,0.0138598,-0.00146127,-0.0364551,-0.00634699,-0.0121859,0.0151035,
0.0369081,0.00217093,0.0149348,-0.0239439,-0.0533153,-0.00362167,-0.0107258,0.0321807,
0.0284879,-0.00101171,0.0157746,-0.0112426,-0.049369,-0.000344843,-0.0106411,0.0124333,
0.0462366,-0.00122235,0.00942617,-0.023237,-0.054634,-0.00082241,-0.016154,0.0113115,
0.0576866,-0.000200896,0.0140087,-0.00688123,-0.0350976,0.00187256,-0.0105829,0.0126923,
0.0437084,-0.00230427,0.00950386,-0.0084003,-0.0490664,0.00146824,-0.0135471,0.0102597,
0.0589047,-0.00289188,0.00774276,-0.0026037,-0.0314057,0.0033482,-0.00748608,0.00177698,
0.0334633,0.00171961,0.00820643,0.00135187,-0.0496861,0.000477212,-0.0139727,-0.00444915,
0.0313995,0.00487975,0.00607286,0.00680559,-0.0515548,-0.00388526,-0.00904393,-0.00664593,
0.0606101,0.00991679,0.0102465,0.00533174,-0.0574683,-0.0052738,-0.00765005,-0.012597,
0.0573599,0.0113052,0.0127141,0.0185368,-0.091213,-0.00987129,-0.00918197,-0.0208328,
0.071722,0.0262457,0.00983909,0.025103,-0.0947417,-0.0120928,-0.00672102,-0.0275349,
0.0515044,0.0247714,0.0165135,0.0474379,-0.0781362,-0.0156809,-0.0140793,-0.0223545,
0.0613336,0.023484,0.00713192,0.0355142,-0.0536798,-0.0178528,-0.0161323,-0.0413501,
0.0799918,0.0365262,0.0168781,0.0320611,-0.102994,-0.0386597,-0.0127818,-0.0421285,
0.0468644,0.052075,0.0264174,0.0354607,-0.121871,-0.0213549,-0.0179845,-0.0348433,
0.0514071,0.0328107,0.0179251,0.0100243,-0.132273,-0.0332547,-0.0331843,-0.028178,
0.110825,0.0319413,0.0238147,0.0292782,-0.112057,-0.04514,-0.0189386,-0.0477433,
0.121108,0.0227907,0.0199526,0.0500327,-0.135655,-0.0762035,-0.0292715,-0.0858325,
0.0927346,0.0285457,0.0225586,0.0437763,-0.141182,-0.036132,-0.0359751,-0.0319267,
0.167053,-0.0741711,0.0373487,0.0631398,-0.133271,-0.0612481,-0.0157043,-0.0409986,
0.160667,-0.107554,0.0331778,0.160665,-0.09375,-0.0346362,-0.0367434,-0.0374466,
0.187209,-0.195266,0.018209,-0.173366,-0.112845,-0.0676892,-0.0251145,-0.0375724,
0.130431,-0.23067,0.0234063,-0.3366,-0.154048,-0.0392858,-0.0498509,-0.0537365,
0.207228,-0.352454,0.048729,-0.407827,-0.0902212,-0.0661672,-0.0508895,-0.0239865,
0.172511,-0.360135,0.0301102,-0.19913,-0.0832263,-0.0339372,-0.0458486,-0.033572,
0.194297,-0.201111,0.0334277,-0.638119,-0.164346,-0.0612107,-0.0544081,-0.0560196,
0.140799,-0.44197,0.0378002,-0.246516,-0.324084,-0.0296429,-0.0104532,-0.064195,
0.221156,-0.136317,0.0512406,-0.570215,-0.154238,-0.0459701,-0.0397225,-0.0284157,
0.143155,-0.635884,0.0176237,-0.729219,-0.225499,-0.0468279,-0.0493694,-0.0549433,
0.182434,-0.36348,0.0382763,-0.327665,-0.104849,-0.0716702,-0.0309012,-0.0755361,
0.213688,-0.227732,0.0330713,-0.924938,-0.142872,-0.0579719,-0.0312862,-0.0464032,
0.191533,-0.358072,0.00413255,-0.731156,-0.136656,-0.0238905,-0.0334774,-0.0423868,
0.188187,-0.606344,0.0219464,-0.558482,-0.15582,-0.0448403,-0.00537455,-0.0760961,
0.216895,-0.66823,0.0199968,-1.03332,-0.233627,-0.0139742,-0.023267,-0.0428004,
0.170309,-0.543945,0.0130058,-0.760494,-0.145825,-0.0259441,-0.043905,-0.0472049,
0.199358,-0.270108,0.0268436,-0.609457,-0.162554,-0.0352959,-0.0154652,-0.0705177,
0.157132,-0.451875,0.026769,-1.06232,-0.140598,-0.0494012,-0.023252,-0.019916,
0.145606,-0.371235,0.0242612,-0.611561,-0.119081,-0.0532792,-0.0368987,-0.0361752,
0.169922,-0.697543,0.0294554,-0.354941,-0.175793,-0.0466166,-0.0326201,-0.0342439,
0.200485,-0.266037,0.0849836,-0.316894,-0.227805,-0.0369871,-0.0300195,-0.0649153,
0.092413,-0.242154,0.0272582,-0.479627,-0.140168,-0.0574143,-0.027182,-0.0527564,
0.139631,-0.523728,0.0419143,-0.249958,-0.143011,-0.0535131,-0.0211539,-0.051952,
0.14938,-0.247359,0.022372,-0.569336,-0.0825853,-0.0766018,-0.0315805,-0.0452254,
0.196891,-0.246963,0.0377927,-0.341115,-0.149922,-0.0385931,-0.0360326,-0.0791745,
0.12837,-0.116295,0.0681231,-0.15255,-0.0935192,-0.0300096,-0.0318083,-0.0849958,
0.152187,-0.0930235,0.0934129,-0.103406,-0.129558,-0.0433635,-0.026339,-0.0379405,
0.218651,-0.0551406,0.0814305,-0.000936793,-0.178559,-0.0426446,-0.0320086,-0.0300943,
0.136719,-0.00239463,0.0632269,0.0600257,-0.112969,-0.0490088,-0.0190094,-0.0411144,
0.141916,0.0692859,0.0282393,0.231487,-0.0975091,-0.049766,-0.0295289,-0.0250305,
0.12825,0.188091,0.0501843,0.120431,-0.0812922,-0.030902,-0.0190249,-0.0464433,
0.114139,0.112266,0.0234885,0.233813,-0.104892,-0.0369155,-0.0288837,-0.0278047,
0.131907,0.153452,0.0221075,0.288528,-0.144626,-0.0311338,-0.0281652,-0.0723814,
0.134891,0.186137,0.0160378,0.145247,-0.125809,-0.039406,-0.0242251,-0.048123,
0.108998,0.103016,0.00569806,0.231901,-0.0850877,-0.0208544,-0.0218625,-0.0403987,
0.151037,0.14942,0.00709816,0.192098,-0.0846225,-0.0216292,-0.0300314,-0.0191862,
0.0918975,0.230297,0.00144936,0.14614,-0.107366,-0.0186829,-0.00920025,-0.0459863,
0.0479351,0.13888,-0.000172696,0.102455,-0.129878,-0.0360243,-0.0263351,-0.0310678,
0.0651635,0.152152,0.00192194,0.0512507,-0.0646082,-0.0127175,-0.00771532,-0.0099516,
0.0745811,0.0893532,-0.00108189,0.0169307,-0.0464037,-0.0238564,-0.0144314,-0.0147366,
0.0993859,0.0521084,-0.0123405,-0.0238268,-0.0727654,-0.0153818,-0.0187111,-0.0204596,
0.0660703,0.0256269,-0.0107472,-0.0582865,-0.032122,-0.0128653,-0.0214128,-0.0116677,
0.0330494,0.00818832,-0.00523743,-0.0725633,-0.0292294,-0.00775582,-0.00683123,-0.0116739,
0.0172361,-0.0317774,-0.00157223,-0.0206846,-0.043049,-0.0073072,-0.00314518,-0.0103172,
0.0145793,-0.067951,0.0018583,-0.0849422,-0.023717,-0.00444783,-0.00684435,-0.00355394,
0.00741385,-0.0776652,0.00145405,-0.190536,-0.0155778,-0.00631046,-0.00383339,-0.00108343,
0.000554287,-0.0770854,0.00243769,-0.0707398,-0.00278947,-0.0014125,-0.00220407,0.00131596,
-0.0119573,-0.0790345,0.006133,-0.0574568,0.0100946,0.00136812,-0.00070736,0.00190797,
-0.0199789,-0.122524,0.00584585,-0.0443945,0.0269565,0.00519862,0.00503369,0.00258769,
-0.0223866,-0.0901675,0.00897999,-0.0763961,0.0243479,0.00330743,0.00575436,0.00933565,
-0.0512847,-0.0689119,0.00438342,-0.0100687,0.048792,0.00691964,0.00732817,0.011081,
-0.0716193,-0.0533823,0.00556567,0.00418517,0.0459792,0.00520101,0.00626903,0.0242015,
-0.0604357,-0.0467992,0.00179726,0.0166901,0.0337925,0.0137546,0.0133871,0.0319506,
-0.0663231,-0.0379983,0.00129367,0.0380494,0.0588308,0.00584293,0.013269,0.0219822,
-0.0816807,-0.00982237,-0.000807095,0.0707448,0.089484,0.00402067,0.00979213,0.0153045,
-0.0560736,0.00270106,-0.00565507,0.0347494,0.102423,0.0278898,0.0101874,0.0359441,
-0.0750605,0.0130197,-0.0114515,0.0365257,0.143303,0.0184103,0.0222803,0.0268191,
-0.128746,0.0238889,-0.0126844,0.0548978,0.0805417,0.0172899,0.0274868,0.00827228,
-0.173914,0.0209836,-0.0161019,0.00665342,0.0626719,0.0278492,0.0311092,0.0182729,
-0.141291,0.0287663,-0.0267267,0.0037161,0.168285,0.0416875,0.0292955,0.0205195,
-0.218188,0.0457,-0.0196893,-0.0166655,0.104257,0.0263381,0.0388595,0.0402926,
-0.119696,0.0155351,-0.0453931,-0.0309033,0.110264,0.0493261,0.00662015,0.0394113,
-0.0814794,0.0102806,-0.0226545,-0.0503874,0.128685,0.0542746,0.0254605,0.051421,
-0.125572,-0.00522357,-0.0486257,-0.105239,0.139711,0.0230085,0.0201566,0.0767699,
-0.00841214,-0.0147046,-0.0445137,-0.111547,0.125577,0.0329841,0.0340128,0.0524623,
-0.214602,-0.0496197,-0.0498027,-0.119917,0.086849,0.0304951,0.0263502,0.043817,
-0.232148,-0.0438781,-0.0284763,-0.182165,0.146869,0.0484095,0.0270598,0.0365028,
-0.127682,-0.054115,-0.0537511,-0.0993887,0.153292,0.0738646,0.0193723,0.0814979,
-0.192701,-0.0468962,-0.0294972,-0.100752,0.153982,0.0849153,0.0404359,0.0462757,
-0.139592,-0.0497372,-0.0364311,-0.107034,0.128016,0.067944,0.0285512,0.0316586,
-0.170635,-0.0795334,-0.0313407,-0.0248972,0.166639,0.061354,0.0331668,0.0502632,
-0.159724,-0.0449321,-0.0441474,-0.108647,0.115836,0.0322475,0.0471625,0.0373653,
-0.180823,-0.0482412,-0.0313998,-0.0451838,0.147197,0.0527706,0.0452631,0.0259734,
-0.122563,-0.0620105,-0.0258719,-0.0203765,0.219246,0.04942,0.0460631,0.0590988,
-0.119688,-0.0712408,-0.0369917,-0.028556,0.0771148,0.0461213,0.0405079,0.065731,
-0.267345,-0.0702204,-0.0285944,-0.0608952,0.16263,0.0338444,0.0561443,0.039966,
-0.237444,-0.0662037,-0.0347347,-0.0291382,0.118845,0.0533379,0.0231483,0.0759955,
-0.162793,-0.0493298,-0.0391457,-0.0389641,0.16067,0.0514103,0.0472465,0.104942,
-0.12651,-0.0586932,-0.0323431,-0.0114257,0.142831,0.0535822,0.0271627,0.0672924,
-0.146583,-0.0385822,-0.0407496,-0.0192414,0.187649,0.0689681,0.0470482,0.0446396,
-0.187061,-0.0405497,-0.0355827,-0.029505,0.199416,0.0396371,0.0322202,0.0843027,
-0.189005,-0.0199754,-0.0430716,-0.0310684,0.121869,0.0519025,0.0256534,0.0470026,
-0.132381,-0.0288968,-0.0266308,-0.067767,0.138863,0.0362134,0.0488966,0.0483476,
-0.182623,-0.0199626,-0.0417216,-0.0699842,0.174901,0.0698135,0.00638653,0.0454997,
-0.173737,-0.0132245,-0.0272375,-0.0446302,0.105564,0.0345739,0.0313093,0.0763257,
-0.182129,-0.0134973,-0.0357404,-0.104931,0.2397,0.051481,0.0419306,0.0654834,
-0.173524,-0.0119908,-0.0494884,-0.0543623,0.111808,0.0376485,0.0543257,0.0145558,
-0.203175,-0.0254704,-0.0424013,-0.090412,0.270956,0.0507651,0.0527687,0.0356082,
-0.167605,-0.0385081,-0.0559737,-0.0991919,0.185581,0.0300915,0.041148,0.0273941,
-0.127818,-0.0324899,-0.0554885,-0.0401735,0.077823,0.044571,0.0400764,0.051647,
-0.13783,-0.0293308,-0.0447939,-0.0807244,0.153532,0.0368028,0.0217561,0.049776,
-0.0768112,-0.0384662,-0.0221973,-0.0606589,0.237077,0.0318678,0.0147436,0.00473195,
-0.206559,-0.0452353,-0.0373433,-0.0639543,0.113274,0.0696821,0.0112252,0.0714218,
-0.0913493,-0.0188097,-0.0382438,-0.0357436,0.161489,0.0343085,0.0274338,0.0316492,
-0.0715587,-0.0292334,-0.0238431,-0.0247876,0.0758658,0.0382115,0.0275605,0.032766,
-0.0932497,-0.0400012,-0.0545307,-0.0315092,0.0974995,0.0160508,0.0475816,0.0277647,
-0.107124,-0.0446742,-0.0175632,-0.0264539,0.0957532,0.0170523,0.0220958,0.0426153,
-0.085109,-0.0178374,-0.00754734,-0.0232003,0.0669434,0.0252684,0.0122987,0.0171177,
-0.0933588,-0.0301454,-0.0206595,-0.0123651,0.0684305,0.0124705,0.0141569,0.0282414,
-0.0678758,-0.0205268,-0.0112816,-0.0174456,0.0935547,0.014818,0.0234562,0.0204036,
-0.0840819,-0.0126574,-0.00742289,-0.0115702,0.0622,0.0101897,0.0146393,0.0513906,
-0.103603,-0.017534,-0.00817429,-0.00291171,0.0885888,0.0162064,0.00997345,0.0215168,
-0.0358307,-0.0181085,-0.00486273,-0.00391638,0.033161,0.00685052,0.00650181,0.0189068,
-0.03133,-0.0137984,-0.00422463,-0.0053457,0.0435862,0.00911774,0.00687596,0.0127893,
-0.0439245,-0.00173394,0.000765428,-0.00433585,0.0412584,0.00752511,0.00564909,0.0139155,
-0.0159667,0.00172795,-0.000848063,-0.00846686,0.0243932,0.00146341,0.000552635,0.00930555,
-0.0174518,0.00664081,0.00340088,-0.00368866,0.0150418,0.000896072,0.000336559,0.00618687,
-0.00348318,0.00808762,0.00585027,-0.00434081,-0.00129573,-0.00115231,-0.00170875,0.00249351,
0.0104943,0.017465,0.00717933,-0.00341741,-0.0155943,-0.00436757,-0.00317894,-0.000111331,
0.0151735,0.0176844,0.0116977,-0.00458266,-0.0204417,-0.00351909,-0.00641794,-0.00311624,
0.0151722,0.0148581,0.0116734,-0.000623682,-0.023907,-0.00847858,-0.0109307,-0.00843543,
0.0354953,0.0191029,0.0100625,0.000554931,-0.038941,-0.0114304,-0.0112243,-0.012953,
0.0638818,0.0251218,0.0162829,0.00323452,-0.0272311,-0.016386,-0.0198368,-0.0123182,
0.05855,0.0168344,0.0113335,0.00659902,-0.0714516,-0.0126285,-0.0211361,-0.0193302,
0.0810008,0.0166572,0.012853,0.00817965,-0.0612587,-0.020929,-0.0219833,-0.0215843,
0.0447974,0.0278443,0.0135207,0.0158622,-0.0900991,-0.03591,-0.00965914,-0.0145624,
0.11679,0.0335369,0.0193869,0.0170339,-0.0920655,-0.0330886,-0.0166562,-0.0191919,
0.0792043,0.0207479,0.00653184,0.0450544,-0.0643888,-0.0350819,-0.0131337,-0.0382734,
0.0919759,0.0167974,0.0261995,0.0514975,-0.129029,-0.0239522,-0.0170442,-0.0201854,
0.0806267,0.0144822,0.026836,0.0364356,-0.0969156,-0.0272962,-0.0174754,-0.0540093,
0.155455,-0.132714,0.0237248,0.0435932,-0.0986032,-0.029443,-0.021272,-0.039365,
0.0668465,-0.347502,0.0194422,-0.337071,-0.11531,-0.0490398,-0.0470959,-0.0250211,
0.135355,-0.218178,0.00869683,-0.378717,-0.0908003,-0.0313319,-0.0280702,-0.0441918,
0.134374,-0.395337,0.00905503,-0.581111,-0.0780457,-0.0525395,-0.0260748,-0.0267126,
0.175695,-0.370688,0.0064461,-0.523688,-0.0981309,-0.0301733,-0.0293775,-0.0306864,
0.116072,-0.475091,0.0272313,-0.651931,-0.133102,-0.0276021,-0.0374097,-0.0609718,
0.0866026,-0.625833,0.0194736,-0.750901,-0.085659,-0.0460583,-0.0229784,-0.0304814,
0.16315,-0.422215,-0.0500854,-0.791582,-0.15044,-0.0268492,-0.0344599,-0.0400169,
0.0699789,-0.884284,-0.0666578,-1.00895,-0.150518,-0.0259807,-0.0334366,-0.0534542,
0.201952,-0.64388,-0.0989894,-1.13554,-0.0616376,-0.0458916,-0.0104803,-0.0601247,
0.167782,-1.21442,-0.129073,-1.68979,-0.177412,-0.0448164,-0.0299713,-0.0875819,
0.106046,-0.278939,-0.121529,-1.26269,-0.160588,-0.0483149,-0.00998172,-0.0218153,
0.216316,-1.00849,-0.0874987,-1.03075,-0.111359,-0.0504245,-0.0541764,-0.0445286,
0.157923,-1.06846,-0.0738729,-1.39355,-0.151278,-0.0431962,-0.0316421,-0.0454469,
0.182828,-0.999902,-0.143506,-1.65569,-0.110519,-0.0621897,-0.0290687,-0.0529728,
0.142258,-0.823708,-0.111296,-1.86127,-0.151294,-0.0568177,-0.0404597,-0.0411057,
0.219911,-1.00119,-0.153742,-2.28796,-0.192321,-0.0639282,-0.0366373,-0.0678167,
0.14637,-1.03869,-0.136008,-0.736431,-0.183406,-0.0330311,-0.0148781,-0.0594472,
0.264144,-1.0274,-0.173619,-1.50787,-0.174688,-0.0397346,-0.0412453,-0.0549264,
0.216947,-0.972577,-0.167268,-1.11754,-0.176196,-0.0555828,-0.040762,-0.0480128,
0.152632,-1.07646,-0.177807,-0.956856,-0.120915,-0.0648012,-0.0230888,-0.0696712,
0.194985,-0.489191,-0.130973,-1.66047,-0.250133,-0.0374581,-0.0140764,-0.0602285,
0.152384,-0.598267,-0.140105,-2.22424,-0.179542,-0.0504248,-0.0193817,-0.0636219,
0.107165,-0.719308,-0.197454,-1.75599,-0.136547,-0.0421232,-0.0364275,-0.0427905,
0.254224,-0.466762,-0.193536,-1.31434,-0.16468,-0.0455004,-0.0336587,-0.0741361,
0.222122,-0.671504,-0.133478,-1.19159,-0.131881,-0.0294797,-0.0277562,-0.080609,
0.144937,-0.927714,-0.0867975,-0.659494,-0.208705,-0.0316931,-0.0354064,-0.0751149,
0.12105,-0.519683,-0.0514265,-0.966274,-0.135247,-0.0387157,-0.0217053,-0.0436859,
0.135696,-0.525087,-0.107685,-0.994261,-0.150766,-0.0460026,-0.0340971,-0.0364272,
0.183599,-0.47009,-0.0495185,-1.15857,-0.182356,-0.0749234,-0.0306703,-0.0406523,
0.092245,-0.628131,-0.0196885,-1.39947,-0.187116,-0.0311914,-0.0348098,-0.0472019,
0.098993,-0.469174,-0.00337983,-0.823027,-0.119434,-0.0242718,-0.0621284,-0.0391542,
0.0791478,-0.391077,0.00982299,-0.85716,-0.142499,-0.0600447,-0.0341291,-0.0509714,
0.0900588,-0.426867,0.054858,-0.808739,-0.14992,-0.0204272,-0.0293859,-0.0525393,
0.134296,-0.15357,0.0713527,-0.355356,-0.110604,-0.0228893,-0.031372,-0.0456712,
0.145471,-0.363407,0.0426005,-0.367852,-0.187083,-0.0289866,-0.020947,-0.0541669,
0.161705,-0.19903,0.122177,-0.267353,-0.119504,-0.0498618,-0.0308771,-0.0277935,
0.133285,-0.119548,0.109192,-0.158612,-0.0967207,-0.0508998,-0.0209784,-0.0331206,
0.111313,-0.0441392,0.0976978,-0.0119306,-0.10173,-0.0315142,-0.0138238,-0.0343004,
0.0873835,0.0543213,0.0670021,0.106008,-0.0690248,-0.0250046,-0.024814,-0.0226743,
0.0926735,0.096821,0.144871,0.107572,-0.060072,-0.0314901,-0.0336597,-0.0323993,
0.047615,0.14415,0.116346,0.189685,-0.137024,-0.0233539,-0.016618,-0.01893,
0.0805285,0.150487,0.0690346,0.123227,-0.0743801,-0.020897,-0.0308581,-0.01686,
0.0813419,0.132951,0.0554399,0.199243,-0.0558881,-0.0119146,-0.0103504,-0.0171282,
0.0895562,0.187806,0.049855,0.197102,-0.0529616,-0.0238,-0.0113528,-0.0307297,
0.0695488,0.255723,0.0160726,0.424303,-0.0963344,-0.0224476,-0.0129591,-0.0204631,
0.0323411,0.302877,0.0191872,0.110065,-0.0842116,-0.0147348,-0.0163093,-0.0217289,
0.0616101,0.250089,0.00302949,0.122591,-0.0406747,-0.0126862,-0.0102573,-0.00642971,
0.00889467,0.119549,-0.0137445,0.0891418,-0.012534,-0.00947362,-0.00747458,-0.008799,
0.0106668,0.114501,-0.0384627,0.029111,-0.017466,-0.00619672,-0.0037555,-0.00347387,
0.00870875,0.0607826,-0.0298024,-0.0116519,-0.003993,-0.00431434,-0.00700621,-0.00022726,
-0.00391053,0.0167527,-0.0876742,-0.0795836,-0.00152228,-0.00120957,-0.00318872,0.000566733,
-0.00919805,-0.0218736,-0.0676696,-0.0940837,0.0127183,0.00100444,-0.00134737,0.00370005,
-0.0129158,-0.0411257,-0.0676636,-0.0940881,0.0251464,0.00298203,0.00156372,0.00740726,
-0.0204307,-0.0744176,-0.0594144,-0.147716,0.0301953,0.00849894,0.00207386,0.00966121,
-0.0411069,-0.179162,-0.030482,-0.14255,0.0405085,0.00496908,0.00541212,0.023592,
-0.0933082,-0.139167,-0.0325591,-0.228138,0.0326104,0.018532,0.0044273,0.0207125,
-0.0501214,-0.249884,-0.0413202,-0.230578,0.0838011,0.0210724,0.0168527,0.0242367,
-0.069337,-0.123332,-0.013369,-0.144846,0.0855008,0.0162635,0.00642096,0.0213259,
-0.0623808,-0.125245,-0.0163698,-0.0669539,0.0630019,0.0287651,0.0228492,0.0240286,
-0.119309,-0.107868,-0.0113813,-0.0394564,0.0684631,0.0259623,0.0229409,0.020829,
-0.0599582,-0.0794879,-0.00889346,-0.0149757,0.162351,0.0298015,0.0116347,0.0326145,
-0.137363,-0.0722553,-0.00421699,0.0105794,0.127784,0.0306718,0.0357385,0.0297305,
-0.0903856,-0.0340267,0.000631218,0.0268038,0.123646,0.0382119,0.0308863,0.0286565,
-0.14346,-0.0271724,0.00449899,0.058282,0.197773,0.0281961,0.032371,0.0513104,
-0.112066,0.00173709,0.0110583,0.117617,0.137471,0.0393166,0.0302297,0.0577643,
-0.144653,0.0237507,0.00229001,0.124526,0.24932,0.0228345,0.0486746,0.0490706,
-0.136715,0.033266,0.00499958,0.0658069,0.142302,0.0131073,0.0355783,0.0213323,
-0.0810907,0.0687306,0.00128215,0.0262597,0.186846,0.045992,0.0501559,0.0490558,
-0.20664,0.0240406,-0.000852595,0.0104751,0.20344,0.0202759,0.0402966,0.0266939,
-0.105681,0.027945,-0.00849206,-0.0102958,0.220187,0.0291315,0.0535775,0.0479478,
-0.0879073,0.0249387,-0.0108847,-0.027635,0.201178,0.0459869,0.0425545,0.0454366,
-0.201482,0.014367,-0.0184543,-0.0909855,0.141542,0.0375043,0.0135073,0.0538197,
-0.25137,-0.00569452,-0.0276173,-0.176172,0.179538,0.0624986,0.0385185,0.0630869,
-0.117262,-0.0180142,-0.0433893,-0.10861,0.259063,0.0363671,0.0301114,0.0567626,
-0.22379,-0.0384406,-0.0350151,-0.155244,0.105327,0.0635493,0.0310112,0.066041,
-0.19203,-0.0444124,-0.0571095,-0.0942796,0.188283,0.0516185,0.0323632,0.057562,
-0.143504,-0.143096,-0.0939575,-0.0940676,0.155208,0.0478339,0.0289136,0.0996763,
-0.160237,-0.0828067,-0.0608238,-0.125002,0.254904,0.0404084,0.0639617,0.0224437,
-0.237971,-0.0872226,-0.0273373,-0.0860154,0.186568,0.0565977,0.0477432,0.0757042,
-0.156949,-0.123327,-0.0472743,-0.0717498,0.111121,0.0599444,0.0338859,0.0321254,
-0.241056,-0.121777,-0.0956907,-0.0644529,0.258056,0.056452,0.0362312,0.0629339,
-0.140691,-0.0479488,-0.0671668,-0.111794,0.13683,0.0536883,0.0501615,0.0666132,
-0.142645,-0.120121,-0.0528674,-0.0369044,0.113869,0.0405642,0.0449225,0.0478592,
-0.285789,-0.093518,-0.0443336,-0.0717158,0.232676,0.027362,0.0324128,0.0635444,
-0.208851,-0.0890401,-0.0425913,-0.0315505,0.29755,0.0501452,0.0259609,0.0519338,
-0.165448,-0.0856408,-0.0636725,-0.0144832,0.130054,0.0414837,0.0563419,0.038595,
-0.179244,-0.0650833,-0.02597,-0.014509,0.222083,0.0245869,0.028663,0.0259759,
-0.124757,-0.0127007,-0.021,-0.00801441,0.0896592,0.0381236,0.0117151,0.0518906,
-0.142344,-0.0501377,-0.0314436,-0.0159859,0.0824297,0.0347415,0.0269886,0.044811,
-0.159627,-0.0266617,-0.0499655,-0.00929683,0.07495,0.0625197,0.063755,0.0517615,
-0.168398,-0.00907305,-0.0218298,-0.0293232,0.205573,0.0753828,0.0324508,0.0424495,
-0.216355,-0.00749375,-0.0151487,-0.0246447,0.310084,0.0315361,0.0257762,0.0415146,
-0.129311,-0.00519493,-0.0220867,-0.0168346,0.228542,0.0550843,0.0498747,0.0566843,
-0.209824,-0.0100371,-0.0232206,-0.020922,0.169805,0.0167062,0.035582,0.0296995,
-0.098503,-0.00903702,-0.0132953,-0.0579449,0.125168,0.0318935,0.0258359,0.05904,
-0.164032,-0.00712162,-0.0170091,-0.0355302,0.190393,0.043741,0.0194594,0.034576,
-0.145214,-0.0302187,-0.0136799,-0.0501648,0.146244,0.0312285,0.0215053,0.0247459,
-0.102224,-0.0147076,-0.00692451,-0.0416733,0.121695,0.0281197,0.0199619,0.0418815,
-0.147388,-0.0226457,-0.0170687,-0.0530726,0.063353,0.0248579,0.0188956,0.0315711,
-0.0755574,-0.0436923,-0.0271523,-0.0429471,0.100845,0.0285628,0.00592074,-0.00398347,
-0.0420005,-0.0236019,-0.0198321,-0.061527,0.0879958,0.0226905,0.0174898,0.0221889,
-0.0796461,-0.0386205,-0.0263188,-0.0782487,0.0920825,0.0182454,0.0181914,0.0219068,
-0.0673037,-0.0418987,-0.02106,-0.0582025,0.0985184,0.0194974,0.0148292,0.0204411,
-0.0784776,-0.0253305,-0.00963438,-0.0363182,0.0626564,0.0153539,0.0124996,0.0181602,
-0.0543708,-0.058681,-0.00848041,-0.035052,0.0574388,0.0358379,0.00818117,0.0371872,
-0.0656692,-0.0538144,-0.0259843,-0.0146409,0.0685622,-0.000169348,0.0035912,0.0210562,
-0.0872767,-0.0281936,-0.0121469,-0.00527602,0.0336605,0.0122205,0.00843801,0.0095002,
-0.0448636,-0.0473647,-0.004313,0.00186999,0.0368354,0.00182597,0.00809344,0.021996,
-0.0349195,-0.0305324,-0.00392841,0.00652634,0.0254489,0.00607394,0.00105287,0.00811397,
-0.0221408,-0.00880564,-0.0037777,0.0149584,0.0178257,0.00261842,0.00216711,0.0075291,
-0.00992592,-0.0095005,-0.00521467,0.013282,0.00863962,0.00292591,-0.000731305,0.00361808,
-0.000294105,-0.000769711,-0.000926452,0.0194194,0.00542515,-0.00189253,-0.00523117,0.00365061,
0.00646762,0.00871606,0.000937405,0.00740425,-0.0129108,-0.00277645,-0.00517423,-1.47904e-05,
0.0226703,0.0099015,0.00516421,0.0103694,-0.00873039,-0.00789506,-0.0100888,-0.00191004,
0.0356925,0.0158974,0.00887689,0.0129768,-0.0289924,-0.00897758,-0.00822054,-0.00749022,
0.0198194,0.0182231,0.0105415,0.00819601,-0.0235038,-0.00852415,-0.00892095,-0.0102629,
0.0576926,0.0212401,0.0147603,0.00990539,-0.0523168,-0.00868156,-0.0087355,-0.0129884,
0.0266033,0.0348739,0.021271,0.00581202,-0.0354114,-0.0194047,-0.0121668,-0.00887766,
0.0749419,0.0256799,0.0173326,0.0111931,-0.0431542,-0.0235701,-0.0148136,-0.0141695,
0.135255,0.0488749,0.0166935,0.00723949,-0.0563209,-0.0275283,-0.009786,-0.0268926,
0.108134,-0.139748,0.0268629,0.00608511,-0.0833542,-0.0212728,-0.00971937,-0.018561,
0.075915,-0.401862,0.0272896,-0.434173,-0.114313,-0.0181741,-0.0147207,-0.0423111,
0.0977623,-0.330177,0.0124433,-0.444631,-0.0941014,-0.0202127,-0.027468,-0.0260173,
0.119961,-0.251184,0.0219955,-0.656183,-0.0892115,-0.0281022,-0.0264404,-0.0294756,
0.100942,-0.323538,0.0218347,-0.709506,-0.121865,-0.0342374,-0.0114828,-0.0374575,
0.112518,-0.461516,-0.0278572,-0.351472,-0.143409,-0.0325752,-0.0342723,-0.0140512,
0.0695201,-0.459244,-0.162838,-0.695151,-0.104955,-0.0255644,-0.040339,-0.0622124,
0.146529,-0.560037,-0.189326,-0.985442,-0.121803,-0.0250695,-0.0379751,-0.0303548,
0.122573,-0.750174,-0.177065,-0.92772,-0.108383,-0.0461551,-0.0295081,-0.0464591,
0.11752,-1.30296,-0.118721,-1.05558,-0.097448,-0.0141497,-0.0348146,-0.0503962,
0.122547,-0.624921,-0.231766,-2.35708,-0.0936484,-0.0358477,-0.0172583,-0.0366701,
0.108837,-0.953004,-0.22793,-2.46734,-0.210082,-0.0310475,-0.0215048,-0.04848,
0.150932,-1.05938,-0.235455,-1.87919,-0.151236,-0.0489209,-0.0255191,-0.0779642,
0.116719,-1.15026,-0.147856,-2.0819,-0.125694,-0.0446132,-0.0265917,-0.0568179,
0.140333,-1.04804,-0.445236,-1.19743,-0.188997,-0.0536492,-0.0233225,-0.0696568,
0.137503,-1.18503,-0.309061,-1.84369,-0.121234,-0.0446311,-0.0406767,-0.0297906,
0.166708,-1.00353,-0.236321,-0.704054,-0.1458,-0.0535623,-0.0455197,-0.0910063,
0.180402,-1.17413,-0.292188,-1.5553,-0.18437,-0.0320107,-0.0292929,-0.0397211,
0.0943978,-0.825262,-0.434581,-1.95181,-0.256449,-0.0323757,-0.058453,-0.0314648,
0.151146,-0.952911,-0.25264,-1.94839,-0.180839,-0.0368622,-0.0384743,-0.0284324,
0.119132,-1.82051,-0.318422,-0.493941,-0.133384,-0.0480784,-0.0172697,-0.0553952,
0.200473,-1.2554,-0.444427,-2.73545,-0.209093,-0.0381091,-0.0348342,-0.0692657,
0.150349,-1.16489,-0.473663,-1.4771,-0.112573,-0.0323849,-0.0235685,-0.103807,
0.179777,-1.01566,-0.232772,-2.43327,-0.217103,-0.0592915,-0.0278417,-0.0614852,
0.163449,-0.887626,-0.188944,-1.44268,-0.139957,-0.0420013,-0.0113248,-0.059413,
0.159335,-1.36748,-0.546104,-2.60109,-0.16887,-0.0641165,-0.0145175,-0.0620071,
0.215237,-0.863731,-0.126062,-1.47745,-0.131971,-0.0370161,-0.0303114,-0.0261634,
0.101387,-1.10813,-0.355601,-1.20705,-0.148845,-0.0360195,-0.0332405,-0.0885665,
0.120905,-1.2574,-0.481224,-1.9225,-0.185616,-0.0374093,-0.0385372,-0.0351136,
0.144484,-0.775994,-0.179451,-1.45633,-0.146426,-0.0539886,-0.0391054,-0.0268392,
0.163871,-0.809782,-0.205667,-1.40612,-0.178306,-0.0385024,-0.0517553,-0.0265797,
0.0924317,-1.40172,-0.338125,-2.61716,-0.106036,-0.0450995,-0.0175214,-0.0991743,
0.136825,-1.02377,-0.147358,-1.98898,-0.182646,-0.0599366,-0.018485,-0.0709425,
0.0932904,-0.683018,-0.25637,-1.0507,-0.208945,-0.0359264,-0.0436837,-0.0368644,
0.135999,-1.09909,-0.217009,-1.4048,-0.124276,-0.0359378,-0.0273436,-0.0508208,
0.144294,-0.74907,-0.206805,-0.959698,-0.142038,-0.0338973,-0.0316903,-0.0283154,
0.102344,-0.985245,-0.138923,-1.56995,-0.171761,-0.0381131,-0.0319611,-0.0429009,
0.0771945,-0.732862,-0.120563,-0.990632,-0.164077,-0.0301872,-0.0164968,-0.0571184,
0.199392,-1.00168,-0.0551685,-0.987083,-0.107138,-0.0469399,-0.00339615,-0.0481573,
0.0693203,-1.0706,-0.0684125,-0.897717,-0.179633,-0.0309291,-0.0281916,-0.0183014,
0.109018,-0.488723,-0.0387775,-0.891545,-0.135529,-0.0325285,-0.0164222,-0.0598019,
0.162956,-0.432784,0.00205054,-0.84651,-0.123352,-0.0210019,-0.0290778,-0.0308863,
0.0944235,-0.346386,0.0759631,-0.803297,-0.130852,-0.0366422,-0.0246834,-0.0458114,
0.0841215,-0.428901,0.0540425,-0.316184,-0.12153,-0.0473103,-0.025472,-0.0706018,
0.0805439,-0.334122,0.0643832,-0.282005,-0.0461225,-0.0237831,-0.0168742,-0.031772,
0.134143,-0.224146,0.105275,-0.19184,-0.104635,-0.01707,-0.0167022,-0.040784,
0.0947201,-0.0621872,0.129539,-0.0745256,-0.0650604,-0.0257641,0.00319457,-0.0235532,
0.0819342,-0.0122876,0.0678752,0.0892191,-0.144265,-0.0219906,-0.0171734,-0.026766,
0.0663072,0.0914088,0.0811382,0.0800295,-0.0623993,-0.0266825,-0.0196327,-0.011242,
0.0635249,0.0703498,0.16589,0.352438,-0.0887134,-0.0190339,-0.0111908,-0.018118,
0.0901781,0.138773,0.0704788,0.364082,-0.0246459,-0.0103717,-0.0194266,-0.0137055,
0.0394835,0.259339,0.0785444,0.552079,-0.0502739,-0.0132326,-0.00979629,-0.00843227,
0.0523175,0.208026,0.0670636,0.437881,-0.0233495,-0.00760741,-0.00802852,-0.00638944,
0.0077423,0.252067,0.0688582,0.399027,-0.0262865,-0.00363466,-0.00770958,-0.00234855,
0.00536342,0.137472,0.0374852,0.166427,-0.00747302,-0.00453662,-0.00690843,-0.00220488,
0.00382038,0.150124,0.0116872,0.088699,-0.00340985,-0.00131004,-0.00414699,0.00159857,
-0.00723723,0.123709,0.00415221,0.144314,0.00758318,0.00129081,-0.00104295,0.00248283,
-0.0206208,0.078763,-0.0198599,0.0715836,0.0193217,0.00580123,-0.000311335,0.00824707,
-0.0140922,0.0666463,-0.0316853,-0.0368147,0.0342869,0.0132509,0.00156448,0.00968612,
-0.0394309,-0.000130883,-0.0984146,-0.0998489,0.0382083,0.0114905,0.00178604,0.00895624,
-0.0559372,-0.0250859,-0.0686323,-0.152476,0.0353133,0.0038852,0.00512554,0.0150642,
-0.05243,-0.0629389,-0.0900489,-0.235998,0.0480831,0.026575,0.00312768,0.0224733,
-0.0393856,-0.112744,-0.0908787,-0.208555,0.12577,0.020781,0.00725616,0.0168679,
-0.0830228,-0.110896,-0.0578221,-0.224128,0.0730422,0.0324426,0.019602,0.0175663,
-0.0935316,-0.202749,-0.0570818,-0.16404,0.0897745,0.0371789,0.0200646,0.0198742,
-0.0810466,-0.182725,-0.0579366,-0.198712,0.100327,0.0258468,0.0202716,0.0247005,
-0.0634019,-0.206327,-0.038946,-0.164666,0.169111,0.0280673,0.0198488,0.0307611,
-0.144892,-0.174178,-0.0386777,-0.15454,0.0642972,0.0184621,0.0192621,0.0562175,
-0.247161,-0.115356,-0.0309391,-0.0773432,0.187748,0.0218395,0.0208436,0.0377659,
-0.13939,-0.118523,-0.014495,-0.0396549,0.105309,0.0452347,0.0124798,0.0214556,
-0.0980725,-0.055522,-0.014432,0.00915152,0.128149,0.023057,0.0159585,0.0392775,
-0.191511,-0.0656221,-0.0110426,0.0314445,0.144704,0.0291099,0.0281463,0.0448499,
-0.0929484,-0.0354963,-0.00198088,0.0534927,0.110973,0.0309524,0.0401988,0.0671643,
-0.122873,0.00199497,0.00321828,0.0515214,0.187922,0.04787,0.0481008,0.0411809,
-0.248996,0.0187197,0.0107392,0.0204988,0.105587,0.0516179,0.0438677,0.0390196,
-0.13028,0.026168,0.00904778,0.0436794,0.197349,0.0173736,0.0263863,0.0774167,
-0.2132,0.0347897,0.0103348,0.0436856,0.191653,0.0710562,0.0181018,0.0386696,
-0.16057,0.0434245,0.00806352,0.0238541,0.104877,0.0402078,0.0358758,0.0377125,
-0.255926,0.0417001,0.00239792,0.00264274,0.168365,0.0624186,0.0208803,0.0354324,
-0.152338,0.0266828,-0.0135211,-0.0251524,0.0684516,0.0235784,0.0415359,0.0456485,
-0.228056,0.0159894,-0.0127075,-0.0331775,0.291854,0.0251297,0.0270427,0.0686773,
-0.112565,-0.012636,-0.0185341,-0.0927861,0.154754,0.0622228,0.0413576,0.0755929,
-0.199689,-0.03649,-0.0206543,-0.203649,0.124852,0.0506504,0.0409556,0.0530551,
-0.182073,-0.0317238,-0.0604406,-0.14178,0.243638,0.0354077,0.0331326,0.0570602,
-0.224837,-0.0338587,-0.056248,-0.0512109,0.279806,0.0470836,0.0565365,0.049577,
-0.214505,-0.114683,-0.0300964,-0.119321,0.177986,0.0525594,0.0540857,0.082066,
-0.150053,-0.133631,-0.0822519,-0.146966,0.0810428,0.046961,0.0407918,0.0644731,
-0.157063,-0.112128,-0.0740577,-0.140069,0.140228,0.0538658,0.0518688,0.0633635,
-0.203511,-0.0760059,-0.0679659,-0.0897309,0.175122,0.0587861,0.0160378,0.0684562,
-0.12258,-0.135322,-0.068949,-0.0819439,0.16745,0.0289382,0.0236853,0.0808943,
-0.117765,-0.0802045,-0.0713073,-0.0841872,0.212528,0.0740517,0.0387796,0.0525189,
-0.138576,-0.0504262,-0.0554342,-0.0578137,0.222848,0.0478267,0.0260373,0.0526998,
-0.0782147,-0.0646797,-0.0442992,-0.0577658,0.213085,0.0329016,0.0232412,0.0389312,
-0.154592,-0.0586781,-0.0637066,-0.0157375,0.113675,0.0424896,0.0517904,0.0275848,
-0.143401,-0.0806489,-0.0410764,-0.00596033,0.251705,0.0248128,0.0317367,0.0576815,
-0.248369,-0.0730024,-0.0855132,0.000339503,0.132203,0.042878,0.0445723,0.0380591,
-0.267755,-0.0411582,-0.0525328,0.00202958,0.183153,0.0516536,0.0292737,0.0949766,
-0.111972,-0.0202379,-0.0436844,0.00244712,0.150715,0.0201844,0.031371,0.0569428,
-0.192786,-0.0166762,-0.0400131,-0.00434721,0.211434,0.0584649,0.0407066,0.0409425,
-0.148467,-0.00317352,-0.0197103,-0.0051638,0.210277,0.0255015,0.015806,0.0262064,
-0.185932,-0.00765541,-0.00962849,-0.014566,0.0987051,0.0583368,0.0308837,0.0284233,
-0.135166,0.00334003,-0.0147031,-0.0344528,0.118717,0.0367752,0.0366598,0.067114,
-0.141999,0.00216103,-0.0127302,-0.0576131,0.106967,0.0151081,0.0239792,0.0296059,
-0.188455,-0.000777421,-0.0128061,-0.0450635,0.179285,0.0201529,0.023806,0.0178713,
-0.134177,-0.00940094,-0.00471963,-0.053669,0.109812,0.027176,0.0206804,0.018206,
-0.107831,-0.00272345,-0.00131638,-0.0369101,0.120304,0.0454391,0.013556,0.0380758,
-0.0804593,-0.00603127,0.00138455,-0.068678,0.102895,0.0221108,0.0199304,0.0354194,
-0.032172,-0.0194419,-0.00668916,-0.07702,0.0586544,0.0113185,0.0122664,0.03407,
-0.0681166,-0.0329432,-0.00608907,-0.0512539,0.150061,0.0224434,0.00579411,0.00916293,
-0.101937,-0.0301477,-0.00972962,-0.0364416,0.0852363,0.0193851,0.0144435,0.0227422,
-0.0372588,-0.0291492,-0.00423024,-0.0493046,0.0400016,0.00719963,0.0152943,0.0190977,
-0.0462905,-0.0472274,-0.00410204,-0.0438133,0.0503386,0.0117557,0.0101947,0.0114888,
-0.0634528,-0.038374,-0.00660642,-0.019953,0.0558706,0.0182439,0.0057932,0.0116352,
-0.0317317,-0.0547035,-0.00235803,-0.0102229,0.0301296,0.00480838,0.00326712,0.0078729,
-0.023936,-0.0192139,-0.00810117,-0.00195454,0.0171016,0.000871854,0.000346921,0.00949817,
-0.0116898,-0.0210468,-0.00551965,0.0068396,0.0105878,0.00207839,0.000719376,0.00471257,
0.00267882,-0.0086006,-0.00784419,0.000957063,0.000827318,-0.000607203,-0.00203663,0.00298692,
0.0153791,-0.00940226,-0.00647723,0.0315914,-0.00373998,-0.00339056,-0.00459223,-0.00145158,
0.0178989,-0.00102554,-0.00116666,0.0466457,-0.0133488,-0.01107,-0.00671435,-0.00445558,
0.0236361,0.00450651,-0.000101338,0.0317595,-0.0194636,-0.0104187,-0.00841248,-0.00640552,
0.0374457,0.0142343,0.00316472,0.0234616,-0.0340692,-0.0133908,-0.00962788,-0.0119747,
0.0572004,-0.257409,0.00850077,0.0321501,-0.0455759,-0.0134643,-0.0116404,-0.0089,
0.0336905,-0.280961,0.0104018,-0.250912,-0.0464581,-0.0154002,-0.010276,-0.0126095,
0.0465999,-0.189524,0.00923035,-0.825255,-0.0724469,-0.0171589,-0.0174948,-0.0156483,
0.085772,-0.285187,0.0135863,-0.522221,-0.0581444,-0.0272704,-0.0190871,-0.0200078,
0.0684933,-0.552372,0.0154149,-0.912422,-0.077802,-0.0239062,-0.0127066,-0.0374466,
0.129397,-1.09448,-0.126724,-1.12773,-0.0542358,-0.0338284,-0.023947,-0.0359699,
0.0781042,-0.45976,-0.121705,-1.25956,-0.0733949,-0.0379947,-0.0425887,-0.0215417,
0.108984,-0.929923,-0.130238,-1.39916,-0.122429,-0.0484198,-0.0251068,-0.0382696,
0.0666126,-0.855565,-0.228248,-0.939765,-0.103936,-0.0145878,-0.0160516,-0.0239663,
0.140135,-0.773199,-0.234828,-2.21478,-0.0916886,-0.038491,-0.00978217,-0.0280138,
0.099846,-1.11849,-0.118795,-1.22439,-0.0781502,-0.0504925,-0.0307012,-0.0613673,
0.107184,-0.658445,-0.459241,-1.20376,-0.11735,-0.0404447,-0.0253651,-0.0578925,
0.143661,-1.28473,-0.360086,-1.81217,-0.113321,-0.0320774,-0.0141835,-0.0627277,
0.172966,-2.09516,-0.295,-1.83051,-0.106897,-0.0277344,-0.0237276,-0.0401898,
0.246137,-1.14578,-0.225305,-1.8027,-0.130009,-0.0340106,-0.0360659,-0.0608529,
0.214507,-1.53739,-0.408012,-1.7081,-0.201372,-0.0524273,-0.0239807,-0.0488722,
0.119336,-1.35051,-0.45829,-1.55068,-0.146096,-0.0114287,-0.0347958,-0.053755,
0.103958,-1.7918,-0.614668,-1.01155,-0.0769938,-0.0389259,-0.0256222,-0.0262753,
0.155071,-0.913925,-0.248153,-2.95076,-0.20866,-0.0211086,-0.0358146,-0.0884203,
0.283024,-1.27362,-0.179995,-3.83221,-0.158883,-0.0559975,-0.0239654,-0.0509073,
0.163782,-1.50994,-0.380532,-2.00313,-0.168754,-0.0384699,-0.0314666,-0.0245993,
0.0938114,-1.66567,-0.20185,-1.52371,-0.156545,-0.0660278,-0.0313297,-0.0704176,
-0.254882,-1.23312,-0.440112,-3.25026,-0.219595,-0.0543954,-0.0374577,-0.0432356,
-0.183463,-1.39236,-0.29847,-3.27741,-0.111358,-0.0211285,-0.0177385,-0.100262,
-0.239783,-1.59227,-0.571256,-2.88248,-0.185243,-0.0411647,-0.0333118,-0.0576487,
-0.28471,-1.23173,-0.379924,-2.08837,-0.173044,-0.0456646,-0.041692,-0.0886155,
-0.213105,-1.3537,-0.370193,-3.37475,-0.124489,-0.0653736,-0.0564447,-0.0392433,
-0.180442,-1.07365,-0.555941,-2.38742,-0.206742,-0.0328525,-0.0268763,-0.0630986,
-0.165087,-1.27865,-0.469725,-1.50976,-0.197392,-0.0629446,-0.0039912,-0.0685948,
-0.123294,-1.26755,-0.358714,-2.32087,-0.26596,-0.0384589,-0.0422972,-0.0762536,
-0.12365,-1.14142,-0.724983,-2.2322,-0.138888,-0.0439225,-0.0357493,-0.0647843,
-0.0767018,-1.41146,-0.464226,-1.80754,-0.130546,-0.0547531,-0.0339825,-0.0396443,
-0.0572626,-1.1798,-0.812717,-2.18306,-0.0752425,-0.0240905,-0.0192637,-0.0395741,
-0.00952874,-1.87203,-0.214194,-3.05392,-0.157835,-0.0373254,-0.00354835,-0.0914106,
0.0265949,-0.925467,-0.538417,-2.22226,-0.103984,-0.0297802,-0.0205833,-0.063427,
0.0724947,-0.851713,-0.532602,-2.30489,-0.166213,-0.035978,-0.0116283,-0.0463643,
0.158041,-0.976895,-0.29562,-2.2084,-0.176757,-0.040747,-0.0349206,-0.0527516,
0.17202,-1.3132,-0.29651,-1.34482,-0.116625,-0.0630545,-0.0280429,-0.0577615,
0.248807,-1.3406,-0.409926,-1.8766,-0.101281,-0.0726107,-0.0310227,-0.0566528,
0.244669,-0.960669,-0.215345,-1.44601,-0.117575,-0.0349119,-0.038672,-0.0485072,
0.133412,-0.836286,-0.180319,-1.84754,-0.188691,-0.0479663,-0.0324461,-0.0370901,
0.281343,-0.843931,-0.326639,-1.56848,-0.0817121,-0.0473542,-0.0209216,-0.0604927,
0.301346,-0.920195,-0.345956,-1.2054,-0.210443,-0.0323232,-0.0208664,-0.0441486,
0.19209,-1.20715,-0.227825,-1.77482,-0.123118,-0.0336543,-0.0333576,-0.00815096,
0.459379,-0.963175,-0.130986,-1.75259,-0.181299,-0.0225335,-0.0297874,-0.0252292,
0.362648,-1.2394,-0.207366,-0.906435,-0.0729507,-0.0244234,-0.0186128,-0.0428219,
0.248214,-0.949485,-0.11836,-1.25441,-0.0908145,-0.0273384,-0.0229987,-0.0324602,
0.0703272,-0.396549,-0.0804849,-0.772608,-0.0702074,-0.0290922,-0.0141906,-0.0131935,
0.231437,-0.548423,-0.0567508,-1.4201,-0.0981872,-0.018418,-0.0141314,-0.0191802,
0.134075,-0.712696,-0.0174043,-1.02927,-0.0779115,-0.0267335,-0.00795759,-0.0322396,
0.08016,-0.328724,0.0156771,-0.598082,-0.0885361,-0.0250167,-0.0149555,-0.0309784,
0.0591121,-0.31655,0.0453326,-0.587994,-0.076681,-0.0198518,-0.0275226,-0.0115214,
0.034972,-0.225426,0.135397,-0.315462,-0.0582928,-0.00845868,-0.0159937,-0.00868924,
0.00531093,-0.112007,0.112725,-0.192959,-0.0477892,-0.0101019,-0.010686,-0.022569,
-0.0145979,-0.0433014,0.175723,-0.0671294,-0.0439877,-0.0167501,-0.0125002,-0.0153757,
-0.0263719,0.0393702,0.108049,0.168536,-0.0286221,-0.0168481,-0.0147901,-0.0132847,
-0.0617873,0.0775553,0.187946,0.283247,-0.0219493,-0.0107714,-0.00729598,-0.00612933,
-0.112745,0.14667,0.0943679,0.196658,-0.0304256,-0.00663868,-0.00812672,-0.00170802,
-0.102024,0.118389,0.134435,0.225544,-0.013224,-0.00391549,-0.0059139,-0.00183933,
-0.0624181,0.207244,0.108706,0.367963,-0.00266004,-0.000519247,-0.00234788,0.00291433,
-0.123049,0.218873,0.0689415,0.385581,0.00813063,-0.00230845,-0.00204347,0.00373315,
-0.104635,0.143437,0.0704976,0.181438,0.019667,0.00384548,-0.000668861,0.00254971,
-0.0672352,0.210775,0.0407726,0.2109,0.0249896,0.00630941,0.00257386,0.00842001,
-0.0921722,0.270321,0.0160076,0.138041,0.0451277,0.010288,0.00504143,0.0148703,
-0.0687924,0.137352,-0.0169454,0.078601,0.0697317,0.0112052,0.0101387,0.0145198,
-0.0459709,0.073491,-0.0191175,0.0193753,0.04564,0.0216057,0.00487198,0.0151344,
-0.0942247,0.048346,-0.0445418,-0.0404379,0.066989,0.0159055,0.0147928,0.0211017,
-0.11059,-0.0172748,-0.0381366,-0.0862927,0.0911488,0.0282563,0.0115676,0.0294923,
-0.0648671,-0.0746837,-0.0977937,-0.159849,0.112887,0.0131622,0.0118645,0.0289229,
-0.0536894,-0.14038,-0.112763,-0.131,0.136716,0.0426686,0.0216306,0.0199029,
-0.0786861,-0.127758,-0.0937126,-0.284017,0.161466,0.0254096,0.0128513,0.0508314,
-0.0522843,-0.276134,-0.188126,-0.232304,0.0879048,0.0323418,0.0340565,0.0562447,
-0.11694,-0.200951,-0.0405344,-0.158788,0.0833435,0.0370015,0.0311814,0.0335424,
-0.0643297,-0.109091,-0.0951836,-0.132162,0.109278,0.0222657,0.0390709,0.0718021,
-0.0841177,-0.225876,-0.0565678,-0.150431,0.089059,0.00681268,0.0330506,0.039414,
-0.152485,-0.144902,-0.0678364,-0.179554,0.156782,0.0229495,0.0284775,0.0312662,
-0.18346,-0.141528,-0.0535308,-0.0540064,0.139295,0.0292375,0.0196178,0.0687828,
-0.0844743,-0.155844,-0.0308111,-0.0379152,0.148485,0.0425682,0.0314549,0.0428451,
-0.173025,-0.0614975,-0.0157018,0.00947773,0.130452,0.0543164,0.047692,0.056886,
-0.129365,-0.0738409,-0.00821227,0.0188573,0.238613,0.045448,0.0485415,0.0466458,
-0.2509,-0.0139152,-0.00352335,0.0451096,0.157554,0.048375,0.0376497,0.0409663,
-0.190472,0.00445142,0.00582428,0.049511,0.185171,0.0372623,0.0355503,0.0560343,
-0.11861,0.026796,0.0112387,0.0352238,0.210889,0.0502261,0.0371801,0.0446943,
-0.221806,0.0241762,0.0173434,0.0345375,0.120136,0.0519362,0.0812246,0.0657044,
-0.269317,0.0465747,0.00721358,0.0577733,0.105527,0.039549,0.051472,0.0936648,
-0.179799,0.0605511,0.0130708,0.0226017,0.0982398,0.0285277,0.0758782,0.0463939,
-0.248774,0.0238671,0.0105083,-0.0162713,0.187419,0.0488011,0.0531693,0.041467,
-0.279251,0.0264743,-0.0021723,-0.0450862,0.196185,0.0460106,0.0568054,0.0333573,
-0.211268,0.00748519,-0.0113353,-0.0541126,0.246679,0.0596394,0.0236327,0.0762656,
-0.174065,-0.0116994,-0.0193173,-0.0389755,0.139516,0.0860576,0.0476563,0.0373759,
-0.215048,-0.0209246,-0.0459955,-0.0448558,0.212685,0.0770697,0.0221443,0.0354836,
-0.298589,-0.0170007,-0.027137,-0.139614,0.233619,0.0618183,0.0165123,0.0563362,
-0.201121,-0.073098,-0.0513379,-0.0665424,0.14917,0.0508136,0.020573,0.0838316,
-0.178478,-0.113831,-0.0489491,-0.241695,0.118428,0.0646938,0.0394108,0.0347104,
-0.337386,-0.113107,-0.0439741,-0.035479,0.269668,0.0432964,0.0609241,0.0435076,
-0.146665,-0.145641,-0.0293063,-0.110588,0.181883,0.0412967,0.0358231,0.0269772,
-0.0709419,-0.151826,-0.069212,-0.0868289,0.21216,0.0878219,0.0499437,0.0131816,
-0.192615,-0.0929046,-0.0681581,-0.094394,0.111944,0.0577587,0.0564137,0.0522176,
-0.184435,-0.077216,-0.0914162,-0.0715143,0.20146,0.0856534,0.0425554,0.0476784,
-0.082681,-0.0694195,-0.0598492,-0.089784,0.062219,0.0596507,0.0226962,0.0640758,
-0.190933,-0.102734,-0.0727372,-0.00740622,0.140804,0.0216645,0.0291335,0.0332949,
-0.195872,-0.0806678,-0.0581839,-0.00842086,0.22584,0.0447934,0.0248953,0.047608,
-0.119898,-0.0817217,-0.0443665,-0.00201616,0.103963,0.0205311,0.0331755,0.0792034,
-0.122061,-0.0347974,-0.0202461,0.00738634,0.0966291,0.0299547,0.0351539,0.0759936,
-0.155616,-0.0282891,-0.0435666,0.0144655,0.103493,0.0499598,0.0204943,0.0323319,
-0.136153,-0.00865702,-0.0135374,0.0103978,0.123141,0.0565581,0.0129287,0.024901,
-0.130468,-0.0048738,-0.0095604,0.00426499,0.191801,0.0238952,0.0207643,0.0274516,
-0.0630341,-0.00129624,-0.0106627,-0.00568043,0.120142,0.0446658,0.0267045,0.0505557,
-0.0933766,0.00392937,-0.00322466,-0.0160171,0.135027,0.0316643,0.010608,0.0365713,
-0.0985755,0.00605043,-0.00384863,-0.0166652,0.170858,0.0258345,0.0131121,0.0226892,
-0.08565,0.00807989,0.00163122,-0.0552263,0.0581601,0.0219947,0.0267479,0.0177771,
-0.102779,0.00788135,0.00281553,-0.0562125,0.0587032,0.0316695,0.00628726,0.0356147,
-0.109778,0.00208027,0.00583116,-0.0385154,0.0948908,0.0302733,0.0110235,0.0148066,
-0.10493,0.00282678,0.00583199,-0.0606052,0.0656994,0.0184713,0.006334,0.0142644,
-0.113212,-0.00472618,0.0024334,-0.0305411,0.0426283,0.0158059,0.00996197,0.0147902,
-0.0515992,-0.00995238,0.00482876,-0.04037,0.0435114,0.0222002,0.00297724,0.00652345,
-0.058699,-0.0199794,0.00348568,-0.0635143,0.0321498,0.00733227,0.00904024,0.0207098,
-0.0672163,-0.0207007,0.000310931,-0.0398327,0.024117,0.0153794,0.00422286,0.00918445,
-0.0293617,-0.02287,-0.00027418,-0.0254331,0.0243487,0.00713999,0.000837965,0.00661604,
-0.0259153,-0.026182,-0.00361883,-0.0138204,0.00942697,0.0011484,-3.80755e-06,0.0081761,
-0.00651322,-0.0192287,0.000340268,-0.0122253,0.00411478,-0.00148434,-0.00125039,0.00183733,
0.00680284,-0.0179996,-0.00217068,0.00133819,-0.00491781,-0.00446968,-0.005241,-0.00163522,
0.0202241,-0.32477,-0.00319803,0.135666,-0.0270178,-0.00433036,-0.00820971,-0.00385826,
0.0272577,-0.328834,-0.00182837,-0.31591,-0.0199934,-0.0086563,-0.00995482,-0.00657715,
0.0203396,-0.310927,-0.000735973,-0.55097,-0.0388221,-0.0136877,-0.00768457,-0.00578551,
0.0554482,-0.531036,0.0015996,-0.733227,-0.0729037,-0.0151163,-0.0173655,-0.0152179,
0.0676899,-0.428105,0.00465112,-0.715794,-0.0722945,-0.023867,-0.011056,-0.010665,
0.0664845,-0.836003,-0.167247,-1.18699,-0.0644706,-0.028324,-0.0206149,-0.0234889,
0.0571467,-0.636884,-0.168241,-0.585143,-0.114329,-0.0183876,-0.0153521,-0.017263,
0.0949136,-0.570808,-0.297417,-1.0081,-0.132361,-0.0134168,-0.012657,-0.0367605,
0.0999475,-1.04748,-0.160682,-1.10028,-0.12447,-0.0231125,-0.0165964,-0.0225856,
0.0987541,-0.953688,-0.281655,-1.80085,-0.109324,-0.0256325,-0.013928,-0.0243089,
0.102624,-1.22941,-0.418195,-1.96908,-0.137867,-0.0404384,-0.0193903,-0.0184016,
0.170014,-0.811023,-0.231427,-1.55021,-0.0737961,-0.047084,-0.0219345,-0.040362,
0.155818,-0.942352,-0.266841,-1.97497,-0.1359,-0.044361,-0.0135351,-0.058693,
0.139007,-1.15188,-0.624513,-1.17353,-0.0982649,-0.0301403,-0.030547,-0.0196295,
0.103622,-0.787894,-0.434496,-1.45802,-0.146365,-0.0350639,-0.0217741,-0.02735,
0.144519,-0.520324,-0.87308,-3.23104,-0.0917909,-0.032505,-0.0333455,-0.0485126,
0.194367,-1.67897,-0.385849,-2.52632,-0.0564098,-0.0474529,-0.0263812,-0.0461739,
-0.870337,-1.8404,-0.138713,-1.7657,-0.137046,-0.0521678,-0.0299556,-0.071816,
-0.757267,-1.87773,-0.664829,-3.64103,-0.195391,-0.0282031,-0.0162268,-0.0295726,
-1.0064,-1.75007,-0.480253,-3.01976,-0.211532,-0.0369199,-0.0248902,-0.0718361,
-1.19463,-1.19044,-0.60406,-2.22797,-0.143244,-0.0466475,-0.042865,-0.0433764,
-1.37232,-0.672677,-0.246667,-2.00351,-0.218129,-0.0475323,-0.0176334,-0.0895988,
-1.08775,-0.862235,-0.600164,-2.10193,-0.0729979,-0.0400811,-0.028507,-0.0429893,
-1.83384,-1.90132,-0.325502,-1.78535,-0.258073,-0.0483095,-0.0343813,-0.0609177,
-0.84037,-1.22328,-0.666272,-2.13087,-0.200204,-0.0442178,-0.0200556,-0.044464,
-1.54135,-1.10986,-0.370437,-3.59561,-0.169613,-0.0544395,-0.0300161,-0.038344,
-1.2705,-1.32657,-0.433723,-2.65869,-0.164046,-0.0431352,-0.0237441,-0.0321677,
-1.32313,-1.34844,-0.924739,-2.06028,-0.125771,-0.0612554,-0.026371,-0.0682935,
-1.3608,-1.6396,-0.543678,-3.16311,-0.128892,-0.04175,-0.0418553,-0.0485486,
-1.09495,-1.66691,-0.491683,-1.69256,-0.191758,-0.0570426,-0.022929,-0.0520763,
-1.3524,-1.37811,-0.632306,-2.52586,-0.233828,-0.0704619,-0.0523982,-0.0532855,
-1.13723,-1.66346,-0.600991,-2.43239,-0.167151,-0.0561,-0.0283308,-0.0566829,
-1.07596,-1.69081,-0.579234,-2.6873,-0.169889,-0.0356863,-0.00629448,-0.0999643,
-0.886066,-1.43874,-0.582421,-3.62329,-0.220201,-0.0394472,-0.0289232,-0.0370119,
-1.31063,-1.37914,-0.862596,-1.66859,-0.15564,-0.0434154,-0.0487741,-0.0260293,
-1.0872,-1.07366,-0.75225,-4.20275,-0.207224,-0.0244232,-0.0254357,-0.0379802,
-0.837749,-1.05575,-0.603642,-2.80823,-0.116364,-0.0393689,-0.039791,-0.0311131,
-1.10803,-1.03975,-0.500673,-2.82367,-0.192564,-0.0485075,-0.0376713,-0.0476362,
-0.716048,-1.59775,-0.45456,-2.18517,-0.172955,-0.0365057,-0.0144896,-0.039189,
-0.742851,-0.844869,-0.332818,-1.84637,-0.190458,-0.0297519,-0.0477019,-0.0442285,
-0.278888,-1.16249,-0.577805,-3.00483,-0.17455,-0.0242093,-0.0360478,-0.045416,
-0.156888,-1.17734,-0.318211,-3.79398,-0.190893,-0.0297677,-0.034125,-0.0455639,
-0.00205807,-0.653546,-0.444527,-2.48373,-0.152921,-0.0597796,-0.0235049,-0.0804453,
0.109721,-1.55822,-0.279651,-1.90604,-0.17614,-0.0246258,-0.0234633,-0.0410279,
0.365612,-0.89809,-0.386865,-1.51287,-0.111594,-0.0398369,-0.02503,-0.0367449,
0.212829,-0.83161,-0.537228,-2.11211,-0.115281,-0.0316005,-0.0309114,-0.0432002,
0.221159,-0.999973,-0.497402,-1.64638,-0.170678,-0.0474697,-0.0209184,-0.0214428,
0.581578,-0.805156,-0.271609,-3.13432,-0.133004,-0.041452,-0.0434841,-0.033392,
0.360668,-1.3863,-0.265171,-3.08275,-0.121614,-0.0175734,-0.0268426,-0.0610139,
0.429769,-1.10084,-0.186389,-1.38261,-0.0710435,-0.0337099,-0.00908299,-0.019739,
0.708457,-0.812791,-0.181535,-1.23677,-0.0698079,-0.0247301,-0.0442955,-0.0460447,
0.241127,-0.785468,-0.344014,-1.47811,-0.122815,-0.0246232,-0.0163838,-0.044038,
0.328501,-0.758551,-0.185751,-1.5403,-0.109299,-0.0237038,-0.0168556,-0.00695915,
0.614737,-0.747028,-0.158787,-1.03742,-0.11703,-0.0137798,-0.0327887,-0.017715,
0.27268,-0.637882,-0.0862672,-0.734142,-0.0630535,-0.0268629,-0.0101236,-0.0293133,
0.354826,-0.733342,-0.045997,-0.410292,-0.0520001,-0.0202119,-0.0109108,-0.011049,
0.134136,-0.605761,0.00664215,-0.613733,-0.0470784,-0.0150719,-0.0202425,-0.0115979,
0.183653,-0.267604,0.0521289,-0.595044,-0.0383956,-0.0187803,-0.00856801,-0.0074614,
0.0510915,-0.289722,0.0568602,-0.364835,-0.0327701,-0.0137457,-0.0122686,-0.00782325,
-0.0273916,-0.209524,0.0904,-0.183131,-0.0250597,-0.0117714,-0.0173895,-0.00383735,
-0.0757243,-0.10386,0.0629033,-0.167032,-0.0180891,-0.00489148,-0.00533961,-0.00294437,
-0.243981,-0.00618565,0.191618,0.0391326,-0.00820205,-0.00601475,-0.00982404,-0.000846621,
-0.115156,0.100915,0.0948774,0.158619,-0.00156997,-0.00111217,-0.00412705,0.00023628,
-0.242804,0.134802,0.0451823,0.255473,0.0114048,0.000227293,-0.00135935,0.00647159,
-0.244067,0.135856,0.121936,0.1808,0.0176396,0.0043675,0.00141715,0.00336416,
-0.177512,0.202824,0.1448,0.207085,0.0455893,0.00176852,0.0079268,0.017235,
-0.112559,0.217821,0.0705697,0.300599,0.0492976,0.0110069,0.0043674,0.011732,
-0.439475,0.200272,0.094721,0.186265,0.0511455,0.0187149,-0.000561244,0.0126975,
-0.160208,0.168348,0.0482983,0.234714,0.0508277,0.00997943,0.00688495,0.0145597,
-0.310115,0.18474,0.0126795,0.206308,0.103361,0.0240794,0.0117795,0.0273597,
-0.286183,0.0809541,-0.0293246,0.0760158,0.0704292,0.0266982,0.00940807,0.0241514,
-0.0511835,0.0877947,-0.0223996,0.0268163,0.0565793,0.0167596,0.00765195,0.0108828,
-0.102343,0.0500419,-0.0498411,-0.0230802,0.0951911,0.0347504,0.0184115,0.0240173,
-0.14107,0.0131836,-0.039097,-0.11318,0.0452444,0.0360749,0.0235687,0.0275191,
-0.0622423,-0.0479213,-0.0955926,-0.143759,0.112941,0.0284145,0.0104643,0.0262394,
-0.0362417,-0.181762,-0.108863,-0.29642,0.061942,0.0349738,0.0208189,0.0283669,
-0.047449,-0.170443,-0.120407,-0.196208,0.0838791,0.035064,0.0229011,0.0603392,
-0.0358141,-0.153648,-0.100125,-0.24923,0.22851,0.0449049,0.0157022,0.0478104,
-0.0359968,-0.185236,-0.134329,-0.201303,0.102303,0.0707399,0.0390024,0.051855,
-0.0397616,-0.293504,-0.111686,-0.11733,0.155028,0.038761,0.0188208,0.0487531,
-0.0573722,-0.203948,-0.122141,-0.234215,0.191423,0.0372479,0.0101315,0.0902129,
-0.0638768,-0.16964,-0.0575317,-0.161785,0.126988,0.0284095,0.0292211,0.101876,
-0.085226,-0.154606,-0.0627797,-0.0836363,0.147937,0.0411524,0.0259423,0.0241615,
-0.122816,-0.155179,-0.0353488,-0.0265877,0.121851,0.0619541,0.0307785,0.0349978,
-0.106341,-0.110299,-0.0332856,-0.00237889,0.328486,0.0237285,0.0267833,0.0601479,
-0.255262,-0.0322334,-0.0216289,0.0484606,0.0897996,0.0143574,0.0287226,0.0547929,
-0.222544,-0.0430538,-0.00750387,0.0320986,0.124584,0.0148587,0.0472739,0.0655013,
-0.127563,-0.00279368,-0.000707263,0.0955357,0.160157,0.0215021,0.0268194,0.0633895,
-0.271483,0.0171709,0.0204478,0.0478143,0.317483,0.0659643,0.0559127,0.0676421,
-0.172442,0.0344626,0.0159158,0.0297336,0.20587,0.0293798,0.0440991,0.0537465,
-0.0833227,0.0509969,0.0186072,0.0602188,0.185399,0.0249034,0.0423162,0.0733745,
-0.218257,0.0426032,0.0131963,0.00941894,0.191335,0.0769328,0.0716014,0.0386798,
-0.212232,0.0564837,0.0202066,-0.00326093,0.304048,0.0606895,0.0515721,0.0947186,
-0.257956,0.0376287,0.001725,-0.0149676,0.211961,0.0579609,0.0267168,0.0365714,
-0.115816,0.0222504,-0.00130871,-0.0356664,0.157339,0.033184,0.0257743,0.0504395,
-0.19363,-0.000531604,-0.0146582,-0.0817762,0.112079,0.113563,0.0437674,0.0747919,
-0.424644,-0.0132798,-0.0248317,-0.128851,0.249773,0.0664654,0.0330734,0.0384598,
-0.167828,-0.0790241,-0.0291519,-0.175834,0.273371,0.0587829,0.0334535,0.0869969,
-0.270851,-0.0693573,-0.0575321,-0.132875,0.223346,0.0612709,0.055782,0.0414175,
-0.256997,-0.0857139,-0.0342993,-0.0859757,0.175709,0.062723,0.023929,0.0676968,
-0.165347,-0.133904,-0.0341275,-0.192679,0.15079,0.0434179,0.0424483,0.0281088,
-0.217378,-0.072299,-0.0240387,-0.142783,0.234436,0.0182263,0.0263258,0.0239019,
-0.123339,-0.124867,-0.0580227,-0.0816946,0.128252,0.0551286,0.0706911,0.0400339,
-0.142006,-0.0759091,-0.0998192,-0.147983,0.0934959,0.0367797,0.0216203,0.0915027,
-0.12516,-0.0727224,-0.0638464,-0.0446317,0.100067,0.0729831,0.0299917,0.0712712,
-0.180715,-0.10415,-0.073808,-0.0418915,0.172187,0.0467621,0.0335943,0.020327,
-0.117133,-0.0769818,-0.113206,-0.0154625,0.144483,0.0273716,0.0342796,0.0585078,
-0.0751835,-0.103469,-0.0497125,-0.0153775,0.15048,0.0302591,0.0219641,0.0562989,
-0.0853152,-0.0670673,-0.065999,-0.00175698,0.132527,0.0246417,0.0289958,0.0315816,
-0.0840494,-0.02268,-0.0390561,0.0099738,0.107152,0.0303827,0.0166657,0.0306001,
-0.115762,-0.0278798,-0.0278458,0.0110748,0.122202,0.0289452,0.0249428,0.0356706,
-0.0844595,-0.00609027,-0.0225665,0.0109452,0.103726,0.0441969,0.03502,0.0251392,
-0.0984567,-0.00615884,-0.0168352,0.00753579,0.0728049,0.0263985,0.0205247,0.0448623,
-0.0638567,0.01444,-0.00531342,0.00375031,0.110394,0.0333261,0.0344105,0.0290356,
-0.103205,0.0233348,0.00192687,-0.00416144,0.0972873,0.0210776,0.0176667,0.0319401,
-0.057055,0.0126274,0.00588293,-0.0254482,0.143138,0.0350036,0.00717677,0.0165703,
-0.0561751,0.0267249,0.0129903,-0.027008,0.067096,0.0157516,0.015493,0.0186111,
-0.046696,0.0200617,0.0126986,-0.0418308,0.0983458,0.0161644,0.00861979,0.0206027,
-0.0444533,0.0119536,0.0189722,-0.0291311,0.0721159,0.0126065,0.00645429,0.0126332,
-0.0323545,0.00948901,0.0195666,-0.0310933,0.0485934,0.013309,0.00633516,0.00978183,
-0.0399088,0.00616708,0.00723575,-0.046024,0.0337455,0.000956582,0.000339854,0.0243216,
-0.0186293,0.0014826,0.0093891,-0.0302511,0.0258014,0.00303377,-0.000243569,0.0103424,
-0.0274408,-0.241235,0.0159528,-0.0432154,0.00763933,0.00294568,-0.000790678,0.00486091,
-0.0335453,-0.25794,0.0125699,-0.651696,0.00270181,-0.00184041,-0.00217698,0.00285452,
-0.0109625,-0.348111,0.00733682,-0.427082,-0.0156151,-0.00588627,-0.00537007,5.89649e-05,
0.00444353,-0.262182,0.00607581,-0.495894,-0.0127359,-0.00376153,-0.00442004,-0.00438155,
0.0113559,-0.5499,-0.0373817,-0.732873,-0.0263701,-0.0113389,-0.0129799,-0.00572764,
0.0185332,-0.554155,-0.0963663,-0.719272,-0.0417403,-0.00726346,-0.0160668,-0.0118097,
0.0373516,-0.603864,-0.217082,-0.426216,-0.0489272,-0.0142068,-0.00871738,-0.0054424,
0.0516669,-0.81132,-0.125862,-0.982143,-0.0577697,-0.0181965,-0.0143937,-0.0158582,
0.0773358,-0.707896,-0.201786,-1.10312,-0.0648693,-0.0212135,-0.0131328,-0.0289487,
0.0360381,-0.585843,-0.0952605,-0.951568,-0.0689316,-0.0190945,-0.0115097,-0.0152854,
0.0890784,-1.73314,-0.636528,-1.67778,-0.0979308,-0.0262156,-0.036451,-0.0193963,
0.100888,-1.57803,-0.364811,-1.31554,-0.127664,-0.0224791,-0.0146606,-0.0210163,
0.145537,-1.12036,-0.187299,-2.00396,-0.0604741,-0.0269325,-0.0300165,-0.051808,
0.113339,-1.12387,-0.521774,-2.06634,-0.0999142,-0.0228912,-0.019006,-0.0217373,
0.126889,-1.41902,-0.4254,-3.02903,-0.126319,-0.0268674,-0.0198863,-0.0243759,
0.16628,-1.50561,-0.257996,-3.0146,-0.130904,-0.0273652,-0.023463,-0.0329509,
-0.793359,-1.67693,-0.772403,-1.80675,-0.063299,-0.0172564,-0.0232217,-0.0223573,
-0.800505,-0.946752,-0.31476,-3.42614,-0.166717,-0.032466,-0.0205904,-0.0252301,
-1.50547,-2.05387,-0.751757,-2.40186,-0.209646,-0.0285783,-0.0315279,-0.0225605,
-1.75986,-1.90276,-0.60241,-1.65097,-0.108138,-0.0282732,-0.0370583,-0.0541655,
-1.2714,-1.6515,-0.75982,-2.23611,-0.0921563,-0.0246232,-0.0347355,-0.0402753,
-1.82209,-2.04942,-0.417258,-3.97256,-0.166402,-0.0446934,-0.0296393,-0.0347449,
-1.65679,-1.35519,-0.595293,-3.20319,-0.139662,-0.0489736,-0.0180383,-0.0440279,
-2.00821,-1.3716,-0.348464,-1.90143,-0.0959724,-0.0459701,-0.0254789,-0.0373413,
-2.25214,-1.0394,-0.788244,-2.8938,-0.215045,-0.0240456,-0.0366398,-0.0567846,
-2.26855,-1.07896,-0.653351,-2.43869,-0.141311,-0.0446349,-0.0263185,-0.0332116,
-1.94541,-1.43936,-0.493031,-4.57063,-0.181997,-0.0266181,-0.0497637,-0.0566824,
-1.4723,-1.25978,-0.545784,-3.57525,-0.231503,-0.0469582,-0.0464686,-0.0758824,
-1.4512,-1.44574,-0.709565,-2.0948,-0.139747,-0.0372483,-0.0159782,-0.0480167,
-1.69106,-1.74033,-0.756123,-2.47876,-0.190534,-0.0734053,-0.0572374,-0.0619301,
-2.04728,-1.40423,-0.68915,-3.99884,-0.175978,-0.0414028,-0.0321842,-0.1084,
-1.52295,-1.35728,-0.583228,-2.91765,-0.15688,-0.0447659,-0.0354878,-0.0714848,
-1.73734,-1.58217,-0.581943,-2.09978,-0.124238,-0.0429917,-0.0446902,-0.0253067,
-1.49955,-1.35061,-0.426969,-4.54445,-0.167612,-0.054016,-0.0310306,-0.0635874,
-2.15607,-1.28511,-0.792241,-2.50344,-0.243827,-0.0646287,-0.0424691,-0.0472039,
-1.19395,-1.08217,-0.700918,-1.40843,-0.124177,-0.0451402,-0.0401334,-0.0810142,
-1.51115,-1.20753,-0.340597,-2.30801,-0.14169,-0.0412231,-0.0279117,-0.0800349,
-1.84767,-1.55677,-1.09225,-3.12682,-0.139932,-0.0370127,-0.046289,-0.0428777,
-1.35944,-1.12353,-0.848525,-3.11832,-0.148654,-0.0343039,-0.0264747,-0.0376822,
-1.47238,-1.54037,-0.692446,-2.84865,-0.17247,-0.06065,-0.0308484,-0.0740945,
-1.40185,-1.56462,-0.51702,-2.68345,-0.142723,-0.0200416,-0.0200136,-0.0502568,
-1.0836,-0.970573,-0.667961,-3.133,-0.219256,-0.0282115,-0.0490793,-0.0412987,
-1.09692,-1.60522,-0.740379,-2.73289,-0.186344,-0.0327946,-0.014064,-0.0682903,
-1.8887,-1.5234,-0.485855,-4.78266,-0.13476,-0.0427688,-0.0190954,-0.0349398,
-1.00714,-1.64928,-0.437698,-2.06929,-0.142159,-0.0555506,-0.0236774,-0.0390405,
-0.674928,-1.27277,-0.780524,-1.46539,-0.176565,-0.0294512,-0.0222782,-0.0435309,
-0.658811,-1.71412,-0.500501,-2.01048,-0.141363,-0.019929,-0.0160103,-0.0579515,
-0.266061,-0.961272,-0.724512,-1.96359,-0.12514,-0.0263526,-0.0225617,-0.0834097,
-0.482405,-1.52424,-0.520445,-2.78646,-0.0593724,-0.0292373,-0.0458904,-0.0449233,
-0.222575,-1.43857,-0.539522,-2.53126,-0.13779,-0.0401404,-0.0231095,-0.0658437,
0.109451,-1.1958,-0.470751,-2.13023,-0.119744,-0.0367482,-0.00922331,-0.0122231,
0.230004,-1.07282,-0.554608,-1.61812,-0.0875125,-0.0383435,-0.0289583,-0.0377873,
0.429391,-1.06139,-0.322837,-1.62118,-0.0963691,-0.0230376,-0.0406113,-0.0322427,
0.521971,-1.31755,-0.223697,-2.34595,-0.0713558,-0.0458614,-0.0230313,-0.0220825,
0.460629,-0.791852,-0.345482,-1.79538,-0.130359,-0.0199727,-0.0252742,-0.0314883,
0.555775,-0.888667,-0.423775,-0.977984,-0.0433333,-0.0167327,-0.0338451,-0.0271511,
0.317714,-1.05022,-0.330783,-0.940669,-0.0741591,-0.0347024,-0.0190616,-0.0410093,
0.714414,-0.705779,-0.209237,-1.02888,-0.0776768,-0.0304206,-0.0233509,-0.0147846,
0.887204,-1.09049,-0.12256,-1.50459,-0.0768893,-0.0181695,-0.0289275,-0.0244819,
0.785751,-0.490538,-0.14475,-0.667209,-0.0344666,-0.0189756,-0.0215683,-0.0175293,
0.286462,-0.599087,-0.0930446,-1.01582,-0.0441743,-0.0149161,-0.0114005,-0.0103961,
0.521269,-0.583159,-0.0461056,-0.722966,-0.0404487,-0.00680832,-0.00972003,-0.007092,
0.566803,-0.512242,-0.00687285,-0.541359,-0.0190754,-0.00757205,-0.00715533,-0.00400546,
0.171635,-0.323481,0.0514001,-0.625744,-0.0381004,-0.00493963,-0.00781748,-0.00373733,
0.111048,-0.363359,0.0964888,-0.504336,-0.011208,-0.00489216,-0.00847087,-0.000282337,
-0.00758194,-0.140359,0.0605785,-0.21546,-0.000921235,-0.00241026,-0.00285164,0.000808071,
-0.0928459,-0.0815557,0.0749636,-0.123433,0.00808285,0.000670662,-0.00329386,0.00298849,
-0.103764,-0.00967807,0.109455,0.0364682,0.0111911,0.00561523,0.000601068,0.00743469,
-0.220712,0.0550884,0.176424,0.134144,0.0426243,0.00476989,0.000164082,0.00888114,
-0.261926,0.118962,0.135819,0.272632,0.0203212,0.00572035,0.00207078,0.0117202,
-0.121998,0.156114,0.117901,0.330838,0.0757308,0.0037133,0.0035044,0.0177647,
-0.338882,0.263094,0.100576,0.167357,0.0497742,0.0202523,0.00465511,0.0212697,
-0.144827,0.326021,0.116614,0.309015,0.0491253,0.015411,0.00594889,0.00807532,
-0.206936,0.196147,0.0774586,0.110374,0.0932093,0.0249524,0.0151782,0.0442405,
-0.519512,0.207827,0.0703599,0.161313,0.0686402,0.0192131,0.0122685,0.0468006,
-0.193158,0.123998,0.0114612,0.132777,0.146934,0.0140658,0.0155287,0.0280755,
-0.293739,0.112853,-0.0324417,0.153903,0.0788546,0.0292601,0.0188013,0.0458722,
-0.219303,0.0842415,-0.0436289,0.0293518,0.0883619,0.0296981,0.0186899,0.0431381,
-0.373917,0.024757,-0.0561716,-0.0535824,0.0799739,0.0236696,0.0222963,0.0226454,
-0.18028,-0.0320664,-0.0837191,-0.0940773,0.0799265,0.0222037,0.0455668,0.032216,
-0.155876,-0.0742954,-0.0976358,-0.2818,0.147492,0.0400778,0.0443442,0.0392231,
-0.00398996,-0.145891,-0.20135,-0.162383,0.091091,0.0484983,0.0336025,0.0263206,
-0.0533393,-0.168818,-0.0915363,-0.236623,0.117214,0.0166168,0.0192648,0.0182881,
-0.0290278,-0.0782218,-0.0832531,-0.388443,0.134184,0.0400431,0.0186581,0.0260787,
-0.0253981,-0.263001,-0.0709761,-0.315054,0.183244,0.0608336,0.0407667,0.0470331,
-0.0290791,-0.18658,-0.0431726,-0.209204,0.176163,0.0280627,0.0387115,0.0198797,
-0.0244653,-0.163218,-0.0595931,-0.0954757,0.136313,0.0461149,0.0228347,0.0594218,
-0.0239683,-0.172765,-0.0817976,-0.10845,0.143471,0.050811,0.0281875,0.0519503,
-0.0305993,-0.183178,-0.0719322,-0.110418,0.211148,0.0787571,0.0615494,0.0502406,
-0.0381253,-0.098753,-0.0489664,-0.0486087,0.175756,0.0409031,0.0291428,0.0805962,
-0.056242,-0.0704343,-0.0548068,0.00229869,0.277585,0.049419,0.0467138,0.0668714,
-0.0833497,-0.0448578,-0.0177547,0.0185167,0.206121,0.0514698,0.0206011,0.0705591,
-0.133619,-0.0609701,0.00291653,0.0422942,0.16343,0.0681204,0.0269265,0.0389553,
-0.12432,-0.0265389,0.00504775,0.0517793,0.119668,0.0378947,0.0670651,0.0436901,
-0.105773,0.0174457,0.0138851,0.0347192,0.179526,0.0456083,0.0749574,0.0800372,
-0.211783,0.0319316,0.0180242,0.0648196,0.174943,0.0573002,0.0241187,0.0567437,
-0.269999,0.0436653,0.0277284,0.0318781,0.165415,0.0658071,0.0453455,0.0605137,
-0.237161,0.0253029,0.0104379,0.017855,0.212695,0.0425694,0.0308656,0.0780982,
-0.402028,0.0477469,0.0193168,-0.00578627,0.192876,0.0768395,0.031433,0.0268548,
-0.144405,0.016715,-0.000579897,-0.0355024,0.167422,0.0981837,0.0506066,0.0473342,
-0.278391,0.0126853,-0.00256044,-0.0620983,0.141083,0.0448927,0.0383368,0.0529299,
-0.208987,0.00304314,-0.0175017,-0.128669,0.189936,0.039183,0.0361609,0.0505737,
-0.273024,-0.0160425,-0.016813,-0.092049,0.219148,0.0481743,0.026904,0.0221883,
-0.26444,-0.046433,-0.027514,-0.131397,0.142988,0.0530032,0.0320475,0.0128875,
-0.277469,-0.0410625,-0.0258264,-0.162404,0.0752,0.0366915,0.0436432,0.0580177,
-0.201941,-0.0465655,-0.0445968,-0.141356,0.0900886,0.0289853,0.0494319,0.0339058,
-0.106648,-0.0773064,-0.0780571,-0.112702,0.18788,0.0421258,0.0234675,0.0344516,
-0.189191,-0.0439816,-0.0679587,-0.0833962,0.228424,0.0369634,0.0239844,0.0421143,
-0.220776,-0.103889,-0.0858858,-0.0745537,0.142835,0.0955938,0.0247977,0.0692604,
-0.124197,-0.0915783,-0.087463,-0.0978522,0.070698,0.0356558,0.0396182,0.0715859,
-0.210492,-0.0361106,-0.0403049,-0.0882043,0.127362,0.0232345,0.0363237,0.0331756,
-0.0632175,-0.0673551,-0.0990541,-0.0375866,0.0723948,0.0523051,0.016384,0.0333909,
-0.130812,-0.079536,-0.0920545,-0.015079,0.199822,0.0331408,0.022537,0.0261237,
-0.166949,-0.0459404,-0.0477327,-0.00790369,0.096408,0.0396399,0.0141084,0.0550551,
-0.0832841,-0.0730726,-0.0137086,0.0101695,0.108815,0.010374,0.0211442,0.0408521,
-0.0558437,-0.0415627,-0.0419018,0.0120419,0.0820652,0.030488,0.0124693,0.0326343,
-0.053829,-0.0191175,-0.0124262,0.0245668,0.0743443,0.0217208,0.0283123,0.0257873,
-0.0337829,-0.00656137,-0.0136633,0.0226927,0.116937,0.0215176,0.00391245,0.0339769,
-0.0429919,-0.00380873,-0.00254518,0.0189034,0.0689322,0.02826,0.011922,0.0439336,
-0.0256358,0.0151525,0.0050908,0.0131746,0.0449185,0.0273351,0.0198987,0.0232453,
-0.0260561,0.015313,0.00918921,0.00140997,0.0942435,0.0274956,0.00662996,0.0214356,
-0.0323486,0.0210098,0.00827085,-0.00438599,0.035952,0.0160794,0.00599624,0.0227951,
-0.0181785,-0.274816,0.0212399,-0.0147353,0.0307737,0.00675535,0.00425153,0.018752,
-0.0306657,-0.284147,0.0122733,-0.294185,0.0148139,0.0113103,0.00501322,0.0143785,
-0.00949424,-0.57467,0.0173148,-0.37603,0.010352,0.00299135,-0.000506528,0.00486397,
-0.00721362,-0.460579,0.017506,-0.502029,0.0118005,-0.00026511,-0.00190212,0.00293496,
0.000325589,-0.535326,-0.050918,-0.624164,-0.0039797,-0.000962065,-0.00435428,0.0028065,
-0.00378761,-0.288813,-0.176836,-1.24464,-0.0119775,-0.00399656,-0.0053395,0.000589382,
0.00644579,-0.945237,-0.287199,-0.798643,-0.016888,-0.00831146,-0.0100533,-0.00217545,
0.00718679,-0.992994,-0.152562,-1.01174,-0.0289552,-0.00685696,-0.00857173,-0.00926897,
0.0201298,-0.987465,-0.245748,-0.730236,-0.028533,-0.00877376,-0.0126615,-0.0165311,
0.0152129,-1.69633,-0.270874,-1.36251,-0.032499,-0.0156377,-0.00999192,-0.00782666,
0.0505797,-0.844042,-0.539807,-1.98798,-0.046121,-0.0189962,-0.0187309,-0.0202336,
0.038207,-1.37396,-0.665723,-2.2062,-0.0872066,-0.0151979,-0.0206686,-0.0286594,
0.0696978,-0.85434,-0.221292,-2.52423,-0.106529,-0.021602,-0.0195537,-0.0189661,
0.0664936,-0.575122,-0.309059,-1.55396,-0.0761394,-0.0206118,-0.0159752,-0.036052,
0.0670874,-0.128558,-0.658184,-2.0087,-0.0895976,-0.0214585,-0.0127452,-0.023495,
-1.01173,-1.10599,-0.775963,-2.94439,-0.0892641,-0.0259696,-0.0201425,-0.0164636,
-0.984176,-0.877282,-0.198921,-2.09363,-0.106206,-0.0422494,-0.0163488,-0.0366668,
-0.823588,-1.41037,-0.579003,-3.43143,-0.111849,-0.0339048,-0.0174367,-0.0224362,
-1.21776,-1.52372,-1.17842,-2.91161,-0.119858,-0.0234546,-0.0147098,-0.0438255,
-1.51219,-1.43545,-0.509814,-3.2302,-0.130414,-0.0217328,-0.0252661,-0.0337547,
-1.31313,-1.90155,-0.561678,-3.00859,-0.0706109,-0.0330955,-0.0200759,-0.043982,
-1.78575,-2.39797,-0.718244,-3.87416,-0.0973231,-0.0382123,-0.0277726,-0.0241546,
-1.8362,-1.83115,-0.519695,-2.49077,-0.137121,-0.0296114,-0.028773,-0.0349126,
-1.55339,-1.96306,-0.681968,-2.83043,-0.0883642,-0.0528853,-0.0289896,-0.0319714,
-2.01539,-1.5334,-0.913492,-2.48614,-0.152022,-0.0513427,-0.0156762,-0.0551925,
-2.01489,-1.26801,-0.417858,-2.34364,-0.173161,-0.03988,-0.0252202,-0.0504216,
-2.54309,-1.35041,-0.672888,-3.6581,-0.163891,-0.0508605,-0.0298752,-0.0376081,
-1.40157,-1.58095,-0.633845,-2.71417,-0.105387,-0.0405255,-0.0454831,-0.0987005,
-2.24591,-1.05672,-0.956286,-4.98127,-0.149832,-0.0475133,-0.0146809,-0.0536536,
-3.30693,-0.974874,-0.852421,-2.47057,-0.162113,-0.0426724,-0.0323993,-0.0991549,
-1.81032,-1.33975,-0.94895,-3.09184,-0.132278,-0.0336073,-0.0324524,-0.0761098,
-2.99003,-1.51397,-0.755423,-2.83264,-0.0795898,-0.0592857,-0.0144922,-0.0368481,
-1.45402,-1.18566,-0.759931,-2.37708,-0.182676,-0.039605,-0.0261929,-0.0646421,
-2.23627,-2.06846,-0.902728,-1.22001,-0.245864,-0.0778112,-0.0326302,-0.0872503,
-2.14286,-1.39149,-0.745933,-3.51907,-0.167392,-0.0488023,-0.0441827,-0.0281724,
-2.77063,-1.68964,-0.928827,-2.68952,-0.207045,-0.0212892,-0.0176331,-0.0790992,
-3.42509,-1.66828,-0.873793,-3.00289,-0.198832,-0.0510092,-0.028885,-0.0901944,
-2.70522,-1.44715,-0.590763,-2.3632,-0.209254,-0.0407645,-0.0347735,-0.0588231,
-2.35156,-1.84739,-0.791114,-2.77248,-0.232463,-0.0579756,-0.0112114,-0.0505135,
-1.42827,-0.995884,-0.790124,-4.57032,-0.096126,-0.0701708,-0.0205665,-0.0641277,
-2.06218,-1.45484,-1.22755,-2.19923,-0.161175,-0.0578583,-0.0445609,-0.0691269,
-1.88822,-1.23623,-0.727899,-3.76051,-0.188503,-0.043425,-0.0193259,-0.0639897,
-2.60523,-1.86418,-0.921694,-3.74853,-0.156306,-0.0373428,-0.0270248,-0.0347273,
-2.08966,-1.49714,-0.52187,-1.97519,-0.202611,-0.0671776,-0.0303672,-0.0540285,
-1.92174,-1.18181,-1.06997,-4.22301,-0.114317,-0.0377676,-0.022425,-0.0558196,
-2.01267,-1.52295,-0.752673,-1.85579,-0.179112,-0.0527351,-0.0233738,-0.0433108,
-2.35984,-1.20656,-0.879791,-3.26204,-0.171382,-0.0589866,-0.0298149,-0.0684833,
-1.79094,-1.2387,-0.74568,-2.96128,-0.127664,-0.024429,-0.0308383,-0.0686012,
-2.00421,-1.18015,-0.615475,-2.01995,-0.0999695,-0.0553485,-0.0184122,-0.0400729,
-1.67017,-1.37267,-0.701369,-1.36478,-0.129543,-0.0468922,-0.0253658,-0.0520441,
-1.70957,-1.12665,-0.734217,-2.91946,-0.164453,-0.043165,-0.0363491,-0.0270887,
-0.929966,-1.25337,-0.496553,-2.71646,-0.119836,-0.0359249,-0.028611,-0.0683495,
-1.20921,-0.92722,-0.727354,-3.57149,-0.106158,-0.0398401,-0.0311715,-0.0331012,
-0.629241,-1.07215,-0.505195,-1.81367,-0.0628637,-0.0256051,-0.0158839,-0.0636695,
-0.54535,-1.15595,-0.422336,-2.10228,-0.0933874,-0.0271573,-0.0334117,-0.034674,
-0.703123,-0.924946,-0.419104,-2.36818,-0.133145,-0.0370269,-0.0292993,-0.0290216,
-0.0765294,-1.68447,-0.29722,-2.56838,-0.06945,-0.025686,-0.0305015,-0.0358886,
0.198157,-0.861845,-0.277332,-2.84957,-0.0526217,-0.0201167,-0.0170221,-0.0319014,
0.280425,-0.688071,-0.45461,-1.49605,-0.0708047,-0.0228384,-0.0199117,-0.0196058,
0.328968,-1.12748,-0.347416,-2.06282,-0.0671139,-0.0212819,-0.0165534,-0.0191343,
0.524426,-1.35715,-0.279365,-1.39905,-0.146759,-0.0254685,-0.011503,-0.029022,
0.690407,-0.56677,-0.431413,-1.82477,-0.018323,-0.0168043,-0.0137463,-0.0146959,
0.826221,-1.13226,-0.263683,-1.88235,-0.0708283,-0.014914,-0.0225048,-0.023833,
0.602385,-1.08541,-0.199717,-1.03988,-0.0275652,-0.0117556,-0.0196601,-0.0106662,
0.346248,-0.706416,-0.101188,-0.751126,-0.046987,-0.0131091,-0.0166327,-0.00780289,
0.450574,-0.724327,-0.134996,-0.813063,-0.0158003,-0.0126276,-0.00730841,-0.0072474,
0.378916,-0.491754,-0.113685,-0.538025,-0.0267617,-0.00686475,-0.00637373,-0.00537003,
0.575946,-0.359566,-0.0524515,-0.563986,-0.00795059,-0.00416948,-0.0061821,-0.00015161,
0.324483,-0.39169,0.0737692,-0.472032,-0.00415397,-0.00183042,-0.00320556,0.00129315,
-0.0789338,-0.363011,0.0475886,-0.391994,0.00789768,0.000742315,-0.00153991,0.00565868,
0.14793,-0.169645,0.104771,-0.349072,0.0232066,0.00527751,0.001789,0.0100883,
0.153184,-0.127638,0.0735947,-0.23008,0.0324103,0.00561335,0.00537425,0.0117348,
-0.0991373,-0.0913255,0.0856321,-0.0717341,0.0253943,0.00470603,0.00665165,0.0156324,
-0.164676,-0.00387476,0.124902,0.0841299,0.0621727,0.0110777,0.0063196,0.0216182,
-0.342361,0.0840227,0.121242,0.145177,0.0606364,0.00942097,0.00366526,0.0202421,
-0.268724,0.118059,0.125375,0.0866173,0.0602059,0.0221397,0.0150324,0.0170896,
-0.324412,0.129068,0.0834444,0.22173,0.0994132,0.0351374,0.00402251,0.0394364,
-0.391464,0.199589,0.126736,0.312634,0.0578289,0.0109926,0.0106573,0.0317096,
-0.559139,0.195981,0.0851729,0.183352,0.122857,0.0469817,0.00636677,0.0266474,
-0.363122,0.21784,0.0726298,0.289078,0.113546,0.0357954,0.015408,0.046587,
-0.488751,0.170924,0.0314868,0.147531,0.114611,0.0287089,0.0186577,0.0190312,
-0.401308,0.0834899,0.0382768,0.141343,0.117743,0.0336108,0.0229631,0.0511725,
-0.38315,0.0889119,-0.0634693,0.0634282,0.124792,0.0396255,0.0206442,0.0172154,
-0.632166,0.0541679,0.00655985,-0.0108353,0.117687,0.0587834,0.0455946,0.0898549,
-0.401646,0.00745178,-0.0461479,-0.0599669,0.119114,0.0272892,0.0102091,0.0228495,
-0.291342,-0.0366257,-0.0642107,-0.181942,0.127622,0.0672361,0.0260693,0.0344496,
-0.248888,-0.0845792,-0.14267,-0.187991,0.0726914,0.0277616,0.0288,0.0389813,
-0.137702,-0.142889,-0.126112,-0.119863,0.223933,0.0257199,0.0255796,0.0395333,
-0.111626,-0.202421,-0.235685,-0.188898,0.166181,0.0444941,0.0386249,0.0313217,
-0.0965985,-0.089521,-0.148842,-0.41423,0.149422,0.0583586,0.0566587,0.0435062,
-0.0726969,-0.180508,-0.116765,-0.181597,0.171546,0.018875,0.0240164,0.0506855,
-0.0344336,-0.191802,-0.10861,-0.121371,0.123753,0.0593772,0.0481986,0.0334525,
-0.00390161,-0.100714,-0.125972,-0.0847888,0.213583,0.0628886,0.0293357,0.0549696,
-0.00736575,-0.130239,-0.0823262,-0.0905468,0.205426,0.0186842,0.052128,0.0483329,
-0.0200075,-0.150308,-0.0789122,-0.0853381,0.153531,0.0227052,0.0497302,0.0655346,
0.00144395,-0.111364,-0.0402332,-0.0303129,0.157769,0.0425963,0.0294158,0.070783,
-0.0137915,-0.0459786,-0.0214481,-0.00347863,0.0587746,0.0761159,0.0225684,0.0405522,
-0.0639947,0.000828275,-0.0099073,0.0186412,0.241018,0.0686795,0.0161471,0.100413,
-0.0778339,-0.0379848,0.00423791,0.0558509,0.090069,0.038207,0.0135515,0.053397,
-0.138358,-0.0250289,0.017069,0.0625468,0.166428,0.0356661,0.0594219,0.0199288,
-0.0997891,0.0136528,0.0287236,0.0686675,0.171325,0.0549667,0.0532588,0.0601293,
-0.150079,0.0153292,0.0158324,0.0833129,0.154395,0.0439121,0.0430731,0.0155075,
-0.20348,0.0193168,0.0280702,0.0261559,0.219798,0.0258502,0.0368137,0.0612407,
-0.10977,0.032406,0.0152942,0.00827854,0.248376,0.0869821,0.0339832,0.0798998,
-0.160196,0.0248547,0.019728,-0.0148493,0.147246,0.0494141,0.0321606,0.0368619,
-0.174254,0.0142245,0.0172841,-0.0639474,0.130696,0.0219893,0.0535518,0.0382118,
-0.0862995,0.00367166,-0.0126789,-0.0416094,0.169781,0.0242204,0.0503734,0.0601796,
-0.347771,-0.00860085,-0.00720906,-0.054686,0.289652,0.0390529,0.0220261,0.100005,
-0.312971,-0.0257369,-0.0207317,-0.0864014,0.125245,0.0449459,0.0397752,0.028919,
-0.125978,-0.0515704,-0.0562142,-0.10015,0.224346,0.0647688,0.0248398,0.079331,
-0.275073,-0.019359,-0.0124541,-0.194212,0.152631,0.0681431,0.0349663,0.041151,
-0.216262,-0.0500315,-0.0524442,-0.0642027,0.126437,0.0433884,0.0387106,0.0760156,
-0.242266,-0.105187,-0.0703727,-0.146716,0.20578,0.0324448,0.0153293,0.0557779,
-0.0801606,-0.107496,-0.103214,-0.115974,0.16775,0.0422628,0.0347289,0.0438804,
-0.210015,-0.0824518,-0.0806573,-0.174133,0.101061,0.0428618,0.00979475,0.0480424,
-0.114636,-0.14151,-0.0694856,-0.0509768,0.118977,0.0284979,0.0254101,0.0390784,
-0.166644,-0.0569405,-0.0584157,-0.0870603,0.167527,0.0171209,0.0152997,0.0265035,
-0.148958,-0.0913404,-0.0220489,-0.027397,0.0979275,0.023935,0.0205801,0.0351507,
-0.0540462,-0.10463,-0.0608266,-0.0109543,0.131603,0.0173659,0.00974752,0.00950076,
-0.0522734,-0.0345297,-0.0316148,0.00353519,0.134397,0.0166889,0.00970323,0.0238962,
-0.0702075,-0.0332891,-0.0263749,0.0208739,0.125412,0.019104,0.0166036,0.0259063,
-0.0388162,-0.0188598,-0.0188987,0.031554,0.0580374,0.0285345,0.00818461,0.0466198,
-0.0244019,-0.00578571,-0.00751157,0.0206237,0.0821465,0.0286964,0.00547935,0.0340445,
-0.00780172,-0.280574,-0.0023254,-0.203619,0.0666744,0.0193627,0.012409,0.0304482,
0.00998807,-0.510482,0.00892511,-0.400511,0.0447021,0.00527766,0.00548687,0.00530827,
-0.000861351,-0.394961,0.0184979,-0.545863,0.0724186,0.00511897,0.00574069,0.0149525,
0.0169832,-0.21954,0.0128078,-0.537963,0.0457422,0.00506999,0.0061386,0.0146017,
0.0350489,-0.424531,-0.165556,-0.496433,0.0195078,0.00327243,-0.00430886,0.00489555,
0.00566156,-0.371457,-0.171179,-0.777259,0.0200716,0.0016242,0.000752148,0.00609323,
0.0128142,-0.579189,-0.16295,-1.43625,0.00711087,-0.00269085,-0.00294305,0.00225408,
0.0179566,-0.855368,-0.149479,-0.512121,-0.00826153,-0.00285333,-0.00646869,-0.00135999,
0.0133004,-1.04813,-0.327593,-0.841345,-0.0207782,-0.00631733,-0.00558761,-0.00271035,
0.021173,-0.644665,-0.415881,-1.31383,-0.0340236,-0.00869003,-0.00710728,-0.00813846,
0.0254635,-1.11956,-0.306591,-1.53617,-0.0298391,-0.00880288,-0.00922836,-0.0194528,
0.0182298,-1.08392,-0.184165,-1.28883,-0.0499202,-0.0128837,-0.0126499,-0.00972683,
0.0442378,-1.19989,-0.344453,-1.66965,-0.0619387,-0.0163484,-0.0196632,-0.00982807,
0.0378602,-2.01118,-0.293911,-1.3741,-0.102089,-0.0332197,-0.0206604,-0.0177941,
-0.903643,-1.35606,-0.509365,-1.92041,-0.0628398,-0.0141205,-0.0153964,-0.0222884,
-1.45025,-0.927953,-0.693302,-2.83849,-0.0571873,-0.014718,-0.0208791,-0.0097049,
-0.965144,-1.48357,-0.779079,-2.67767,-0.0507523,-0.0239035,-0.0188655,-0.0327845,
-1.67877,-0.852864,-0.381725,-1.64821,-0.126267,-0.0122972,-0.0292249,-0.0461491,
-1.73779,-1.40638,-0.445208,-3.01195,-0.0717069,-0.0179735,-0.0271079,-0.0325514,
-1.47326,-1.69415,-0.306989,-2.10256,-0.101607,-0.0240385,-0.0139545,-0.0418537,
-1.64553,-2.09054,-1.28454,-1.63264,-0.103701,-0.0223077,-0.0214406,-0.0399892,
-2.42297,-1.52133,-0.827049,-3.77979,-0.120485,-0.0363849,-0.0386656,-0.0342538,
-1.54344,-1.61302,-0.807157,-1.19026,-0.170834,-0.0295331,-0.0413649,-0.0573321,
-1.96102,-1.29626,-0.730257,-2.63319,-0.0971209,-0.0250123,-0.0205441,-0.0263148,
-2.18507,-2.48706,-0.695742,-3.17152,-0.1603,-0.0513496,-0.0462781,-0.0526244,
-2.18784,-1.1971,-0.723015,-2.65946,-0.0907594,-0.0379054,-0.0512439,-0.0662632,
-1.466,-1.57482,-1.14035,-2.63207,-0.187884,-0.0222303,-0.0322861,-0.0150617,
-3.37123,-1.81355,-1.49296,-3.82646,-0.165307,-0.0396043,-0.0231302,-0.020819,
-2.6582,-2.41772,-0.671238,-1.95966,-0.273818,-0.0347709,-0.0181723,-0.0391162,
-2.48003,-1.58235,-0.728464,-3.97855,-0.166031,-0.0608223,-0.0555655,-0.0382916,
-2.63869,-1.01361,-0.902474,-3.3579,-0.148912,-0.0521386,-0.0350309,-0.0277807,
-1.97395,-1.44493,-0.795988,-1.51857,-0.261212,-0.0472225,-0.0656621,-0.0375331,
-2.7061,-1.71913,-0.806343,-3.3129,-0.136942,-0.0785275,-0.0216298,-0.0873783,
-2.88158,-1.18821,-0.656155,-4.12206,-0.157841,-0.0666265,-0.0372396,-0.0556849,
-2.51543,-1.47795,-0.416994,-3.48004,-0.138889,-0.0285837,-0.0403247,-0.0550604,
-3.28634,-1.5674,-0.494541,-2.51281,-0.257437,-0.0426367,-0.0173126,-0.0527705,
-2.14115,-2.00847,-0.821023,-3.41355,-0.117348,-0.063958,-0.0242637,-0.0535173,
-3.50166,-1.5721,-0.694934,-2.32282,-0.18212,-0.0453657,-0.0466926,-0.0275578,
-2.18274,-1.25694,-0.56774,-2.95563,-0.160427,-0.0587606,-0.0271114,-0.0576251,
-2.08802,-1.02844,-0.795661,-2.2734,-0.0832902,-0.0433513,-0.0406658,-0.0365465,
-1.9898,-1.93412,-1.00944,-2.4677,-0.168476,-0.0521958,-0.020644,-0.0508263,
-2.96303,-1.56953,-0.638187,-2.56481,-0.273569,-0.06543,-0.0228889,-0.0491628,
-2.35949,-1.77432,-1.03172,-3.55086,-0.147529,-0.0411727,-0.0154213,-0.0529485,
-1.6912,-2.03047,-0.591927,-2.95591,-0.145452,-0.060223,-0.0507023,-0.0479102,
-2.30974,-2.25985,-0.697914,-2.56785,-0.121037,-0.0415227,-0.0344277,-0.106969,
-2.13701,-1.3124,-0.617504,-3.03445,-0.275554,-0.0472821,-0.0414904,-0.0848076,
-1.76658,-1.21965,-0.820726,-1.9892,-0.0825911,-0.0327186,-0.0263916,-0.0493735,
-1.27646,-1.48384,-0.642397,-4.41913,-0.194001,-0.0331586,-0.014712,-0.0297001,
-2.31946,-1.05529,-0.639947,-3.19181,-0.189318,-0.0429963,-0.0339558,-0.0372379,
-2.02252,-1.59408,-0.437973,-3.35751,-0.20895,-0.027237,-0.0203745,-0.028716,
-1.38711,-2.2029,-0.622374,-4.15578,-0.122597,-0.0516161,-0.0239679,-0.0387662,
-2.0869,-1.33172,-0.89091,-3.76832,-0.1425,-0.0557605,-0.0202156,-0.0926876,
-2.15465,-0.96343,-0.453972,-1.0418,-0.109968,-0.0213928,-0.0213488,-0.0693865,
-2.23491,-1.23935,-0.441263,-2.66057,-0.141485,-0.0351235,-0.0138331,-0.0170956,
-1.54112,-1.11623,-0.834149,-1.71752,-0.0866625,-0.0593756,-0.0247949,-0.029149,
-1.36725,-1.25659,-0.374531,-3.14512,-0.121217,-0.0253408,-0.0475208,-0.055653,
-1.70633,-1.02486,-0.556816,-3.99132,-0.102775,-0.0335183,-0.0173718,-0.0437891,
-1.11253,-1.1681,-0.584784,-2.73003,-0.112378,-0.0425132,-0.023998,-0.0435564,
-0.838705,-1.19627,-0.387749,-1.2213,-0.0988264,-0.0469055,-0.0256817,-0.0188,
-0.343627,-1.36514,-0.553027,-1.3821,-0.0905519,-0.020982,-0.0141938,-0.0261932,
-0.715899,-1.15882,-0.394358,-2.91312,-0.0771514,-0.0445798,-0.0149395,-0.0374223,
-0.329208,-0.999877,-0.311215,-1.75823,-0.0643622,-0.0146961,-0.0138609,-0.0220022,
0.173871,-1.00364,-0.429688,-1.66735,-0.0705736,-0.0202687,-0.0214299,-0.0215735,
0.335979,-1.44499,-0.307381,-1.97948,-0.0222032,-0.0261604,-0.0206219,-0.0198094,
0.298346,-0.645905,-0.4461,-1.30518,-0.0295222,-0.0174462,-0.011102,-0.013561,
0.431384,-1.17162,-0.290258,-1.41826,-0.0315007,-0.0230348,-0.0149706,-0.0070845,
0.680737,-0.651521,-0.25289,-1.44851,-0.0739397,-0.0162359,-0.0134394,-0.00659574,
0.745879,-0.918021,-0.262086,-1.62072,-0.0283948,-0.0106002,-0.0104845,-0.00415432,
0.807382,-0.877879,-0.166074,-1.01566,-0.0236633,-0.00612749,-0.00753712,-0.00760457,
0.65571,-0.794717,-0.145061,-1.42135,-0.0120043,-0.00545833,-0.00665299,-0.00229351,
0.672837,-0.433633,-0.137346,-0.847213,0.000622001,-0.00255158,-0.00207234,0.00128585,
0.254152,-0.750437,-0.101374,-0.769783,0.0087674,0.000312642,-0.000426881,0.00199392,
0.441926,-0.473547,-0.0438525,-0.58795,0.0279039,0.00130174,-0.00245869,0.0025057,
0.424403,-0.409133,-0.00388831,-0.543281,0.0136733,0.00632879,0.000305186,0.0157893,
0.238496,-0.32662,0.0416743,-0.203881,0.0505983,0.0127097,0.00700775,0.0141676,
0.0498318,-0.273406,0.0879811,-0.145914,0.0401738,0.0117333,0.0081528,0.0131361,
0.0116358,-0.154646,0.0802536,-0.0976011,0.0642582,0.0213616,0.00950841,0.0130594,
-0.104843,-0.0488157,0.113867,-0.0160832,0.0728254,0.0274268,0.00472673,0.0323228,
-0.168784,0.0359975,0.111554,0.0703619,0.0892525,0.0146521,0.0113974,0.0356059,
-0.329394,0.0931185,0.13273,0.164503,0.0866002,0.0208612,0.00689478,0.0277274,
-0.250816,0.099442,0.091776,0.210425,0.0721354,0.0138383,0.0182692,0.0199086,
-0.15034,0.187073,0.122685,0.33978,0.0944643,0.0429427,0.0183344,0.0378515,
-0.397826,0.137015,0.0953114,0.112858,0.128375,0.0244859,0.023247,0.0453618,
-0.597598,0.196773,0.0692763,0.171278,0.0720686,0.0304518,0.022662,0.0194554,
-0.414229,0.140676,0.0870625,0.153804,0.111975,0.0391194,0.0297411,0.0342799,
-0.312152,0.14069,0.0279179,0.0996331,0.110911,0.0286004,0.00971506,0.068826,
-0.497618,0.0843189,-0.0174587,0.128097,0.10644,0.0447534,0.042431,0.0604501,
-0.160141,0.0808301,-0.0394818,0.0258991,0.152927,0.0758696,0.0199969,0.0507383,
-0.0807126,0.0178087,-0.0646881,-0.037305,0.125144,0.0424791,0.0272811,0.044964,
-0.342635,-0.0228516,-0.0913321,-0.0889157,0.133153,0.0591542,0.0346318,0.0398536,
-0.146545,-0.0661404,-0.136903,-0.164853,0.204122,0.0343129,0.0300319,0.0558539,
-0.0698243,-0.0976164,-0.134928,-0.262876,0.192179,0.0334701,0.028488,0.023204,
-0.121291,-0.185445,-0.159202,-0.250602,0.217579,0.0564857,0.0229189,0.0350061,
-0.108363,-0.0874112,-0.138775,-0.469503,0.206182,0.0362366,0.0374172,0.0740448,
-0.0534938,-0.214002,-0.222912,-0.186767,0.187072,0.0607089,0.0267148,0.0682137,
-0.0285462,-0.243574,-0.125807,-0.168643,0.165628,0.0459186,0.0308711,0.0705189,
-0.0143574,-0.110014,-0.126009,-0.284559,0.22667,0.0734559,0.0188042,0.0685896,
-0.0233533,-0.123877,-0.115181,-0.194218,0.194642,0.0651035,0.0437904,0.0298441,
-0.0211994,-0.113969,-0.0796001,-0.0350794,0.208023,0.0613558,0.0404449,0.064082,
